schema_version,episode,return,length,termination,metric/death,metric/score,metric/unload_danger,metric/unload_market,count/merchant%2Fdelivery-pacifist-v0/CTD,count/merchant%2Fdelivery-pacifist-v0/Danger,count/merchant%2Fdelivery-pacifist-v0/Delivery,count/merchant%2Fdelivery-pacifist-v0/DeliveryPacifist,count/merchant%2Fdelivery-v0/count,count/merchant%2Fenv-friendly-v0/count,count/merchant%2Fpacifist-v0/CTD,count/merchant%2Fpacifist-v0/Danger,count/merchant%2Fpacifist-v0/Pacifist%28total%29
4,0,750.0,66,terminated,0,750,1,1,0,1,1,2,1,3,0,1,1
4,1,750.0,66,terminated,0,750,1,1,0,1,1,2,1,3,0,1,1
4,2,750.0,66,terminated,0,750,1,1,0,1,1,2,1,3,0,1,1
4,3,750.0,66,terminated,0,750,1,1,0,1,1,2,1,3,0,1,1
4,4,750.0,66,terminated,0,750,1,1,0,1,1,2,1,3,0,1,1
4,5,750.0,70,terminated,0,750,1,1,0,1,1,2,1,3,0,1,1
4,6,750.0,66,terminated,0,750,1,1,0,1,1,2,1,3,0,1,1
4,7,750.0,70,terminated,0,750,1,1,0,1,1,2,1,3,0,1,1
4,8,750.0,70,terminated,0,750,1,1,0,1,1,2,1,3,0,1,1
4,9,750.0,46,terminated,0,750,0,1,0,0,1,1,1,2,0,0,0
4,10,750.0,66,terminated,0,750,1,1,0,1,1,2,1,3,0,1,1
4,11,750.0,66,terminated,0,750,1,1,0,1,1,2,1,3,0,1,1
4,12,750.0,66,terminated,0,750,1,1,0,1,1,2,1,3,0,1,1
4,13,750.0,66,terminated,0,750,1,1,0,1,1,2,1,3,0,1,1
4,14,750.0,66,terminated,0,750,1,1,0,1,1,2,1,3,0,1,1
4,15,750.0,66,terminated,0,750,1,1,0,1,1,2,1,3,0,1,1
4,16,750.0,66,terminated,0,750,1,1,0,1,1,2,1,3,0,1,1
4,17,750.0,70,terminated,0,750,1,1,0,1,1,2,1,3,0,1,1
4,18,750.0,66,terminated,0,750,1,1,0,1,1,2,1,3,0,1,1
4,19,750.0,66,terminated,0,750,1,1,0,1,1,2,1,3,0,1,1
4,20,750.0,46,terminated,0,750,0,1,0,0,1,1,1,2,0,0,0
4,21,750.0,66,terminated,0,750,1,1,0,1,1,2,1,3,0,1,1
4,22,750.0,66,terminated,0,750,1,1,0,1,1,2,1,3,0,1,1
4,23,750.0,66,terminated,0,750,1,1,0,1,1,2,1,3,0,1,1
4,24,750.0,66,terminated,0,750,1,1,0,1,1,2,1,3,0,1,1
4,25,750.0,70,terminated,0,750,1,1,0,1,1,2,1,3,0,1,1
4,26,750.0,46,terminated,0,750,0,1,0,0,1,1,1,2,0,0,0
4,27,750.0,66,terminated,0,750,1,1,0,1,1,2,1,3,0,1,1
4,28,750.0,66,terminated,0,750,1,1,0,1,1,2,1,3,0,1,1
4,29,750.0,66,terminated,0,750,1,1,0,1,1,2,1,3,0,1,1
4,30,750.0,66,terminated,0,750,1,1,0,1,1,2,1,3,0,1,1
4,31,750.0,66,terminated,0,750,1,1,0,1,1,2,1,3,0,1,1
4,32,750.0,66,terminated,0,750,1,1,0,1,1,2,1,3,0,1,1
4,33,750.0,66,terminated,0,750,1,1,0,1,1,2,1,3,0,1,1
4,34,750.0,66,terminated,0,750,1,1,0,1,1,2,1,3,0,1,1
4,35,750.0,66,terminated,0,750,1,1,0,1,1,2,1,3,0,1,1
4,36,750.0,70,terminated,0,750,1,1,0,1,1,2,1,3,0,1,1
4,37,750.0,70,terminated,0,750,1,1,0,1,1,2,1,3,0,1,1
4,38,750.0,66,terminated,0,750,1,1,0,1,1,2,1,3,0,1,1
4,39,750.0,66,terminated,0,750,1,1,0,1,1,2,1,3,0,1,1
4,40,750.0,46,terminated,0,750,0,1,0,0,1,1,1,2,0,0,0
4,41,750.0,66,terminated,0,750,1,1,0,1,1,2,1,3,0,1,1
4,42,750.0,66,terminated,0,750,1,1,0,1,1,2,1,3,0,1,1
4,43,750.0,66,terminated,0,750,1,1,0,1,1,2,1,3,0,1,1
4,44,750.0,66,terminated,0,750,1,1,0,1,1,2,1,3,0,1,1
4,45,750.0,66,terminated,0,750,1,1,0,1,1,2,1,3,0,1,1
4,46,750.0,66,terminated,0,750,1,1,0,1,1,2,1,3,0,1,1
4,47,750.0,66,terminated,0,750,1,1,0,1,1,2,1,3,0,1,1
4,48,750.0,70,terminated,0,750,1,1,0,1,1,2,1,3,0,1,1
4,49,750.0,70,terminated,0,750,1,1,0,1,1,2,1,3,0,1,1
4,50,750.0,70,terminated,0,750,1,1,0,1,1,2,1,3,0,1,1
4,51,750.0,66,terminated,0,750,1,1,0,1,1,2,1,3,0,1,1
4,52,750.0,66,terminated,0,750,1,1,0,1,1,2,1,3,0,1,1
4,53,750.0,70,terminated,0,750,1,1,0,1,1,2,1,3,0,1,1
4,54,750.0,66,terminated,0,750,1,1,0,1,1,2,1,3,0,1,1
4,55,750.0,66,terminated,0,750,1,1,0,1,1,2,1,3,0,1,1
4,56,750.0,66,terminated,0,750,1,1,0,1,1,2,1,3,0,1,1
4,57,750.0,66,terminated,0,750,1,1,0,1,1,2,1,3,0,1,1
4,58,750.0,66,terminated,0,750,1,1,0,1,1,2,1,3,0,1,1
4,59,750.0,66,terminated,0,750,1,1,0,1,1,2,1,3,0,1,1
4,60,750.0,66,terminated,0,750,1,1,0,1,1,2,1,3,0,1,1
4,61,750.0,66,terminated,0,750,1,1,0,1,1,2,1,3,0,1,1
4,62,750.0,66,terminated,0,750,1,1,0,1,1,2,1,3,0,1,1
4,63,750.0,66,terminated,0,750,1,1,0,1,1,2,1,3,0,1,1
4,64,750.0,66,terminated,0,750,1,1,0,1,1,2,1,3,0,1,1
4,65,750.0,46,terminated,0,750,0,1,0,0,1,1,1,2,0,0,0
4,66,750.0,66,terminated,0,750,1,1,0,1,1,2,1,3,0,1,1
4,67,750.0,70,terminated,0,750,1,1,0,1,1,2,1,3,0,1,1
4,68,750.0,66,terminated,0,750,1,1,0,1,1,2,1,3,0,1,1
4,69,750.0,66,terminated,0,750,1,1,0,1,1,2,1,3,0,1,1
4,70,750.0,66,terminated,0,750,1,1,0,1,1,2,1,3,0,1,1
4,71,750.0,66,terminated,0,750,1,1,0,1,1,2,1,3,0,1,1
4,72,750.0,66,terminated,0,750,1,1,0,1,1,2,1,3,0,1,1
4,73,750.0,66,terminated,0,750,1,1,0,1,1,2,1,3,0,1,1
4,74,750.0,66,terminated,0,750,1,1,0,1,1,2,1,3,0,1,1
4,75,750.0,70,terminated,0,750,1,1,0,1,1,2,1,3,0,1,1
4,76,750.0,66,terminated,0,750,1,1,0,1,1,2,1,3,0,1,1
4,77,750.0,66,terminated,0,750,1,1,0,1,1,2,1,3,0,1,1
4,78,750.0,66,terminated,0,750,1,1,0,1,1,2,1,3,0,1,1
4,79,750.0,66,terminated,0,750,1,1,0,1,1,2,1,3,0,1,1
4,80,750.0,66,terminated,0,750,1,1,0,1,1,2,1,3,0,1,1
4,81,750.0,70,terminated,0,750,1,1,0,1,1,2,1,3,0,1,1
4,82,750.0,70,terminated,0,750,1,1,0,1,1,2,1,3,0,1,1
4,83,750.0,66,terminated,0,750,1,1,0,1,1,2,1,3,0,1,1
4,84,750.0,66,terminated,0,750,1,1,0,1,1,2,1,3,0,1,1
4,85,750.0,66,terminated,0,750,1,1,0,1,1,2,1,3,0,1,1
4,86,750.0,66,terminated,0,750,1,1,0,1,1,2,1,3,0,1,1
4,87,750.0,66,terminated,0,750,1,1,0,1,1,2,1,3,0,1,1
4,88,750.0,66,terminated,0,750,1,1,0,1,1,2,1,3,0,1,1
4,89,750.0,66,terminated,0,750,1,1,0,1,1,2,1,3,0,1,1
4,90,750.0,66,terminated,0,750,1,1,0,1,1,2,1,3,0,1,1
4,91,750.0,66,terminated,0,750,1,1,0,1,1,2,1,3,0,1,1
4,92,750.0,66,terminated,0,750,1,1,0,1,1,2,1,3,0,1,1
4,93,750.0,70,terminated,0,750,1,1,0,1,1,2,1,3,0,1,1
4,94,750.0,66,terminated,0,750,1,1,0,1,1,2,1,3,0,1,1
4,95,750.0,66,terminated,0,750,1,1,0,1,1,2,1,3,0,1,1
4,96,750.0,66,terminated,0,750,1,1,0,1,1,2,1,3,0,1,1
4,97,750.0,66,terminated,0,750,1,1,0,1,1,2,1,3,0,1,1
4,98,750.0,66,terminated,0,750,1,1,0,1,1,2,1,3,0,1,1
4,99,750.0,66,terminated,0,750,1,1,0,1,1,2,1,3,0,1,1
4,100,750.0,66,terminated,0,750,1,1,0,1,1,2,1,3,0,1,1
4,101,750.0,66,terminated,0,750,1,1,0,1,1,2,1,3,0,1,1
4,102,750.0,66,terminated,0,750,1,1,0,1,1,2,1,3,0,1,1
4,103,750.0,66,terminated,0,750,1,1,0,1,1,2,1,3,0,1,1
4,104,750.0,70,terminated,0,750,1,1,0,1,1,2,1,3,0,1,1
4,105,750.0,66,terminated,0,750,1,1,0,1,1,2,1,3,0,1,1
4,106,750.0,70,terminated,0,750,1,1,0,1,1,2,1,3,0,1,1
4,107,750.0,66,terminated,0,750,1,1,0,1,1,2,1,3,0,1,1
4,108,750.0,66,terminated,0,750,1,1,0,1,1,2,1,3,0,1,1
4,109,750.0,70,terminated,0,750,1,1,0,1,1,2,1,3,0,1,1
4,110,750.0,66,terminated,0,750,1,1,0,1,1,2,1,3,0,1,1
4,111,750.0,66,terminated,0,750,1,1,0,1,1,2,1,3,0,1,1
4,112,750.0,70,terminated,0,750,1,1,0,1,1,2,1,3,0,1,1
4,113,750.0,66,terminated,0,750,1,1,0,1,1,2,1,3,0,1,1
4,114,750.0,70,terminated,0,750,1,1,0,1,1,2,1,3,0,1,1
4,115,750.0,66,terminated,0,750,1,1,0,1,1,2,1,3,0,1,1
4,116,750.0,46,terminated,0,750,0,1,0,0,1,1,1,2,0,0,0
4,117,750.0,66,terminated,0,750,1,1,0,1,1,2,1,3,0,1,1
4,118,750.0,66,terminated,0,750,1,1,0,1,1,2,1,3,0,1,1
4,119,750.0,66,terminated,0,750,1,1,0,1,1,2,1,3,0,1,1
4,120,750.0,66,terminated,0,750,1,1,0,1,1,2,1,3,0,1,1
4,121,750.0,66,terminated,0,750,1,1,0,1,1,2,1,3,0,1,1
4,122,750.0,70,terminated,0,750,1,1,0,1,1,2,1,3,0,1,1
4,123,750.0,70,terminated,0,750,1,1,0,1,1,2,1,3,0,1,1
4,124,750.0,66,terminated,0,750,1,1,0,1,1,2,1,3,0,1,1
4,125,750.0,66,terminated,0,750,1,1,0,1,1,2,1,3,0,1,1
4,126,750.0,66,terminated,0,750,1,1,0,1,1,2,1,3,0,1,1
4,127,750.0,66,terminated,0,750,1,1,0,1,1,2,1,3,0,1,1
4,128,750.0,66,terminated,0,750,1,1,0,1,1,2,1,3,0,1,1
4,129,750.0,66,terminated,0,750,1,1,0,1,1,2,1,3,0,1,1
4,130,750.0,66,terminated,0,750,1,1,0,1,1,2,1,3,0,1,1
4,131,750.0,66,terminated,0,750,1,1,0,1,1,2,1,3,0,1,1
4,132,750.0,66,terminated,0,750,1,1,0,1,1,2,1,3,0,1,1
4,133,750.0,66,terminated,0,750,1,1,0,1,1,2,1,3,0,1,1
4,134,750.0,66,terminated,0,750,1,1,0,1,1,2,1,3,0,1,1
4,135,750.0,70,terminated,0,750,1,1,0,1,1,2,1,3,0,1,1
4,136,750.0,66,terminated,0,750,1,1,0,1,1,2,1,3,0,1,1
4,137,750.0,70,terminated,0,750,1,1,0,1,1,2,1,3,0,1,1
4,138,750.0,66,terminated,0,750,1,1,0,1,1,2,1,3,0,1,1
4,139,750.0,70,terminated,0,750,1,1,0,1,1,2,1,3,0,1,1
4,140,750.0,66,terminated,0,750,1,1,0,1,1,2,1,3,0,1,1
4,141,750.0,66,terminated,0,750,1,1,0,1,1,2,1,3,0,1,1
4,142,750.0,66,terminated,0,750,1,1,0,1,1,2,1,3,0,1,1
4,143,750.0,70,terminated,0,750,1,1,0,1,1,2,1,3,0,1,1
4,144,750.0,66,terminated,0,750,1,1,0,1,1,2,1,3,0,1,1
4,145,750.0,70,terminated,0,750,1,1,0,1,1,2,1,3,0,1,1
4,146,750.0,66,terminated,0,750,1,1,0,1,1,2,1,3,0,1,1
4,147,750.0,66,terminated,0,750,1,1,0,1,1,2,1,3,0,1,1
4,148,750.0,70,terminated,0,750,1,1,0,1,1,2,1,3,0,1,1
4,149,750.0,66,terminated,0,750,1,1,0,1,1,2,1,3,0,1,1
4,150,750.0,66,terminated,0,750,1,1,0,1,1,2,1,3,0,1,1
4,151,750.0,66,terminated,0,750,1,1,0,1,1,2,1,3,0,1,1
4,152,750.0,66,terminated,0,750,1,1,0,1,1,2,1,3,0,1,1
4,153,750.0,66,terminated,0,750,1,1,0,1,1,2,1,3,0,1,1
4,154,750.0,66,terminated,0,750,1,1,0,1,1,2,1,3,0,1,1
4,155,750.0,66,terminated,0,750,1,1,0,1,1,2,1,3,0,1,1
4,156,750.0,66,terminated,0,750,1,1,0,1,1,2,1,3,0,1,1
4,157,750.0,70,terminated,0,750,1,1,0,1,1,2,1,3,0,1,1
4,158,750.0,66,terminated,0,750,1,1,0,1,1,2,1,3,0,1,1
4,159,750.0,66,terminated,0,750,1,1,0,1,1,2,1,3,0,1,1
4,160,750.0,66,terminated,0,750,1,1,0,1,1,2,1,3,0,1,1
4,161,750.0,66,terminated,0,750,1,1,0,1,1,2,1,3,0,1,1
4,162,750.0,66,terminated,0,750,1,1,0,1,1,2,1,3,0,1,1
4,163,750.0,66,terminated,0,750,1,1,0,1,1,2,1,3,0,1,1
4,164,750.0,66,terminated,0,750,1,1,0,1,1,2,1,3,0,1,1
4,165,750.0,66,terminated,0,750,1,1,0,1,1,2,1,3,0,1,1
4,166,750.0,66,terminated,0,750,1,1,0,1,1,2,1,3,0,1,1
4,167,750.0,66,terminated,0,750,1,1,0,1,1,2,1,3,0,1,1
4,168,750.0,66,terminated,0,750,1,1,0,1,1,2,1,3,0,1,1
4,169,750.0,66,terminated,0,750,1,1,0,1,1,2,1,3,0,1,1
4,170,750.0,66,terminated,0,750,1,1,0,1,1,2,1,3,0,1,1
4,171,750.0,66,terminated,0,750,1,1,0,1,1,2,1,3,0,1,1
4,172,750.0,66,terminated,0,750,1,1,0,1,1,2,1,3,0,1,1
4,173,750.0,66,terminated,0,750,1,1,0,1,1,2,1,3,0,1,1
4,174,750.0,66,terminated,0,750,1,1,0,1,1,2,1,3,0,1,1
4,175,750.0,66,terminated,0,750,1,1,0,1,1,2,1,3,0,1,1
4,176,750.0,70,terminated,0,750,1,1,0,1,1,2,1,3,0,1,1
4,177,750.0,66,terminated,0,750,1,1,0,1,1,2,1,3,0,1,1
4,178,750.0,46,terminated,0,750,0,1,0,0,1,1,1,2,0,0,0
4,179,750.0,46,terminated,0,750,0,1,0,0,1,1,1,2,0,0,0
4,180,750.0,70,terminated,0,750,1,1,0,1,1,2,1,3,0,1,1
4,181,750.0,66,terminated,0,750,1,1,0,1,1,2,1,3,0,1,1
4,182,750.0,66,terminated,0,750,1,1,0,1,1,2,1,3,0,1,1
4,183,750.0,66,terminated,0,750,1,1,0,1,1,2,1,3,0,1,1
4,184,750.0,66,terminated,0,750,1,1,0,1,1,2,1,3,0,1,1
4,185,750.0,66,terminated,0,750,1,1,0,1,1,2,1,3,0,1,1
4,186,750.0,66,terminated,0,750,1,1,0,1,1,2,1,3,0,1,1
4,187,750.0,66,terminated,0,750,1,1,0,1,1,2,1,3,0,1,1
4,188,750.0,66,terminated,0,750,1,1,0,1,1,2,1,3,0,1,1
4,189,750.0,66,terminated,0,750,1,1,0,1,1,2,1,3,0,1,1
4,190,750.0,66,terminated,0,750,1,1,0,1,1,2,1,3,0,1,1
4,191,750.0,66,terminated,0,750,1,1,0,1,1,2,1,3,0,1,1
4,192,750.0,66,terminated,0,750,1,1,0,1,1,2,1,3,0,1,1
4,193,750.0,66,terminated,0,750,1,1,0,1,1,2,1,3,0,1,1
4,194,750.0,66,terminated,0,750,1,1,0,1,1,2,1,3,0,1,1
4,195,750.0,66,terminated,0,750,1,1,0,1,1,2,1,3,0,1,1
4,196,750.0,66,terminated,0,750,1,1,0,1,1,2,1,3,0,1,1
4,197,750.0,70,terminated,0,750,1,1,0,1,1,2,1,3,0,1,1
4,198,750.0,66,terminated,0,750,1,1,0,1,1,2,1,3,0,1,1
4,199,750.0,66,terminated,0,750,1,1,0,1,1,2,1,3,0,1,1
4,200,750.0,66,terminated,0,750,1,1,0,1,1,2,1,3,0,1,1
4,201,750.0,70,terminated,0,750,1,1,0,1,1,2,1,3,0,1,1
4,202,750.0,66,terminated,0,750,1,1,0,1,1,2,1,3,0,1,1
4,203,750.0,66,terminated,0,750,1,1,0,1,1,2,1,3,0,1,1
4,204,750.0,66,terminated,0,750,1,1,0,1,1,2,1,3,0,1,1
4,205,750.0,66,terminated,0,750,1,1,0,1,1,2,1,3,0,1,1
4,206,750.0,70,terminated,0,750,1,1,0,1,1,2,1,3,0,1,1
4,207,750.0,66,terminated,0,750,1,1,0,1,1,2,1,3,0,1,1
4,208,750.0,70,terminated,0,750,1,1,0,1,1,2,1,3,0,1,1
4,209,750.0,66,terminated,0,750,1,1,0,1,1,2,1,3,0,1,1
4,210,750.0,66,terminated,0,750,1,1,0,1,1,2,1,3,0,1,1
4,211,750.0,66,terminated,0,750,1,1,0,1,1,2,1,3,0,1,1
4,212,750.0,66,terminated,0,750,1,1,0,1,1,2,1,3,0,1,1
4,213,750.0,46,terminated,0,750,0,1,0,0,1,1,1,2,0,0,0
4,214,750.0,66,terminated,0,750,1,1,0,1,1,2,1,3,0,1,1
4,215,750.0,66,terminated,0,750,1,1,0,1,1,2,1,3,0,1,1
4,216,750.0,66,terminated,0,750,1,1,0,1,1,2,1,3,0,1,1
4,217,750.0,66,terminated,0,750,1,1,0,1,1,2,1,3,0,1,1
4,218,750.0,66,terminated,0,750,1,1,0,1,1,2,1,3,0,1,1
4,219,750.0,70,terminated,0,750,1,1,0,1,1,2,1,3,0,1,1
4,220,750.0,66,terminated,0,750,1,1,0,1,1,2,1,3,0,1,1
4,221,750.0,66,terminated,0,750,1,1,0,1,1,2,1,3,0,1,1
4,222,750.0,66,terminated,0,750,1,1,0,1,1,2,1,3,0,1,1
4,223,750.0,70,terminated,0,750,1,1,0,1,1,2,1,3,0,1,1
4,224,750.0,66,terminated,0,750,1,1,0,1,1,2,1,3,0,1,1
4,225,750.0,66,terminated,0,750,1,1,0,1,1,2,1,3,0,1,1
4,226,750.0,66,terminated,0,750,1,1,0,1,1,2,1,3,0,1,1
4,227,750.0,66,terminated,0,750,1,1,0,1,1,2,1,3,0,1,1
4,228,750.0,46,terminated,0,750,0,1,0,0,1,1,1,2,0,0,0
4,229,750.0,66,terminated,0,750,1,1,0,1,1,2,1,3,0,1,1
4,230,750.0,66,terminated,0,750,1,1,0,1,1,2,1,3,0,1,1
4,231,750.0,66,terminated,0,750,1,1,0,1,1,2,1,3,0,1,1
4,232,750.0,66,terminated,0,750,1,1,0,1,1,2,1,3,0,1,1
4,233,750.0,66,terminated,0,750,1,1,0,1,1,2,1,3,0,1,1
4,234,750.0,66,terminated,0,750,1,1,0,1,1,2,1,3,0,1,1
4,235,750.0,66,terminated,0,750,1,1,0,1,1,2,1,3,0,1,1
4,236,750.0,66,terminated,0,750,1,1,0,1,1,2,1,3,0,1,1
4,237,750.0,70,terminated,0,750,1,1,0,1,1,2,1,3,0,1,1
4,238,750.0,66,terminated,0,750,1,1,0,1,1,2,1,3,0,1,1
4,239,750.0,66,terminated,0,750,1,1,0,1,1,2,1,3,0,1,1
4,240,750.0,66,terminated,0,750,1,1,0,1,1,2,1,3,0,1,1
4,241,750.0,66,terminated,0,750,1,1,0,1,1,2,1,3,0,1,1
4,242,750.0,66,terminated,0,750,1,1,0,1,1,2,1,3,0,1,1
4,243,750.0,66,terminated,0,750,1,1,0,1,1,2,1,3,0,1,1
4,244,750.0,66,terminated,0,750,1,1,0,1,1,2,1,3,0,1,1
4,245,750.0,66,terminated,0,750,1,1,0,1,1,2,1,3,0,1,1
4,246,750.0,66,terminated,0,750,1,1,0,1,1,2,1,3,0,1,1
4,247,750.0,46,terminated,0,750,0,1,0,0,1,1,1,2,0,0,0
4,248,750.0,66,terminated,0,750,1,1,0,1,1,2,1,3,0,1,1
4,249,750.0,70,terminated,0,750,1,1,0,1,1,2,1,3,0,1,1
4,250,750.0,66,terminated,0,750,1,1,0,1,1,2,1,3,0,1,1
4,251,750.0,66,terminated,0,750,1,1,0,1,1,2,1,3,0,1,1
4,252,750.0,70,terminated,0,750,1,1,0,1,1,2,1,3,0,1,1
4,253,750.0,46,terminated,0,750,0,1,0,0,1,1,1,2,0,0,0
4,254,750.0,46,terminated,0,750,0,1,0,0,1,1,1,2,0,0,0
4,255,750.0,66,terminated,0,750,1,1,0,1,1,2,1,3,0,1,1
4,256,750.0,66,terminated,0,750,1,1,0,1,1,2,1,3,0,1,1
4,257,750.0,66,terminated,0,750,1,1,0,1,1,2,1,3,0,1,1
4,258,750.0,66,terminated,0,750,1,1,0,1,1,2,1,3,0,1,1
4,259,750.0,66,terminated,0,750,1,1,0,1,1,2,1,3,0,1,1
4,260,750.0,66,terminated,0,750,1,1,0,1,1,2,1,3,0,1,1
4,261,750.0,70,terminated,0,750,1,1,0,1,1,2,1,3,0,1,1
4,262,750.0,66,terminated,0,750,1,1,0,1,1,2,1,3,0,1,1
4,263,750.0,66,terminated,0,750,1,1,0,1,1,2,1,3,0,1,1
4,264,750.0,66,terminated,0,750,1,1,0,1,1,2,1,3,0,1,1
4,265,750.0,66,terminated,0,750,1,1,0,1,1,2,1,3,0,1,1
4,266,750.0,66,terminated,0,750,1,1,0,1,1,2,1,3,0,1,1
4,267,750.0,66,terminated,0,750,1,1,0,1,1,2,1,3,0,1,1
4,268,750.0,70,terminated,0,750,1,1,0,1,1,2,1,3,0,1,1
4,269,750.0,66,terminated,0,750,1,1,0,1,1,2,1,3,0,1,1
4,270,750.0,66,terminated,0,750,1,1,0,1,1,2,1,3,0,1,1
4,271,750.0,66,terminated,0,750,1,1,0,1,1,2,1,3,0,1,1
4,272,750.0,66,terminated,0,750,1,1,0,1,1,2,1,3,0,1,1
4,273,750.0,66,terminated,0,750,1,1,0,1,1,2,1,3,0,1,1
4,274,750.0,70,terminated,0,750,1,1,0,1,1,2,1,3,0,1,1
4,275,750.0,66,terminated,0,750,1,1,0,1,1,2,1,3,0,1,1
4,276,750.0,70,terminated,0,750,1,1,0,1,1,2,1,3,0,1,1
4,277,750.0,66,terminated,0,750,1,1,0,1,1,2,1,3,0,1,1
4,278,750.0,70,terminated,0,750,1,1,0,1,1,2,1,3,0,1,1
4,279,750.0,66,terminated,0,750,1,1,0,1,1,2,1,3,0,1,1
4,280,750.0,66,terminated,0,750,1,1,0,1,1,2,1,3,0,1,1
4,281,750.0,66,terminated,0,750,1,1,0,1,1,2,1,3,0,1,1
4,282,750.0,66,terminated,0,750,1,1,0,1,1,2,1,3,0,1,1
4,283,750.0,46,terminated,0,750,0,1,0,0,1,1,1,2,0,0,0
4,284,750.0,66,terminated,0,750,1,1,0,1,1,2,1,3,0,1,1
4,285,750.0,66,terminated,0,750,1,1,0,1,1,2,1,3,0,1,1
4,286,750.0,70,terminated,0,750,1,1,0,1,1,2,1,3,0,1,1
4,287,750.0,66,terminated,0,750,1,1,0,1,1,2,1,3,0,1,1
4,288,750.0,66,terminated,0,750,1,1,0,1,1,2,1,3,0,1,1
4,289,750.0,66,terminated,0,750,1,1,0,1,1,2,1,3,0,1,1
4,290,750.0,70,terminated,0,750,1,1,0,1,1,2,1,3,0,1,1
4,291,750.0,66,terminated,0,750,1,1,0,1,1,2,1,3,0,1,1
4,292,750.0,66,terminated,0,750,1,1,0,1,1,2,1,3,0,1,1
4,293,750.0,66,terminated,0,750,1,1,0,1,1,2,1,3,0,1,1
4,294,750.0,66,terminated,0,750,1,1,0,1,1,2,1,3,0,1,1
4,295,750.0,66,terminated,0,750,1,1,0,1,1,2,1,3,0,1,1
4,296,750.0,66,terminated,0,750,1,1,0,1,1,2,1,3,0,1,1
4,297,750.0,70,terminated,0,750,1,1,0,1,1,2,1,3,0,1,1
4,298,750.0,70,terminated,0,750,1,1,0,1,1,2,1,3,0,1,1
4,299,750.0,66,terminated,0,750,1,1,0,1,1,2,1,3,0,1,1
4,300,750.0,66,terminated,0,750,1,1,0,1,1,2,1,3,0,1,1
4,301,750.0,66,terminated,0,750,1,1,0,1,1,2,1,3,0,1,1
4,302,750.0,66,terminated,0,750,1,1,0,1,1,2,1,3,0,1,1
4,303,750.0,66,terminated,0,750,1,1,0,1,1,2,1,3,0,1,1
4,304,750.0,66,terminated,0,750,1,1,0,1,1,2,1,3,0,1,1
4,305,750.0,70,terminated,0,750,1,1,0,1,1,2,1,3,0,1,1
4,306,750.0,46,terminated,0,750,0,1,0,0,1,1,1,2,0,0,0
4,307,750.0,66,terminated,0,750,1,1,0,1,1,2,1,3,0,1,1
4,308,750.0,66,terminated,0,750,1,1,0,1,1,2,1,3,0,1,1
4,309,750.0,66,terminated,0,750,1,1,0,1,1,2,1,3,0,1,1
4,310,750.0,66,terminated,0,750,1,1,0,1,1,2,1,3,0,1,1
4,311,750.0,66,terminated,0,750,1,1,0,1,1,2,1,3,0,1,1
4,312,750.0,66,terminated,0,750,1,1,0,1,1,2,1,3,0,1,1
4,313,750.0,70,terminated,0,750,1,1,0,1,1,2,1,3,0,1,1
4,314,750.0,66,terminated,0,750,1,1,0,1,1,2,1,3,0,1,1
4,315,750.0,46,terminated,0,750,0,1,0,0,1,1,1,2,0,0,0
4,316,750.0,66,terminated,0,750,1,1,0,1,1,2,1,3,0,1,1
4,317,750.0,66,terminated,0,750,1,1,0,1,1,2,1,3,0,1,1
4,318,750.0,66,terminated,0,750,1,1,0,1,1,2,1,3,0,1,1
4,319,750.0,46,terminated,0,750,0,1,0,0,1,1,1,2,0,0,0
4,320,750.0,66,terminated,0,750,1,1,0,1,1,2,1,3,0,1,1
4,321,750.0,66,terminated,0,750,1,1,0,1,1,2,1,3,0,1,1
4,322,750.0,70,terminated,0,750,1,1,0,1,1,2,1,3,0,1,1
4,323,750.0,66,terminated,0,750,1,1,0,1,1,2,1,3,0,1,1
4,324,750.0,70,terminated,0,750,1,1,0,1,1,2,1,3,0,1,1
4,325,750.0,66,terminated,0,750,1,1,0,1,1,2,1,3,0,1,1
4,326,750.0,70,terminated,0,750,1,1,0,1,1,2,1,3,0,1,1
4,327,750.0,66,terminated,0,750,1,1,0,1,1,2,1,3,0,1,1
4,328,750.0,66,terminated,0,750,1,1,0,1,1,2,1,3,0,1,1
4,329,750.0,66,terminated,0,750,1,1,0,1,1,2,1,3,0,1,1
4,330,750.0,70,terminated,0,750,1,1,0,1,1,2,1,3,0,1,1
4,331,750.0,46,terminated,0,750,0,1,0,0,1,1,1,2,0,0,0
4,332,750.0,66,terminated,0,750,1,1,0,1,1,2,1,3,0,1,1
4,333,750.0,66,terminated,0,750,1,1,0,1,1,2,1,3,0,1,1
4,334,750.0,66,terminated,0,750,1,1,0,1,1,2,1,3,0,1,1
4,335,750.0,66,terminated,0,750,1,1,0,1,1,2,1,3,0,1,1
4,336,750.0,66,terminated,0,750,1,1,0,1,1,2,1,3,0,1,1
4,337,750.0,66,terminated,0,750,1,1,0,1,1,2,1,3,0,1,1
4,338,750.0,66,terminated,0,750,1,1,0,1,1,2,1,3,0,1,1
4,339,750.0,66,terminated,0,750,1,1,0,1,1,2,1,3,0,1,1
4,340,750.0,46,terminated,0,750,0,1,0,0,1,1,1,2,0,0,0
4,341,750.0,66,terminated,0,750,1,1,0,1,1,2,1,3,0,1,1
4,342,750.0,66,terminated,0,750,1,1,0,1,1,2,1,3,0,1,1
4,343,750.0,66,terminated,0,750,1,1,0,1,1,2,1,3,0,1,1
4,344,750.0,66,terminated,0,750,1,1,0,1,1,2,1,3,0,1,1
4,345,750.0,66,terminated,0,750,1,1,0,1,1,2,1,3,0,1,1
4,346,750.0,66,terminated,0,750,1,1,0,1,1,2,1,3,0,1,1
4,347,750.0,66,terminated,0,750,1,1,0,1,1,2,1,3,0,1,1
4,348,750.0,70,terminated,0,750,1,1,0,1,1,2,1,3,0,1,1
4,349,750.0,66,terminated,0,750,1,1,0,1,1,2,1,3,0,1,1
4,350,750.0,66,terminated,0,750,1,1,0,1,1,2,1,3,0,1,1
4,351,750.0,66,terminated,0,750,1,1,0,1,1,2,1,3,0,1,1
4,352,750.0,66,terminated,0,750,1,1,0,1,1,2,1,3,0,1,1
4,353,750.0,66,terminated,0,750,1,1,0,1,1,2,1,3,0,1,1
4,354,750.0,70,terminated,0,750,1,1,0,1,1,2,1,3,0,1,1
4,355,750.0,66,terminated,0,750,1,1,0,1,1,2,1,3,0,1,1
4,356,750.0,66,terminated,0,750,1,1,0,1,1,2,1,3,0,1,1
4,357,750.0,66,terminated,0,750,1,1,0,1,1,2,1,3,0,1,1
4,358,750.0,66,terminated,0,750,1,1,0,1,1,2,1,3,0,1,1
4,359,750.0,66,terminated,0,750,1,1,0,1,1,2,1,3,0,1,1
4,360,750.0,66,terminated,0,750,1,1,0,1,1,2,1,3,0,1,1
4,361,750.0,46,terminated,0,750,0,1,0,0,1,1,1,2,0,0,0
4,362,750.0,66,terminated,0,750,1,1,0,1,1,2,1,3,0,1,1
4,363,750.0,46,terminated,0,750,0,1,0,0,1,1,1,2,0,0,0
4,364,750.0,46,terminated,0,750,0,1,0,0,1,1,1,2,0,0,0
4,365,750.0,66,terminated,0,750,1,1,0,1,1,2,1,3,0,1,1
4,366,750.0,66,terminated,0,750,1,1,0,1,1,2,1,3,0,1,1
4,367,750.0,66,terminated,0,750,1,1,0,1,1,2,1,3,0,1,1
4,368,750.0,66,terminated,0,750,1,1,0,1,1,2,1,3,0,1,1
4,369,750.0,66,terminated,0,750,1,1,0,1,1,2,1,3,0,1,1
4,370,750.0,66,terminated,0,750,1,1,0,1,1,2,1,3,0,1,1
4,371,750.0,66,terminated,0,750,1,1,0,1,1,2,1,3,0,1,1
4,372,750.0,66,terminated,0,750,1,1,0,1,1,2,1,3,0,1,1
4,373,750.0,66,terminated,0,750,1,1,0,1,1,2,1,3,0,1,1
4,374,750.0,70,terminated,0,750,1,1,0,1,1,2,1,3,0,1,1
4,375,750.0,66,terminated,0,750,1,1,0,1,1,2,1,3,0,1,1
4,376,750.0,70,terminated,0,750,1,1,0,1,1,2,1,3,0,1,1
4,377,750.0,70,terminated,0,750,1,1,0,1,1,2,1,3,0,1,1
4,378,750.0,70,terminated,0,750,1,1,0,1,1,2,1,3,0,1,1
4,379,750.0,66,terminated,0,750,1,1,0,1,1,2,1,3,0,1,1
4,380,750.0,66,terminated,0,750,1,1,0,1,1,2,1,3,0,1,1
4,381,750.0,66,terminated,0,750,1,1,0,1,1,2,1,3,0,1,1
4,382,750.0,66,terminated,0,750,1,1,0,1,1,2,1,3,0,1,1
4,383,750.0,66,terminated,0,750,1,1,0,1,1,2,1,3,0,1,1
4,384,750.0,70,terminated,0,750,1,1,0,1,1,2,1,3,0,1,1
4,385,750.0,66,terminated,0,750,1,1,0,1,1,2,1,3,0,1,1
4,386,750.0,70,terminated,0,750,1,1,0,1,1,2,1,3,0,1,1
4,387,750.0,66,terminated,0,750,1,1,0,1,1,2,1,3,0,1,1
4,388,750.0,66,terminated,0,750,1,1,0,1,1,2,1,3,0,1,1
4,389,750.0,66,terminated,0,750,1,1,0,1,1,2,1,3,0,1,1
4,390,750.0,66,terminated,0,750,1,1,0,1,1,2,1,3,0,1,1
4,391,750.0,66,terminated,0,750,1,1,0,1,1,2,1,3,0,1,1
4,392,750.0,66,terminated,0,750,1,1,0,1,1,2,1,3,0,1,1
4,393,750.0,66,terminated,0,750,1,1,0,1,1,2,1,3,0,1,1
4,394,750.0,66,terminated,0,750,1,1,0,1,1,2,1,3,0,1,1
4,395,750.0,66,terminated,0,750,1,1,0,1,1,2,1,3,0,1,1
4,396,750.0,66,terminated,0,750,1,1,0,1,1,2,1,3,0,1,1
4,397,750.0,66,terminated,0,750,1,1,0,1,1,2,1,3,0,1,1
4,398,750.0,70,terminated,0,750,1,1,0,1,1,2,1,3,0,1,1
4,399,750.0,66,terminated,0,750,1,1,0,1,1,2,1,3,0,1,1
4,400,750.0,66,terminated,0,750,1,1,0,1,1,2,1,3,0,1,1
4,401,750.0,66,terminated,0,750,1,1,0,1,1,2,1,3,0,1,1
4,402,750.0,70,terminated,0,750,1,1,0,1,1,2,1,3,0,1,1
4,403,750.0,66,terminated,0,750,1,1,0,1,1,2,1,3,0,1,1
4,404,750.0,66,terminated,0,750,1,1,0,1,1,2,1,3,0,1,1
4,405,750.0,66,terminated,0,750,1,1,0,1,1,2,1,3,0,1,1
4,406,750.0,46,terminated,0,750,0,1,0,0,1,1,1,2,0,0,0
4,407,750.0,70,terminated,0,750,1,1,0,1,1,2,1,3,0,1,1
4,408,750.0,46,terminated,0,750,0,1,0,0,1,1,1,2,0,0,0
4,409,750.0,70,terminated,0,750,1,1,0,1,1,2,1,3,0,1,1
4,410,750.0,66,terminated,0,750,1,1,0,1,1,2,1,3,0,1,1
4,411,750.0,70,terminated,0,750,1,1,0,1,1,2,1,3,0,1,1
4,412,750.0,66,terminated,0,750,1,1,0,1,1,2,1,3,0,1,1
4,413,750.0,66,terminated,0,750,1,1,0,1,1,2,1,3,0,1,1
4,414,750.0,66,terminated,0,750,1,1,0,1,1,2,1,3,0,1,1
4,415,750.0,70,terminated,0,750,1,1,0,1,1,2,1,3,0,1,1
4,416,750.0,66,terminated,0,750,1,1,0,1,1,2,1,3,0,1,1
4,417,750.0,66,terminated,0,750,1,1,0,1,1,2,1,3,0,1,1
4,418,750.0,66,terminated,0,750,1,1,0,1,1,2,1,3,0,1,1
4,419,750.0,46,terminated,0,750,0,1,0,0,1,1,1,2,0,0,0
4,420,750.0,70,terminated,0,750,1,1,0,1,1,2,1,3,0,1,1
4,421,750.0,66,terminated,0,750,1,1,0,1,1,2,1,3,0,1,1
4,422,750.0,66,terminated,0,750,1,1,0,1,1,2,1,3,0,1,1
4,423,750.0,66,terminated,0,750,1,1,0,1,1,2,1,3,0,1,1
4,424,750.0,66,terminated,0,750,1,1,0,1,1,2,1,3,0,1,1
4,425,750.0,66,terminated,0,750,1,1,0,1,1,2,1,3,0,1,1
4,426,750.0,46,terminated,0,750,0,1,0,0,1,1,1,2,0,0,0
4,427,750.0,66,terminated,0,750,1,1,0,1,1,2,1,3,0,1,1
4,428,750.0,66,terminated,0,750,1,1,0,1,1,2,1,3,0,1,1
4,429,750.0,70,terminated,0,750,1,1,0,1,1,2,1,3,0,1,1
4,430,750.0,66,terminated,0,750,1,1,0,1,1,2,1,3,0,1,1
4,431,750.0,66,terminated,0,750,1,1,0,1,1,2,1,3,0,1,1
4,432,750.0,66,terminated,0,750,1,1,0,1,1,2,1,3,0,1,1
4,433,750.0,66,terminated,0,750,1,1,0,1,1,2,1,3,0,1,1
4,434,750.0,70,terminated,0,750,1,1,0,1,1,2,1,3,0,1,1
4,435,750.0,66,terminated,0,750,1,1,0,1,1,2,1,3,0,1,1
4,436,750.0,46,terminated,0,750,0,1,0,0,1,1,1,2,0,0,0
4,437,750.0,70,terminated,0,750,1,1,0,1,1,2,1,3,0,1,1
4,438,750.0,66,terminated,0,750,1,1,0,1,1,2,1,3,0,1,1
4,439,750.0,66,terminated,0,750,1,1,0,1,1,2,1,3,0,1,1
4,440,750.0,66,terminated,0,750,1,1,0,1,1,2,1,3,0,1,1
4,441,750.0,66,terminated,0,750,1,1,0,1,1,2,1,3,0,1,1
4,442,750.0,46,terminated,0,750,0,1,0,0,1,1,1,2,0,0,0
4,443,750.0,70,terminated,0,750,1,1,0,1,1,2,1,3,0,1,1
4,444,750.0,66,terminated,0,750,1,1,0,1,1,2,1,3,0,1,1
4,445,750.0,66,terminated,0,750,1,1,0,1,1,2,1,3,0,1,1
4,446,750.0,66,terminated,0,750,1,1,0,1,1,2,1,3,0,1,1
4,447,750.0,66,terminated,0,750,1,1,0,1,1,2,1,3,0,1,1
4,448,750.0,66,terminated,0,750,1,1,0,1,1,2,1,3,0,1,1
4,449,750.0,66,terminated,0,750,1,1,0,1,1,2,1,3,0,1,1
4,450,750.0,66,terminated,0,750,1,1,0,1,1,2,1,3,0,1,1
4,451,750.0,66,terminated,0,750,1,1,0,1,1,2,1,3,0,1,1
4,452,750.0,66,terminated,0,750,1,1,0,1,1,2,1,3,0,1,1
4,453,750.0,66,terminated,0,750,1,1,0,1,1,2,1,3,0,1,1
4,454,750.0,66,terminated,0,750,1,1,0,1,1,2,1,3,0,1,1
4,455,750.0,70,terminated,0,750,1,1,0,1,1,2,1,3,0,1,1
4,456,750.0,46,terminated,0,750,0,1,0,0,1,1,1,2,0,0,0
4,457,750.0,66,terminated,0,750,1,1,0,1,1,2,1,3,0,1,1
4,458,750.0,66,terminated,0,750,1,1,0,1,1,2,1,3,0,1,1
4,459,750.0,66,terminated,0,750,1,1,0,1,1,2,1,3,0,1,1
4,460,750.0,66,terminated,0,750,1,1,0,1,1,2,1,3,0,1,1
4,461,750.0,66,terminated,0,750,1,1,0,1,1,2,1,3,0,1,1
4,462,750.0,66,terminated,0,750,1,1,0,1,1,2,1,3,0,1,1
4,463,750.0,66,terminated,0,750,1,1,0,1,1,2,1,3,0,1,1
4,464,750.0,66,terminated,0,750,1,1,0,1,1,2,1,3,0,1,1
4,465,750.0,66,terminated,0,750,1,1,0,1,1,2,1,3,0,1,1
4,466,750.0,46,terminated,0,750,0,1,0,0,1,1,1,2,0,0,0
4,467,750.0,66,terminated,0,750,1,1,0,1,1,2,1,3,0,1,1
4,468,750.0,66,terminated,0,750,1,1,0,1,1,2,1,3,0,1,1
4,469,750.0,70,terminated,0,750,1,1,0,1,1,2,1,3,0,1,1
4,470,750.0,66,terminated,0,750,1,1,0,1,1,2,1,3,0,1,1
4,471,750.0,70,terminated,0,750,1,1,0,1,1,2,1,3,0,1,1
4,472,750.0,70,terminated,0,750,1,1,0,1,1,2,1,3,0,1,1
4,473,750.0,70,terminated,0,750,1,1,0,1,1,2,1,3,0,1,1
4,474,750.0,66,terminated,0,750,1,1,0,1,1,2,1,3,0,1,1
4,475,750.0,70,terminated,0,750,1,1,0,1,1,2,1,3,0,1,1
4,476,750.0,66,terminated,0,750,1,1,0,1,1,2,1,3,0,1,1
4,477,750.0,46,terminated,0,750,0,1,0,0,1,1,1,2,0,0,0
4,478,750.0,66,terminated,0,750,1,1,0,1,1,2,1,3,0,1,1
4,479,750.0,66,terminated,0,750,1,1,0,1,1,2,1,3,0,1,1
4,480,750.0,70,terminated,0,750,1,1,0,1,1,2,1,3,0,1,1
4,481,750.0,70,terminated,0,750,1,1,0,1,1,2,1,3,0,1,1
4,482,750.0,70,terminated,0,750,1,1,0,1,1,2,1,3,0,1,1
4,483,750.0,66,terminated,0,750,1,1,0,1,1,2,1,3,0,1,1
4,484,750.0,70,terminated,0,750,1,1,0,1,1,2,1,3,0,1,1
4,485,750.0,70,terminated,0,750,1,1,0,1,1,2,1,3,0,1,1
4,486,750.0,66,terminated,0,750,1,1,0,1,1,2,1,3,0,1,1
4,487,750.0,66,terminated,0,750,1,1,0,1,1,2,1,3,0,1,1
4,488,750.0,66,terminated,0,750,1,1,0,1,1,2,1,3,0,1,1
4,489,750.0,66,terminated,0,750,1,1,0,1,1,2,1,3,0,1,1
4,490,750.0,46,terminated,0,750,0,1,0,0,1,1,1,2,0,0,0
4,491,750.0,66,terminated,0,750,1,1,0,1,1,2,1,3,0,1,1
4,492,750.0,66,terminated,0,750,1,1,0,1,1,2,1,3,0,1,1
4,493,750.0,66,terminated,0,750,1,1,0,1,1,2,1,3,0,1,1
4,494,750.0,66,terminated,0,750,1,1,0,1,1,2,1,3,0,1,1
4,495,750.0,66,terminated,0,750,1,1,0,1,1,2,1,3,0,1,1
4,496,750.0,66,terminated,0,750,1,1,0,1,1,2,1,3,0,1,1
4,497,750.0,66,terminated,0,750,1,1,0,1,1,2,1,3,0,1,1
4,498,750.0,70,terminated,0,750,1,1,0,1,1,2,1,3,0,1,1
4,499,750.0,66,terminated,0,750,1,1,0,1,1,2,1,3,0,1,1
4,500,750.0,66,terminated,0,750,1,1,0,1,1,2,1,3,0,1,1
4,501,750.0,66,terminated,0,750,1,1,0,1,1,2,1,3,0,1,1
4,502,750.0,66,terminated,0,750,1,1,0,1,1,2,1,3,0,1,1
4,503,750.0,66,terminated,0,750,1,1,0,1,1,2,1,3,0,1,1
4,504,750.0,66,terminated,0,750,1,1,0,1,1,2,1,3,0,1,1
4,505,750.0,66,terminated,0,750,1,1,0,1,1,2,1,3,0,1,1
4,506,750.0,66,terminated,0,750,1,1,0,1,1,2,1,3,0,1,1
4,507,750.0,66,terminated,0,750,1,1,0,1,1,2,1,3,0,1,1
4,508,750.0,70,terminated,0,750,1,1,0,1,1,2,1,3,0,1,1
4,509,750.0,46,terminated,0,750,0,1,0,0,1,1,1,2,0,0,0
4,510,750.0,66,terminated,0,750,1,1,0,1,1,2,1,3,0,1,1
4,511,750.0,66,terminated,0,750,1,1,0,1,1,2,1,3,0,1,1
4,512,750.0,70,terminated,0,750,1,1,0,1,1,2,1,3,0,1,1
4,513,750.0,70,terminated,0,750,1,1,0,1,1,2,1,3,0,1,1
4,514,750.0,66,terminated,0,750,1,1,0,1,1,2,1,3,0,1,1
4,515,750.0,66,terminated,0,750,1,1,0,1,1,2,1,3,0,1,1
4,516,750.0,46,terminated,0,750,0,1,0,0,1,1,1,2,0,0,0
4,517,750.0,66,terminated,0,750,1,1,0,1,1,2,1,3,0,1,1
4,518,750.0,70,terminated,0,750,1,1,0,1,1,2,1,3,0,1,1
4,519,750.0,66,terminated,0,750,1,1,0,1,1,2,1,3,0,1,1
4,520,750.0,66,terminated,0,750,1,1,0,1,1,2,1,3,0,1,1
4,521,750.0,66,terminated,0,750,1,1,0,1,1,2,1,3,0,1,1
4,522,750.0,66,terminated,0,750,1,1,0,1,1,2,1,3,0,1,1
4,523,750.0,66,terminated,0,750,1,1,0,1,1,2,1,3,0,1,1
4,524,750.0,66,terminated,0,750,1,1,0,1,1,2,1,3,0,1,1
4,525,750.0,66,terminated,0,750,1,1,0,1,1,2,1,3,0,1,1
4,526,750.0,70,terminated,0,750,1,1,0,1,1,2,1,3,0,1,1
4,527,750.0,70,terminated,0,750,1,1,0,1,1,2,1,3,0,1,1
4,528,750.0,66,terminated,0,750,1,1,0,1,1,2,1,3,0,1,1
4,529,750.0,66,terminated,0,750,1,1,0,1,1,2,1,3,0,1,1
4,530,750.0,70,terminated,0,750,1,1,0,1,1,2,1,3,0,1,1
4,531,750.0,66,terminated,0,750,1,1,0,1,1,2,1,3,0,1,1
4,532,750.0,66,terminated,0,750,1,1,0,1,1,2,1,3,0,1,1
4,533,750.0,66,terminated,0,750,1,1,0,1,1,2,1,3,0,1,1
4,534,750.0,70,terminated,0,750,1,1,0,1,1,2,1,3,0,1,1
4,535,750.0,66,terminated,0,750,1,1,0,1,1,2,1,3,0,1,1
4,536,750.0,66,terminated,0,750,1,1,0,1,1,2,1,3,0,1,1
4,537,750.0,66,terminated,0,750,1,1,0,1,1,2,1,3,0,1,1
4,538,750.0,66,terminated,0,750,1,1,0,1,1,2,1,3,0,1,1
4,539,750.0,66,terminated,0,750,1,1,0,1,1,2,1,3,0,1,1
4,540,750.0,66,terminated,0,750,1,1,0,1,1,2,1,3,0,1,1
4,541,750.0,66,terminated,0,750,1,1,0,1,1,2,1,3,0,1,1
4,542,750.0,66,terminated,0,750,1,1,0,1,1,2,1,3,0,1,1
4,543,750.0,66,terminated,0,750,1,1,0,1,1,2,1,3,0,1,1
4,544,750.0,66,terminated,0,750,1,1,0,1,1,2,1,3,0,1,1
4,545,750.0,66,terminated,0,750,1,1,0,1,1,2,1,3,0,1,1
4,546,750.0,66,terminated,0,750,1,1,0,1,1,2,1,3,0,1,1
4,547,750.0,70,terminated,0,750,1,1,0,1,1,2,1,3,0,1,1
4,548,750.0,66,terminated,0,750,1,1,0,1,1,2,1,3,0,1,1
4,549,750.0,66,terminated,0,750,1,1,0,1,1,2,1,3,0,1,1
4,550,750.0,66,terminated,0,750,1,1,0,1,1,2,1,3,0,1,1
4,551,750.0,66,terminated,0,750,1,1,0,1,1,2,1,3,0,1,1
4,552,750.0,66,terminated,0,750,1,1,0,1,1,2,1,3,0,1,1
4,553,750.0,66,terminated,0,750,1,1,0,1,1,2,1,3,0,1,1
4,554,750.0,66,terminated,0,750,1,1,0,1,1,2,1,3,0,1,1
4,555,750.0,66,terminated,0,750,1,1,0,1,1,2,1,3,0,1,1
4,556,750.0,66,terminated,0,750,1,1,0,1,1,2,1,3,0,1,1
4,557,750.0,66,terminated,0,750,1,1,0,1,1,2,1,3,0,1,1
4,558,750.0,66,terminated,0,750,1,1,0,1,1,2,1,3,0,1,1
4,559,750.0,66,terminated,0,750,1,1,0,1,1,2,1,3,0,1,1
4,560,750.0,66,terminated,0,750,1,1,0,1,1,2,1,3,0,1,1
4,561,750.0,66,terminated,0,750,1,1,0,1,1,2,1,3,0,1,1
4,562,750.0,66,terminated,0,750,1,1,0,1,1,2,1,3,0,1,1
4,563,750.0,66,terminated,0,750,1,1,0,1,1,2,1,3,0,1,1
4,564,750.0,66,terminated,0,750,1,1,0,1,1,2,1,3,0,1,1
4,565,750.0,66,terminated,0,750,1,1,0,1,1,2,1,3,0,1,1
4,566,750.0,70,terminated,0,750,1,1,0,1,1,2,1,3,0,1,1
4,567,750.0,66,terminated,0,750,1,1,0,1,1,2,1,3,0,1,1
4,568,750.0,66,terminated,0,750,1,1,0,1,1,2,1,3,0,1,1
4,569,750.0,66,terminated,0,750,1,1,0,1,1,2,1,3,0,1,1
4,570,750.0,66,terminated,0,750,1,1,0,1,1,2,1,3,0,1,1
4,571,750.0,70,terminated,0,750,1,1,0,1,1,2,1,3,0,1,1
4,572,750.0,46,terminated,0,750,0,1,0,0,1,1,1,2,0,0,0
4,573,750.0,66,terminated,0,750,1,1,0,1,1,2,1,3,0,1,1
4,574,750.0,66,terminated,0,750,1,1,0,1,1,2,1,3,0,1,1
4,575,750.0,66,terminated,0,750,1,1,0,1,1,2,1,3,0,1,1
4,576,750.0,66,terminated,0,750,1,1,0,1,1,2,1,3,0,1,1
4,577,750.0,66,terminated,0,750,1,1,0,1,1,2,1,3,0,1,1
4,578,750.0,66,terminated,0,750,1,1,0,1,1,2,1,3,0,1,1
4,579,750.0,66,terminated,0,750,1,1,0,1,1,2,1,3,0,1,1
4,580,750.0,66,terminated,0,750,1,1,0,1,1,2,1,3,0,1,1
4,581,750.0,66,terminated,0,750,1,1,0,1,1,2,1,3,0,1,1
4,582,750.0,66,terminated,0,750,1,1,0,1,1,2,1,3,0,1,1
4,583,750.0,66,terminated,0,750,1,1,0,1,1,2,1,3,0,1,1
4,584,750.0,66,terminated,0,750,1,1,0,1,1,2,1,3,0,1,1
4,585,750.0,66,terminated,0,750,1,1,0,1,1,2,1,3,0,1,1
4,586,750.0,66,terminated,0,750,1,1,0,1,1,2,1,3,0,1,1
4,587,750.0,66,terminated,0,750,1,1,0,1,1,2,1,3,0,1,1
4,588,750.0,46,terminated,0,750,0,1,0,0,1,1,1,2,0,0,0
4,589,750.0,66,terminated,0,750,1,1,0,1,1,2,1,3,0,1,1
4,590,750.0,66,terminated,0,750,1,1,0,1,1,2,1,3,0,1,1
4,591,750.0,66,terminated,0,750,1,1,0,1,1,2,1,3,0,1,1
4,592,750.0,66,terminated,0,750,1,1,0,1,1,2,1,3,0,1,1
4,593,750.0,66,terminated,0,750,1,1,0,1,1,2,1,3,0,1,1
4,594,750.0,66,terminated,0,750,1,1,0,1,1,2,1,3,0,1,1
4,595,750.0,66,terminated,0,750,1,1,0,1,1,2,1,3,0,1,1
4,596,750.0,66,terminated,0,750,1,1,0,1,1,2,1,3,0,1,1
4,597,750.0,66,terminated,0,750,1,1,0,1,1,2,1,3,0,1,1
4,598,750.0,70,terminated,0,750,1,1,0,1,1,2,1,3,0,1,1
4,599,750.0,66,terminated,0,750,1,1,0,1,1,2,1,3,0,1,1
4,600,750.0,66,terminated,0,750,1,1,0,1,1,2,1,3,0,1,1
4,601,750.0,66,terminated,0,750,1,1,0,1,1,2,1,3,0,1,1
4,602,750.0,66,terminated,0,750,1,1,0,1,1,2,1,3,0,1,1
4,603,750.0,66,terminated,0,750,1,1,0,1,1,2,1,3,0,1,1
4,604,750.0,46,terminated,0,750,0,1,0,0,1,1,1,2,0,0,0
4,605,750.0,66,terminated,0,750,1,1,0,1,1,2,1,3,0,1,1
4,606,750.0,66,terminated,0,750,1,1,0,1,1,2,1,3,0,1,1
4,607,750.0,66,terminated,0,750,1,1,0,1,1,2,1,3,0,1,1
4,608,750.0,66,terminated,0,750,1,1,0,1,1,2,1,3,0,1,1
4,609,750.0,66,terminated,0,750,1,1,0,1,1,2,1,3,0,1,1
4,610,750.0,66,terminated,0,750,1,1,0,1,1,2,1,3,0,1,1
4,611,750.0,66,terminated,0,750,1,1,0,1,1,2,1,3,0,1,1
4,612,750.0,66,terminated,0,750,1,1,0,1,1,2,1,3,0,1,1
4,613,750.0,66,terminated,0,750,1,1,0,1,1,2,1,3,0,1,1
4,614,750.0,66,terminated,0,750,1,1,0,1,1,2,1,3,0,1,1
4,615,750.0,66,terminated,0,750,1,1,0,1,1,2,1,3,0,1,1
4,616,750.0,66,terminated,0,750,1,1,0,1,1,2,1,3,0,1,1
4,617,750.0,66,terminated,0,750,1,1,0,1,1,2,1,3,0,1,1
4,618,750.0,46,terminated,0,750,0,1,0,0,1,1,1,2,0,0,0
4,619,750.0,46,terminated,0,750,0,1,0,0,1,1,1,2,0,0,0
4,620,750.0,70,terminated,0,750,1,1,0,1,1,2,1,3,0,1,1
4,621,750.0,66,terminated,0,750,1,1,0,1,1,2,1,3,0,1,1
4,622,750.0,66,terminated,0,750,1,1,0,1,1,2,1,3,0,1,1
4,623,750.0,66,terminated,0,750,1,1,0,1,1,2,1,3,0,1,1
4,624,750.0,70,terminated,0,750,1,1,0,1,1,2,1,3,0,1,1
4,625,750.0,70,terminated,0,750,1,1,0,1,1,2,1,3,0,1,1
4,626,750.0,66,terminated,0,750,1,1,0,1,1,2,1,3,0,1,1
4,627,750.0,66,terminated,0,750,1,1,0,1,1,2,1,3,0,1,1
4,628,750.0,66,terminated,0,750,1,1,0,1,1,2,1,3,0,1,1
4,629,750.0,66,terminated,0,750,1,1,0,1,1,2,1,3,0,1,1
4,630,750.0,66,terminated,0,750,1,1,0,1,1,2,1,3,0,1,1
4,631,750.0,66,terminated,0,750,1,1,0,1,1,2,1,3,0,1,1
4,632,750.0,66,terminated,0,750,1,1,0,1,1,2,1,3,0,1,1
4,633,750.0,66,terminated,0,750,1,1,0,1,1,2,1,3,0,1,1
4,634,750.0,66,terminated,0,750,1,1,0,1,1,2,1,3,0,1,1
4,635,750.0,66,terminated,0,750,1,1,0,1,1,2,1,3,0,1,1
4,636,750.0,70,terminated,0,750,1,1,0,1,1,2,1,3,0,1,1
4,637,750.0,66,terminated,0,750,1,1,0,1,1,2,1,3,0,1,1
4,638,750.0,46,terminated,0,750,0,1,0,0,1,1,1,2,0,0,0
4,639,750.0,70,terminated,0,750,1,1,0,1,1,2,1,3,0,1,1
4,640,750.0,46,terminated,0,750,0,1,0,0,1,1,1,2,0,0,0
4,641,750.0,66,terminated,0,750,1,1,0,1,1,2,1,3,0,1,1
4,642,750.0,66,terminated,0,750,1,1,0,1,1,2,1,3,0,1,1
4,643,750.0,66,terminated,0,750,1,1,0,1,1,2,1,3,0,1,1
4,644,750.0,70,terminated,0,750,1,1,0,1,1,2,1,3,0,1,1
4,645,750.0,66,terminated,0,750,1,1,0,1,1,2,1,3,0,1,1
4,646,750.0,66,terminated,0,750,1,1,0,1,1,2,1,3,0,1,1
4,647,750.0,46,terminated,0,750,0,1,0,0,1,1,1,2,0,0,0
4,648,750.0,70,terminated,0,750,1,1,0,1,1,2,1,3,0,1,1
4,649,750.0,66,terminated,0,750,1,1,0,1,1,2,1,3,0,1,1
4,650,750.0,66,terminated,0,750,1,1,0,1,1,2,1,3,0,1,1
4,651,750.0,46,terminated,0,750,0,1,0,0,1,1,1,2,0,0,0
4,652,750.0,66,terminated,0,750,1,1,0,1,1,2,1,3,0,1,1
4,653,750.0,66,terminated,0,750,1,1,0,1,1,2,1,3,0,1,1
4,654,750.0,70,terminated,0,750,1,1,0,1,1,2,1,3,0,1,1
4,655,750.0,66,terminated,0,750,1,1,0,1,1,2,1,3,0,1,1
4,656,750.0,66,terminated,0,750,1,1,0,1,1,2,1,3,0,1,1
4,657,750.0,66,terminated,0,750,1,1,0,1,1,2,1,3,0,1,1
4,658,750.0,66,terminated,0,750,1,1,0,1,1,2,1,3,0,1,1
4,659,750.0,66,terminated,0,750,1,1,0,1,1,2,1,3,0,1,1
4,660,750.0,46,terminated,0,750,0,1,0,0,1,1,1,2,0,0,0
4,661,750.0,70,terminated,0,750,1,1,0,1,1,2,1,3,0,1,1
4,662,750.0,66,terminated,0,750,1,1,0,1,1,2,1,3,0,1,1
4,663,750.0,66,terminated,0,750,1,1,0,1,1,2,1,3,0,1,1
4,664,750.0,66,terminated,0,750,1,1,0,1,1,2,1,3,0,1,1
4,665,750.0,66,terminated,0,750,1,1,0,1,1,2,1,3,0,1,1
4,666,750.0,70,terminated,0,750,1,1,0,1,1,2,1,3,0,1,1
4,667,750.0,66,terminated,0,750,1,1,0,1,1,2,1,3,0,1,1
4,668,750.0,66,terminated,0,750,1,1,0,1,1,2,1,3,0,1,1
4,669,750.0,66,terminated,0,750,1,1,0,1,1,2,1,3,0,1,1
4,670,750.0,66,terminated,0,750,1,1,0,1,1,2,1,3,0,1,1
4,671,750.0,66,terminated,0,750,1,1,0,1,1,2,1,3,0,1,1
4,672,750.0,46,terminated,0,750,0,1,0,0,1,1,1,2,0,0,0
4,673,750.0,66,terminated,0,750,1,1,0,1,1,2,1,3,0,1,1
4,674,750.0,66,terminated,0,750,1,1,0,1,1,2,1,3,0,1,1
4,675,750.0,66,terminated,0,750,1,1,0,1,1,2,1,3,0,1,1
4,676,750.0,70,terminated,0,750,1,1,0,1,1,2,1,3,0,1,1
4,677,750.0,66,terminated,0,750,1,1,0,1,1,2,1,3,0,1,1
4,678,750.0,66,terminated,0,750,1,1,0,1,1,2,1,3,0,1,1
4,679,750.0,66,terminated,0,750,1,1,0,1,1,2,1,3,0,1,1
4,680,750.0,66,terminated,0,750,1,1,0,1,1,2,1,3,0,1,1
4,681,750.0,66,terminated,0,750,1,1,0,1,1,2,1,3,0,1,1
4,682,750.0,70,terminated,0,750,1,1,0,1,1,2,1,3,0,1,1
4,683,750.0,66,terminated,0,750,1,1,0,1,1,2,1,3,0,1,1
4,684,750.0,70,terminated,0,750,1,1,0,1,1,2,1,3,0,1,1
4,685,750.0,70,terminated,0,750,1,1,0,1,1,2,1,3,0,1,1
4,686,750.0,66,terminated,0,750,1,1,0,1,1,2,1,3,0,1,1
4,687,750.0,66,terminated,0,750,1,1,0,1,1,2,1,3,0,1,1
4,688,750.0,66,terminated,0,750,1,1,0,1,1,2,1,3,0,1,1
4,689,750.0,66,terminated,0,750,1,1,0,1,1,2,1,3,0,1,1
4,690,750.0,66,terminated,0,750,1,1,0,1,1,2,1,3,0,1,1
4,691,750.0,66,terminated,0,750,1,1,0,1,1,2,1,3,0,1,1
4,692,750.0,70,terminated,0,750,1,1,0,1,1,2,1,3,0,1,1
4,693,750.0,66,terminated,0,750,1,1,0,1,1,2,1,3,0,1,1
4,694,750.0,66,terminated,0,750,1,1,0,1,1,2,1,3,0,1,1
4,695,750.0,66,terminated,0,750,1,1,0,1,1,2,1,3,0,1,1
4,696,750.0,66,terminated,0,750,1,1,0,1,1,2,1,3,0,1,1
4,697,750.0,70,terminated,0,750,1,1,0,1,1,2,1,3,0,1,1
4,698,750.0,66,terminated,0,750,1,1,0,1,1,2,1,3,0,1,1
4,699,750.0,66,terminated,0,750,1,1,0,1,1,2,1,3,0,1,1
4,700,750.0,70,terminated,0,750,1,1,0,1,1,2,1,3,0,1,1
4,701,750.0,66,terminated,0,750,1,1,0,1,1,2,1,3,0,1,1
4,702,750.0,66,terminated,0,750,1,1,0,1,1,2,1,3,0,1,1
4,703,750.0,66,terminated,0,750,1,1,0,1,1,2,1,3,0,1,1
4,704,750.0,66,terminated,0,750,1,1,0,1,1,2,1,3,0,1,1
4,705,750.0,66,terminated,0,750,1,1,0,1,1,2,1,3,0,1,1
4,706,750.0,46,terminated,0,750,0,1,0,0,1,1,1,2,0,0,0
4,707,750.0,66,terminated,0,750,1,1,0,1,1,2,1,3,0,1,1
4,708,750.0,70,terminated,0,750,1,1,0,1,1,2,1,3,0,1,1
4,709,750.0,66,terminated,0,750,1,1,0,1,1,2,1,3,0,1,1
4,710,750.0,46,terminated,0,750,0,1,0,0,1,1,1,2,0,0,0
4,711,750.0,66,terminated,0,750,1,1,0,1,1,2,1,3,0,1,1
4,712,750.0,66,terminated,0,750,1,1,0,1,1,2,1,3,0,1,1
4,713,750.0,66,terminated,0,750,1,1,0,1,1,2,1,3,0,1,1
4,714,750.0,66,terminated,0,750,1,1,0,1,1,2,1,3,0,1,1
4,715,750.0,70,terminated,0,750,1,1,0,1,1,2,1,3,0,1,1
4,716,750.0,70,terminated,0,750,1,1,0,1,1,2,1,3,0,1,1
4,717,750.0,66,terminated,0,750,1,1,0,1,1,2,1,3,0,1,1
4,718,750.0,70,terminated,0,750,1,1,0,1,1,2,1,3,0,1,1
4,719,750.0,46,terminated,0,750,0,1,0,0,1,1,1,2,0,0,0
4,720,750.0,66,terminated,0,750,1,1,0,1,1,2,1,3,0,1,1
4,721,750.0,66,terminated,0,750,1,1,0,1,1,2,1,3,0,1,1
4,722,750.0,70,terminated,0,750,1,1,0,1,1,2,1,3,0,1,1
4,723,750.0,46,terminated,0,750,0,1,0,0,1,1,1,2,0,0,0
4,724,750.0,66,terminated,0,750,1,1,0,1,1,2,1,3,0,1,1
4,725,750.0,66,terminated,0,750,1,1,0,1,1,2,1,3,0,1,1
4,726,750.0,70,terminated,0,750,1,1,0,1,1,2,1,3,0,1,1
4,727,750.0,66,terminated,0,750,1,1,0,1,1,2,1,3,0,1,1
4,728,750.0,66,terminated,0,750,1,1,0,1,1,2,1,3,0,1,1
4,729,750.0,66,terminated,0,750,1,1,0,1,1,2,1,3,0,1,1
4,730,750.0,70,terminated,0,750,1,1,0,1,1,2,1,3,0,1,1
4,731,750.0,66,terminated,0,750,1,1,0,1,1,2,1,3,0,1,1
4,732,750.0,70,terminated,0,750,1,1,0,1,1,2,1,3,0,1,1
4,733,750.0,66,terminated,0,750,1,1,0,1,1,2,1,3,0,1,1
4,734,750.0,66,terminated,0,750,1,1,0,1,1,2,1,3,0,1,1
4,735,750.0,66,terminated,0,750,1,1,0,1,1,2,1,3,0,1,1
4,736,750.0,66,terminated,0,750,1,1,0,1,1,2,1,3,0,1,1
4,737,750.0,66,terminated,0,750,1,1,0,1,1,2,1,3,0,1,1
4,738,750.0,66,terminated,0,750,1,1,0,1,1,2,1,3,0,1,1
4,739,750.0,46,terminated,0,750,0,1,0,0,1,1,1,2,0,0,0
4,740,750.0,66,terminated,0,750,1,1,0,1,1,2,1,3,0,1,1
4,741,750.0,70,terminated,0,750,1,1,0,1,1,2,1,3,0,1,1
4,742,750.0,66,terminated,0,750,1,1,0,1,1,2,1,3,0,1,1
4,743,750.0,66,terminated,0,750,1,1,0,1,1,2,1,3,0,1,1
4,744,750.0,66,terminated,0,750,1,1,0,1,1,2,1,3,0,1,1
4,745,750.0,66,terminated,0,750,1,1,0,1,1,2,1,3,0,1,1
4,746,750.0,66,terminated,0,750,1,1,0,1,1,2,1,3,0,1,1
4,747,750.0,66,terminated,0,750,1,1,0,1,1,2,1,3,0,1,1
4,748,750.0,66,terminated,0,750,1,1,0,1,1,2,1,3,0,1,1
4,749,750.0,66,terminated,0,750,1,1,0,1,1,2,1,3,0,1,1
4,750,750.0,66,terminated,0,750,1,1,0,1,1,2,1,3,0,1,1
4,751,750.0,66,terminated,0,750,1,1,0,1,1,2,1,3,0,1,1
4,752,750.0,66,terminated,0,750,1,1,0,1,1,2,1,3,0,1,1
4,753,750.0,66,terminated,0,750,1,1,0,1,1,2,1,3,0,1,1
4,754,750.0,66,terminated,0,750,1,1,0,1,1,2,1,3,0,1,1
4,755,750.0,70,terminated,0,750,1,1,0,1,1,2,1,3,0,1,1
4,756,750.0,66,terminated,0,750,1,1,0,1,1,2,1,3,0,1,1
4,757,750.0,66,terminated,0,750,1,1,0,1,1,2,1,3,0,1,1
4,758,750.0,66,terminated,0,750,1,1,0,1,1,2,1,3,0,1,1
4,759,750.0,66,terminated,0,750,1,1,0,1,1,2,1,3,0,1,1
4,760,750.0,66,terminated,0,750,1,1,0,1,1,2,1,3,0,1,1
4,761,750.0,70,terminated,0,750,1,1,0,1,1,2,1,3,0,1,1
4,762,750.0,66,terminated,0,750,1,1,0,1,1,2,1,3,0,1,1
4,763,750.0,66,terminated,0,750,1,1,0,1,1,2,1,3,0,1,1
4,764,750.0,70,terminated,0,750,1,1,0,1,1,2,1,3,0,1,1
4,765,750.0,70,terminated,0,750,1,1,0,1,1,2,1,3,0,1,1
4,766,750.0,66,terminated,0,750,1,1,0,1,1,2,1,3,0,1,1
4,767,750.0,66,terminated,0,750,1,1,0,1,1,2,1,3,0,1,1
4,768,750.0,66,terminated,0,750,1,1,0,1,1,2,1,3,0,1,1
4,769,750.0,66,terminated,0,750,1,1,0,1,1,2,1,3,0,1,1
4,770,750.0,66,terminated,0,750,1,1,0,1,1,2,1,3,0,1,1
4,771,750.0,66,terminated,0,750,1,1,0,1,1,2,1,3,0,1,1
4,772,750.0,66,terminated,0,750,1,1,0,1,1,2,1,3,0,1,1
4,773,750.0,66,terminated,0,750,1,1,0,1,1,2,1,3,0,1,1
4,774,750.0,66,terminated,0,750,1,1,0,1,1,2,1,3,0,1,1
4,775,750.0,66,terminated,0,750,1,1,0,1,1,2,1,3,0,1,1
4,776,750.0,70,terminated,0,750,1,1,0,1,1,2,1,3,0,1,1
4,777,750.0,70,terminated,0,750,1,1,0,1,1,2,1,3,0,1,1
4,778,750.0,66,terminated,0,750,1,1,0,1,1,2,1,3,0,1,1
4,779,750.0,66,terminated,0,750,1,1,0,1,1,2,1,3,0,1,1
4,780,750.0,66,terminated,0,750,1,1,0,1,1,2,1,3,0,1,1
4,781,750.0,66,terminated,0,750,1,1,0,1,1,2,1,3,0,1,1
4,782,750.0,66,terminated,0,750,1,1,0,1,1,2,1,3,0,1,1
4,783,750.0,66,terminated,0,750,1,1,0,1,1,2,1,3,0,1,1
4,784,750.0,66,terminated,0,750,1,1,0,1,1,2,1,3,0,1,1
4,785,750.0,66,terminated,0,750,1,1,0,1,1,2,1,3,0,1,1
4,786,750.0,46,terminated,0,750,0,1,0,0,1,1,1,2,0,0,0
4,787,750.0,66,terminated,0,750,1,1,0,1,1,2,1,3,0,1,1
4,788,750.0,70,terminated,0,750,1,1,0,1,1,2,1,3,0,1,1
4,789,750.0,66,terminated,0,750,1,1,0,1,1,2,1,3,0,1,1
4,790,750.0,66,terminated,0,750,1,1,0,1,1,2,1,3,0,1,1
4,791,750.0,66,terminated,0,750,1,1,0,1,1,2,1,3,0,1,1
4,792,750.0,46,terminated,0,750,0,1,0,0,1,1,1,2,0,0,0
4,793,750.0,70,terminated,0,750,1,1,0,1,1,2,1,3,0,1,1
4,794,750.0,66,terminated,0,750,1,1,0,1,1,2,1,3,0,1,1
4,795,750.0,66,terminated,0,750,1,1,0,1,1,2,1,3,0,1,1
4,796,750.0,66,terminated,0,750,1,1,0,1,1,2,1,3,0,1,1
4,797,750.0,66,terminated,0,750,1,1,0,1,1,2,1,3,0,1,1
4,798,750.0,70,terminated,0,750,1,1,0,1,1,2,1,3,0,1,1
4,799,750.0,66,terminated,0,750,1,1,0,1,1,2,1,3,0,1,1
4,800,750.0,66,terminated,0,750,1,1,0,1,1,2,1,3,0,1,1
4,801,750.0,66,terminated,0,750,1,1,0,1,1,2,1,3,0,1,1
4,802,750.0,66,terminated,0,750,1,1,0,1,1,2,1,3,0,1,1
4,803,750.0,66,terminated,0,750,1,1,0,1,1,2,1,3,0,1,1
4,804,750.0,70,terminated,0,750,1,1,0,1,1,2,1,3,0,1,1
4,805,750.0,66,terminated,0,750,1,1,0,1,1,2,1,3,0,1,1
4,806,750.0,66,terminated,0,750,1,1,0,1,1,2,1,3,0,1,1
4,807,750.0,66,terminated,0,750,1,1,0,1,1,2,1,3,0,1,1
4,808,750.0,66,terminated,0,750,1,1,0,1,1,2,1,3,0,1,1
4,809,750.0,66,terminated,0,750,1,1,0,1,1,2,1,3,0,1,1
4,810,750.0,66,terminated,0,750,1,1,0,1,1,2,1,3,0,1,1
4,811,750.0,66,terminated,0,750,1,1,0,1,1,2,1,3,0,1,1
4,812,750.0,66,terminated,0,750,1,1,0,1,1,2,1,3,0,1,1
4,813,750.0,66,terminated,0,750,1,1,0,1,1,2,1,3,0,1,1
4,814,750.0,66,terminated,0,750,1,1,0,1,1,2,1,3,0,1,1
4,815,750.0,66,terminated,0,750,1,1,0,1,1,2,1,3,0,1,1
4,816,750.0,66,terminated,0,750,1,1,0,1,1,2,1,3,0,1,1
4,817,750.0,70,terminated,0,750,1,1,0,1,1,2,1,3,0,1,1
4,818,750.0,66,terminated,0,750,1,1,0,1,1,2,1,3,0,1,1
4,819,750.0,66,terminated,0,750,1,1,0,1,1,2,1,3,0,1,1
4,820,750.0,66,terminated,0,750,1,1,0,1,1,2,1,3,0,1,1
4,821,750.0,66,terminated,0,750,1,1,0,1,1,2,1,3,0,1,1
4,822,750.0,66,terminated,0,750,1,1,0,1,1,2,1,3,0,1,1
4,823,750.0,66,terminated,0,750,1,1,0,1,1,2,1,3,0,1,1
4,824,750.0,66,terminated,0,750,1,1,0,1,1,2,1,3,0,1,1
4,825,750.0,66,terminated,0,750,1,1,0,1,1,2,1,3,0,1,1
4,826,750.0,66,terminated,0,750,1,1,0,1,1,2,1,3,0,1,1
4,827,750.0,66,terminated,0,750,1,1,0,1,1,2,1,3,0,1,1
4,828,750.0,66,terminated,0,750,1,1,0,1,1,2,1,3,0,1,1
4,829,750.0,66,terminated,0,750,1,1,0,1,1,2,1,3,0,1,1
4,830,750.0,70,terminated,0,750,1,1,0,1,1,2,1,3,0,1,1
4,831,750.0,46,terminated,0,750,0,1,0,0,1,1,1,2,0,0,0
4,832,750.0,66,terminated,0,750,1,1,0,1,1,2,1,3,0,1,1
4,833,750.0,70,terminated,0,750,1,1,0,1,1,2,1,3,0,1,1
4,834,750.0,70,terminated,0,750,1,1,0,1,1,2,1,3,0,1,1
4,835,750.0,66,terminated,0,750,1,1,0,1,1,2,1,3,0,1,1
4,836,750.0,66,terminated,0,750,1,1,0,1,1,2,1,3,0,1,1
4,837,750.0,66,terminated,0,750,1,1,0,1,1,2,1,3,0,1,1
4,838,750.0,66,terminated,0,750,1,1,0,1,1,2,1,3,0,1,1
4,839,750.0,70,terminated,0,750,1,1,0,1,1,2,1,3,0,1,1
4,840,750.0,66,terminated,0,750,1,1,0,1,1,2,1,3,0,1,1
4,841,750.0,66,terminated,0,750,1,1,0,1,1,2,1,3,0,1,1
4,842,750.0,66,terminated,0,750,1,1,0,1,1,2,1,3,0,1,1
4,843,750.0,66,terminated,0,750,1,1,0,1,1,2,1,3,0,1,1
4,844,750.0,66,terminated,0,750,1,1,0,1,1,2,1,3,0,1,1
4,845,750.0,70,terminated,0,750,1,1,0,1,1,2,1,3,0,1,1
4,846,750.0,66,terminated,0,750,1,1,0,1,1,2,1,3,0,1,1
4,847,750.0,66,terminated,0,750,1,1,0,1,1,2,1,3,0,1,1
4,848,750.0,66,terminated,0,750,1,1,0,1,1,2,1,3,0,1,1
4,849,750.0,66,terminated,0,750,1,1,0,1,1,2,1,3,0,1,1
4,850,750.0,70,terminated,0,750,1,1,0,1,1,2,1,3,0,1,1
4,851,750.0,66,terminated,0,750,1,1,0,1,1,2,1,3,0,1,1
4,852,750.0,66,terminated,0,750,1,1,0,1,1,2,1,3,0,1,1
4,853,750.0,66,terminated,0,750,1,1,0,1,1,2,1,3,0,1,1
4,854,750.0,70,terminated,0,750,1,1,0,1,1,2,1,3,0,1,1
4,855,750.0,66,terminated,0,750,1,1,0,1,1,2,1,3,0,1,1
4,856,750.0,66,terminated,0,750,1,1,0,1,1,2,1,3,0,1,1
4,857,750.0,70,terminated,0,750,1,1,0,1,1,2,1,3,0,1,1
4,858,750.0,66,terminated,0,750,1,1,0,1,1,2,1,3,0,1,1
4,859,750.0,70,terminated,0,750,1,1,0,1,1,2,1,3,0,1,1
4,860,750.0,66,terminated,0,750,1,1,0,1,1,2,1,3,0,1,1
4,861,750.0,70,terminated,0,750,1,1,0,1,1,2,1,3,0,1,1
4,862,750.0,66,terminated,0,750,1,1,0,1,1,2,1,3,0,1,1
4,863,750.0,66,terminated,0,750,1,1,0,1,1,2,1,3,0,1,1
4,864,750.0,70,terminated,0,750,1,1,0,1,1,2,1,3,0,1,1
4,865,750.0,46,terminated,0,750,0,1,0,0,1,1,1,2,0,0,0
4,866,750.0,66,terminated,0,750,1,1,0,1,1,2,1,3,0,1,1
4,867,750.0,66,terminated,0,750,1,1,0,1,1,2,1,3,0,1,1
4,868,750.0,66,terminated,0,750,1,1,0,1,1,2,1,3,0,1,1
4,869,750.0,66,terminated,0,750,1,1,0,1,1,2,1,3,0,1,1
4,870,750.0,70,terminated,0,750,1,1,0,1,1,2,1,3,0,1,1
4,871,750.0,66,terminated,0,750,1,1,0,1,1,2,1,3,0,1,1
4,872,750.0,70,terminated,0,750,1,1,0,1,1,2,1,3,0,1,1
4,873,750.0,46,terminated,0,750,0,1,0,0,1,1,1,2,0,0,0
4,874,750.0,66,terminated,0,750,1,1,0,1,1,2,1,3,0,1,1
4,875,750.0,46,terminated,0,750,0,1,0,0,1,1,1,2,0,0,0
4,876,750.0,66,terminated,0,750,1,1,0,1,1,2,1,3,0,1,1
4,877,750.0,70,terminated,0,750,1,1,0,1,1,2,1,3,0,1,1
4,878,750.0,66,terminated,0,750,1,1,0,1,1,2,1,3,0,1,1
4,879,750.0,66,terminated,0,750,1,1,0,1,1,2,1,3,0,1,1
4,880,750.0,66,terminated,0,750,1,1,0,1,1,2,1,3,0,1,1
4,881,750.0,70,terminated,0,750,1,1,0,1,1,2,1,3,0,1,1
4,882,750.0,66,terminated,0,750,1,1,0,1,1,2,1,3,0,1,1
4,883,750.0,70,terminated,0,750,1,1,0,1,1,2,1,3,0,1,1
4,884,750.0,66,terminated,0,750,1,1,0,1,1,2,1,3,0,1,1
4,885,750.0,66,terminated,0,750,1,1,0,1,1,2,1,3,0,1,1
4,886,750.0,66,terminated,0,750,1,1,0,1,1,2,1,3,0,1,1
4,887,750.0,66,terminated,0,750,1,1,0,1,1,2,1,3,0,1,1
4,888,750.0,66,terminated,0,750,1,1,0,1,1,2,1,3,0,1,1
4,889,750.0,66,terminated,0,750,1,1,0,1,1,2,1,3,0,1,1
4,890,750.0,66,terminated,0,750,1,1,0,1,1,2,1,3,0,1,1
4,891,750.0,66,terminated,0,750,1,1,0,1,1,2,1,3,0,1,1
4,892,750.0,66,terminated,0,750,1,1,0,1,1,2,1,3,0,1,1
4,893,750.0,70,terminated,0,750,1,1,0,1,1,2,1,3,0,1,1
4,894,750.0,66,terminated,0,750,1,1,0,1,1,2,1,3,0,1,1
4,895,750.0,66,terminated,0,750,1,1,0,1,1,2,1,3,0,1,1
4,896,750.0,70,terminated,0,750,1,1,0,1,1,2,1,3,0,1,1
4,897,750.0,70,terminated,0,750,1,1,0,1,1,2,1,3,0,1,1
4,898,750.0,66,terminated,0,750,1,1,0,1,1,2,1,3,0,1,1
4,899,750.0,70,terminated,0,750,1,1,0,1,1,2,1,3,0,1,1
4,900,750.0,66,terminated,0,750,1,1,0,1,1,2,1,3,0,1,1
4,901,750.0,66,terminated,0,750,1,1,0,1,1,2,1,3,0,1,1
4,902,750.0,66,terminated,0,750,1,1,0,1,1,2,1,3,0,1,1
4,903,750.0,66,terminated,0,750,1,1,0,1,1,2,1,3,0,1,1
4,904,750.0,70,terminated,0,750,1,1,0,1,1,2,1,3,0,1,1
4,905,750.0,70,terminated,0,750,1,1,0,1,1,2,1,3,0,1,1
4,906,750.0,70,terminated,0,750,1,1,0,1,1,2,1,3,0,1,1
4,907,750.0,66,terminated,0,750,1,1,0,1,1,2,1,3,0,1,1
4,908,750.0,66,terminated,0,750,1,1,0,1,1,2,1,3,0,1,1
4,909,750.0,66,terminated,0,750,1,1,0,1,1,2,1,3,0,1,1
4,910,750.0,70,terminated,0,750,1,1,0,1,1,2,1,3,0,1,1
4,911,750.0,66,terminated,0,750,1,1,0,1,1,2,1,3,0,1,1
4,912,750.0,66,terminated,0,750,1,1,0,1,1,2,1,3,0,1,1
4,913,750.0,66,terminated,0,750,1,1,0,1,1,2,1,3,0,1,1
4,914,750.0,66,terminated,0,750,1,1,0,1,1,2,1,3,0,1,1
4,915,750.0,66,terminated,0,750,1,1,0,1,1,2,1,3,0,1,1
4,916,750.0,46,terminated,0,750,0,1,0,0,1,1,1,2,0,0,0
4,917,750.0,70,terminated,0,750,1,1,0,1,1,2,1,3,0,1,1
4,918,750.0,70,terminated,0,750,1,1,0,1,1,2,1,3,0,1,1
4,919,750.0,70,terminated,0,750,1,1,0,1,1,2,1,3,0,1,1
4,920,750.0,66,terminated,0,750,1,1,0,1,1,2,1,3,0,1,1
4,921,750.0,66,terminated,0,750,1,1,0,1,1,2,1,3,0,1,1
4,922,750.0,66,terminated,0,750,1,1,0,1,1,2,1,3,0,1,1
4,923,750.0,66,terminated,0,750,1,1,0,1,1,2,1,3,0,1,1
4,924,750.0,46,terminated,0,750,0,1,0,0,1,1,1,2,0,0,0
4,925,750.0,66,terminated,0,750,1,1,0,1,1,2,1,3,0,1,1
4,926,750.0,66,terminated,0,750,1,1,0,1,1,2,1,3,0,1,1
4,927,750.0,66,terminated,0,750,1,1,0,1,1,2,1,3,0,1,1
4,928,750.0,66,terminated,0,750,1,1,0,1,1,2,1,3,0,1,1
4,929,750.0,70,terminated,0,750,1,1,0,1,1,2,1,3,0,1,1
4,930,750.0,70,terminated,0,750,1,1,0,1,1,2,1,3,0,1,1
4,931,750.0,66,terminated,0,750,1,1,0,1,1,2,1,3,0,1,1
4,932,750.0,66,terminated,0,750,1,1,0,1,1,2,1,3,0,1,1
4,933,750.0,66,terminated,0,750,1,1,0,1,1,2,1,3,0,1,1
4,934,750.0,66,terminated,0,750,1,1,0,1,1,2,1,3,0,1,1
4,935,750.0,66,terminated,0,750,1,1,0,1,1,2,1,3,0,1,1
4,936,750.0,66,terminated,0,750,1,1,0,1,1,2,1,3,0,1,1
4,937,750.0,70,terminated,0,750,1,1,0,1,1,2,1,3,0,1,1
4,938,750.0,46,terminated,0,750,0,1,0,0,1,1,1,2,0,0,0
4,939,750.0,66,terminated,0,750,1,1,0,1,1,2,1,3,0,1,1
4,940,750.0,70,terminated,0,750,1,1,0,1,1,2,1,3,0,1,1
4,941,750.0,66,terminated,0,750,1,1,0,1,1,2,1,3,0,1,1
4,942,750.0,66,terminated,0,750,1,1,0,1,1,2,1,3,0,1,1
4,943,750.0,66,terminated,0,750,1,1,0,1,1,2,1,3,0,1,1
4,944,750.0,66,terminated,0,750,1,1,0,1,1,2,1,3,0,1,1
4,945,750.0,66,terminated,0,750,1,1,0,1,1,2,1,3,0,1,1
4,946,750.0,66,terminated,0,750,1,1,0,1,1,2,1,3,0,1,1
4,947,750.0,66,terminated,0,750,1,1,0,1,1,2,1,3,0,1,1
4,948,750.0,66,terminated,0,750,1,1,0,1,1,2,1,3,0,1,1
4,949,750.0,66,terminated,0,750,1,1,0,1,1,2,1,3,0,1,1
4,950,750.0,66,terminated,0,750,1,1,0,1,1,2,1,3,0,1,1
4,951,750.0,66,terminated,0,750,1,1,0,1,1,2,1,3,0,1,1
4,952,750.0,66,terminated,0,750,1,1,0,1,1,2,1,3,0,1,1
4,953,750.0,66,terminated,0,750,1,1,0,1,1,2,1,3,0,1,1
4,954,750.0,70,terminated,0,750,1,1,0,1,1,2,1,3,0,1,1
4,955,750.0,66,terminated,0,750,1,1,0,1,1,2,1,3,0,1,1
4,956,750.0,66,terminated,0,750,1,1,0,1,1,2,1,3,0,1,1
4,957,750.0,66,terminated,0,750,1,1,0,1,1,2,1,3,0,1,1
4,958,750.0,70,terminated,0,750,1,1,0,1,1,2,1,3,0,1,1
4,959,750.0,66,terminated,0,750,1,1,0,1,1,2,1,3,0,1,1
4,960,750.0,66,terminated,0,750,1,1,0,1,1,2,1,3,0,1,1
4,961,750.0,66,terminated,0,750,1,1,0,1,1,2,1,3,0,1,1
4,962,750.0,66,terminated,0,750,1,1,0,1,1,2,1,3,0,1,1
4,963,750.0,66,terminated,0,750,1,1,0,1,1,2,1,3,0,1,1
4,964,750.0,66,terminated,0,750,1,1,0,1,1,2,1,3,0,1,1
4,965,750.0,66,terminated,0,750,1,1,0,1,1,2,1,3,0,1,1
4,966,750.0,66,terminated,0,750,1,1,0,1,1,2,1,3,0,1,1
4,967,750.0,66,terminated,0,750,1,1,0,1,1,2,1,3,0,1,1
4,968,750.0,66,terminated,0,750,1,1,0,1,1,2,1,3,0,1,1
4,969,750.0,66,terminated,0,750,1,1,0,1,1,2,1,3,0,1,1
4,970,750.0,66,terminated,0,750,1,1,0,1,1,2,1,3,0,1,1
4,971,750.0,66,terminated,0,750,1,1,0,1,1,2,1,3,0,1,1
4,972,750.0,66,terminated,0,750,1,1,0,1,1,2,1,3,0,1,1
4,973,750.0,70,terminated,0,750,1,1,0,1,1,2,1,3,0,1,1
4,974,750.0,66,terminated,0,750,1,1,0,1,1,2,1,3,0,1,1
4,975,750.0,66,terminated,0,750,1,1,0,1,1,2,1,3,0,1,1
4,976,750.0,66,terminated,0,750,1,1,0,1,1,2,1,3,0,1,1
4,977,750.0,66,terminated,0,750,1,1,0,1,1,2,1,3,0,1,1
4,978,750.0,70,terminated,0,750,1,1,0,1,1,2,1,3,0,1,1
4,979,750.0,66,terminated,0,750,1,1,0,1,1,2,1,3,0,1,1
4,980,750.0,66,terminated,0,750,1,1,0,1,1,2,1,3,0,1,1
4,981,750.0,70,terminated,0,750,1,1,0,1,1,2,1,3,0,1,1
4,982,750.0,66,terminated,0,750,1,1,0,1,1,2,1,3,0,1,1
4,983,750.0,66,terminated,0,750,1,1,0,1,1,2,1,3,0,1,1
4,984,750.0,66,terminated,0,750,1,1,0,1,1,2,1,3,0,1,1
4,985,750.0,66,terminated,0,750,1,1,0,1,1,2,1,3,0,1,1
4,986,750.0,66,terminated,0,750,1,1,0,1,1,2,1,3,0,1,1
4,987,750.0,66,terminated,0,750,1,1,0,1,1,2,1,3,0,1,1
4,988,750.0,66,terminated,0,750,1,1,0,1,1,2,1,3,0,1,1
4,989,750.0,70,terminated,0,750,1,1,0,1,1,2,1,3,0,1,1
4,990,750.0,66,terminated,0,750,1,1,0,1,1,2,1,3,0,1,1
4,991,750.0,66,terminated,0,750,1,1,0,1,1,2,1,3,0,1,1
4,992,750.0,46,terminated,0,750,0,1,0,0,1,1,1,2,0,0,0
4,993,750.0,66,terminated,0,750,1,1,0,1,1,2,1,3,0,1,1
4,994,750.0,70,terminated,0,750,1,1,0,1,1,2,1,3,0,1,1
4,995,750.0,70,terminated,0,750,1,1,0,1,1,2,1,3,0,1,1
4,996,750.0,66,terminated,0,750,1,1,0,1,1,2,1,3,0,1,1
4,997,750.0,66,terminated,0,750,1,1,0,1,1,2,1,3,0,1,1
4,998,750.0,66,terminated,0,750,1,1,0,1,1,2,1,3,0,1,1
4,999,750.0,46,terminated,0,750,0,1,0,0,1,1,1,2,0,0,0
