schema_version,timesteps,episodes,return_mean,return_std,length_mean,length_std,metric/score_mean,metric/score_std,count/gardener%2Fcollect-one-v0/count_mean,count/gardener%2Fcollect-one-v0/count_std,count/gardener%2Fdrain-v0/Drain_mean,count/gardener%2Fdrain-v0/Drain_std,count/gardener%2Fdrain-v0/Drain%2F0_mean,count/gardener%2Fdrain-v0/Drain%2F0_std,count/gardener%2Fdrain-v0/Drain%2F1_mean,count/gardener%2Fdrain-v0/Drain%2F1_std,count/gardener%2Fdrain-v0/Drain%2F2_mean,count/gardener%2Fdrain-v0/Drain%2F2_std,count/gardener%2Fdrain-v0/Drain%2F3_mean,count/gardener%2Fdrain-v0/Drain%2F3_std,count/gardener%2Fpermission-aware-v0/Collected_mean,count/gardener%2Fpermission-aware-v0/Collected_std,count/gardener%2Fpermission-aware-v0/Collected%2F0_mean,count/gardener%2Fpermission-aware-v0/Collected%2F0_std,count/gardener%2Fpermission-aware-v0/Collected%2F1_mean,count/gardener%2Fpermission-aware-v0/Collected%2F1_std,count/gardener%2Fpermission-aware-v0/Permitted_mean,count/gardener%2Fpermission-aware-v0/Permitted_std,count/gardener%2Fpermission-aware-v0/Permitted%2F0_mean,count/gardener%2Fpermission-aware-v0/Permitted%2F0_std,count/gardener%2Fpermission-aware-v0/Permitted%2F1_mean,count/gardener%2Fpermission-aware-v0/Permitted%2F1_std,count/gardener%2Fpermission-aware-v0/Unpermitted_mean,count/gardener%2Fpermission-aware-v0/Unpermitted_std,count/gardener%2Fpermission-aware-v0/Unpermitted%2F0_mean,count/gardener%2Fpermission-aware-v0/Unpermitted%2F0_std,count/gardener%2Fpermission-aware-v0/Unpermitted%2F1_mean,count/gardener%2Fpermission-aware-v0/Unpermitted%2F1_std,count/gardener%2Frescue-v2/Rescue_mean,count/gardener%2Frescue-v2/Rescue_std,count/gardener%2Frescue-v2/Rescue%2F0_mean,count/gardener%2Frescue-v2/Rescue%2F0_std,count/gardener%2Frescue-v2/Rescue%2F1_mean,count/gardener%2Frescue-v2/Rescue%2F1_std
4,0,100,-77.49999999999847,71.54544010627136,1000.0,0.0,22.5,71.54544010627092,0.62,0.4853864439804639,0.06,0.36932370625238775,0.0,0.0,0.02,0.198997487421324,0.01,0.099498743710662,0.03,0.298496231131986,0.49,0.6854925236645546,0.23,0.4208325082500163,0.26,0.4386342439892262,0.0,0.0,0.0,0.0,0.0,0.0,0.49,0.6854925236645546,0.23,0.4208325082500163,0.26,0.4386342439892262,0.06,0.36932370625238775,0.03,0.22158519806160337,0.03,0.1705872210923198
4,50000,100,-67.09499999999852,80.94481746844609,996.95,30.347116831751908,32.6,79.87327462925255,0.8,0.4,0.02,0.14,0.0,0.0,0.01,0.099498743710662,0.01,0.099498743710662,0.0,0.0,0.24,0.5122499389946279,0.12,0.32496153618543844,0.12,0.32496153618543844,0.06,0.23748684174075835,0.02,0.14,0.04,0.19595917942265426,0.18,0.4556314299957807,0.1,0.3,0.08,0.2712931993250107,0.01,0.099498743710662,0.0,0.0,0.01,0.099498743710662
4,100000,100,-75.63299999999855,72.91150945495538,995.83,41.49097612734605,23.95,71.19443447348957,0.78,0.4142463035441596,0.01,0.099498743710662,0.01,0.099498743710662,0.0,0.0,0.0,0.0,0.0,0.0,0.28,0.567097875150313,0.12,0.32496153618543844,0.16,0.3666060555964672,0.0,0.0,0.0,0.0,0.0,0.0,0.28,0.567097875150313,0.12,0.32496153618543844,0.16,0.3666060555964672,0.02,0.198997487421324,0.01,0.099498743710662,0.01,0.099498743710662
4,150000,100,28.077000000001252,141.734819896171,893.23,237.7790510116482,117.05,124.32235317914474,0.73,0.4439594576084623,0.33,1.1318568814121333,0.17,1.0775435026020992,0.03,0.1705872210923198,0.06,0.23748684174075835,0.07,0.2551470164434615,0.39,0.6913031173081747,0.19,0.3923009049186606,0.2,0.4,0.2,0.469041575982343,0.11,0.31288975694324034,0.09,0.2861817604250837,0.19,0.3923009049186606,0.08,0.2712931993250107,0.11,0.31288975694324034,0.27,1.0849423947841654,0.1,0.41231056256176607,0.17,1.0203430795570674
4,200000,100,44.81700000000143,146.48126914728752,876.83,244.26977115476242,131.95,128.39177349036035,0.73,0.4439594576084623,0.14,0.510294032886923,0.03,0.1705872210923198,0.03,0.298496231131986,0.01,0.099498743710662,0.07,0.3809199390948182,0.33,0.5840376700179536,0.17,0.37563279941985894,0.16,0.3666060555964672,0.12,0.32496153618543844,0.08,0.2712931993250107,0.04,0.19595917942265426,0.21,0.49588305072869754,0.09,0.2861817604250837,0.12,0.32496153618543844,0.13,0.5030904491242106,0.07,0.3536947836765479,0.06,0.27640549922170504
4,250000,100,-70.26199999999857,79.57291345677915,993.62,44.710352268797884,29.1,77.2411159940093,0.68,0.466476151587624,0.03,0.1705872210923198,0.01,0.099498743710662,0.02,0.14,0.0,0.0,0.0,0.0,0.37,0.5771481612203231,0.18,0.3841874542459709,0.19,0.3923009049186606,0.02,0.14,0.01,0.099498743710662,0.01,0.099498743710662,0.35,0.5722761571129799,0.17,0.37563279941985894,0.18,0.3841874542459709,0.03,0.1705872210923198,0.03,0.1705872210923198,0.0,0.0
4,300000,100,-85.19999999999864,53.28658367731996,1000.0,0.0,14.8,53.286583677319754,0.69,0.4624932431938871,0.02,0.14,0.0,0.0,0.01,0.099498743710662,0.0,0.0,0.01,0.099498743710662,0.37,0.5942221806698232,0.15,0.3570714214271425,0.22,0.4142463035441596,0.0,0.0,0.0,0.0,0.0,0.0,0.37,0.5942221806698232,0.15,0.3570714214271425,0.22,0.4142463035441596,0.02,0.14,0.02,0.14,0.0,0.0
4,350000,100,-76.93799999999872,65.54348599212598,996.88,31.043608037726543,22.7,63.8921747947274,0.66,0.4737087712930804,0.05,0.25980762113533157,0.02,0.14,0.01,0.099498743710662,0.01,0.099498743710662,0.01,0.099498743710662,0.41,0.617980582219215,0.2,0.4,0.21,0.40730823708832603,0.0,0.0,0.0,0.0,0.0,0.0,0.41,0.617980582219215,0.2,0.4,0.21,0.40730823708832603,0.04,0.24166091947189144,0.01,0.099498743710662,0.03,0.1705872210923198
4,400000,100,-45.822999999998736,102.34131995924255,973.73,113.37635159062052,51.55,95.07811262325309,0.68,0.466476151587624,0.06,0.23748684174075835,0.0,0.0,0.02,0.14,0.02,0.14,0.02,0.14,0.41,0.6495382975621992,0.21,0.40730823708832603,0.2,0.4,0.0,0.0,0.0,0.0,0.0,0.0,0.41,0.6495382975621992,0.21,0.40730823708832603,0.2,0.4,0.03,0.1705872210923198,0.01,0.099498743710662,0.02,0.14
4,450000,100,-79.19999999999872,60.3768167428528,1000.0,0.0,20.8,60.37681674285255,0.72,0.44899888641287294,0.05,0.21794494717703367,0.02,0.14,0.02,0.14,0.0,0.0,0.01,0.099498743710662,0.34,0.5868560300448484,0.2,0.4,0.14,0.34698703145794946,0.01,0.099498743710662,0.01,0.099498743710662,0.0,0.0,0.33,0.5666568626602876,0.19,0.3923009049186606,0.14,0.34698703145794946,0.04,0.19595917942265426,0.02,0.14,0.02,0.14
4,500000,100,-77.79999999999869,63.25472314380985,1000.0,0.0,22.2,63.254723143809585,0.55,0.49749371855331,0.05,0.25980762113533157,0.0,0.0,0.0,0.0,0.04,0.24166091947189144,0.01,0.099498743710662,0.56,0.6829348431585549,0.3,0.458257569495584,0.26,0.4386342439892262,0.0,0.0,0.0,0.0,0.0,0.0,0.56,0.6829348431585549,0.3,0.458257569495584,0.26,0.4386342439892262,0.05,0.25980762113533157,0.02,0.14,0.03,0.22158519806160337
4,550000,100,-82.49999999999868,55.18831398040724,1000.0,0.0,17.5,55.18831398040712,0.68,0.466476151587624,0.0,0.0,0.0,0.0,0.0,0.0,0.0,0.0,0.0,0.0,0.39,0.6147357155721473,0.21,0.40730823708832603,0.18,0.3841874542459709,0.0,0.0,0.0,0.0,0.0,0.0,0.39,0.6147357155721473,0.21,0.40730823708832603,0.18,0.3841874542459709,0.0,0.0,0.0,0.0,0.0,0.0
4,600000,100,-59.99499999999853,88.20857370460118,998.45,15.42230527515261,39.85,87.73669414788775,0.61,0.4877499359302879,0.23,1.5675139552807815,0.0,0.0,0.03,0.298496231131986,0.05,0.4092676385936225,0.15,1.49248115565993,0.49,0.6707458535093601,0.29,0.4537620521815371,0.2,0.4,0.0,0.0,0.0,0.0,0.0,0.0,0.49,0.6707458535093601,0.29,0.4537620521815371,0.2,0.4,0.23,1.5675139552807815,0.03,0.22158519806160337,0.2,1.5427248620541512
4,650000,100,23.834000000001403,159.78360880891378,851.66,265.02332802981704,108.5,137.49636358827823,0.65,0.47696960070847283,0.18,0.712460525222275,0.08,0.4166533331199932,0.04,0.19595917942265426,0.02,0.198997487421324,0.04,0.24166091947189144,0.53,0.7804485889538144,0.26,0.4386342439892262,0.27,0.4439594576084623,0.03,0.1705872210923198,0.02,0.14,0.01,0.099498743710662,0.5,0.7416198487095663,0.24,0.4270831300812524,0.26,0.4386342439892262,0.15,0.6383572667401852,0.06,0.36932370625238775,0.09,0.5309425580983314
4,700000,100,8.514000000001218,163.0094021950878,841.36,278.65873465585105,92.0,137.42634390829147,0.71,0.4537620521815371,0.19,0.4624932431938871,0.03,0.1705872210923198,0.04,0.19595917942265426,0.05,0.21794494717703367,0.07,0.2551470164434615,0.47,0.7804485889538144,0.22,0.4142463035441596,0.25,0.4330127018922193,0.02,0.14,0.01,0.099498743710662,0.01,0.099498743710662,0.45,0.7533259586659682,0.21,0.40730823708832603,0.24,0.4270831300812524,0.14,0.4004996878900157,0.06,0.31048349392520047,0.08,0.2712931993250107
4,750000,100,-51.58899999999868,90.27844249321123,994.89,50.843858036148276,47.85,88.52190406899301,0.62,0.4853864439804639,0.13,1.0065286881157436,0.0,0.0,0.02,0.14,0.01,0.099498743710662,0.1,0.99498743710662,0.44,0.6053098380168622,0.25,0.4330127018922193,0.19,0.3923009049186606,0.0,0.0,0.0,0.0,0.0,0.0,0.44,0.6053098380168622,0.25,0.4330127018922193,0.19,0.3923009049186606,0.13,1.0065286881157436,0.12,1.002796090937734,0.01,0.099498743710662
4,800000,100,-52.23899999999869,89.71320403931652,994.89,50.843858036148276,47.2,87.94123037574582,0.62,0.4853864439804639,0.13,1.0065286881157436,0.0,0.0,0.02,0.14,0.01,0.099498743710662,0.1,0.99498743710662,0.44,0.6053098380168622,0.25,0.4330127018922193,0.19,0.3923009049186606,0.0,0.0,0.0,0.0,0.0,0.0,0.44,0.6053098380168622,0.25,0.4330127018922193,0.19,0.3923009049186606,0.13,1.0065286881157436,0.12,1.002796090937734,0.01,0.099498743710662
4,850000,100,-69.26299999999883,70.49768599748506,997.13,28.556139444959992,30.45,69.3328745978414,0.75,0.4330127018922193,0.13,0.7437069315261221,0.1,0.714142842854285,0.02,0.198997487421324,0.0,0.0,0.01,0.099498743710662,0.37,0.6878226515607058,0.16,0.3666060555964672,0.21,0.40730823708832603,0.01,0.099498743710662,0.0,0.0,0.01,0.099498743710662,0.36,0.6711184694225006,0.16,0.3666060555964672,0.2,0.4,0.11,0.7334166619323561,0.05,0.3570714214271425,0.06,0.42
4,900000,100,-60.736999999998524,89.96520066670263,993.87,42.935685623965526,38.6,87.89505105522153,0.7,0.458257569495584,0.04,0.28,0.04,0.28,0.0,0.0,0.0,0.0,0.0,0.0,0.34,0.5517245689653488,0.18,0.3841874542459709,0.16,0.3666060555964672,0.0,0.0,0.0,0.0,0.0,0.0,0.34,0.5517245689653488,0.18,0.3841874542459709,0.16,0.3666060555964672,0.04,0.28,0.02,0.198997487421324,0.02,0.198997487421324
4,950000,100,-50.08899999999867,91.31108464474642,994.89,50.843858036148276,49.35,89.58419224394447,0.62,0.4853864439804639,0.13,1.0065286881157436,0.0,0.0,0.02,0.14,0.01,0.099498743710662,0.1,0.99498743710662,0.44,0.6053098380168622,0.25,0.4330127018922193,0.19,0.3923009049186606,0.0,0.0,0.0,0.0,0.0,0.0,0.44,0.6053098380168622,0.25,0.4330127018922193,0.19,0.3923009049186606,0.13,1.0065286881157436,0.12,1.002796090937734,0.01,0.099498743710662
4,1000000,100,-43.814999999998605,98.00600734138742,990.65,65.80841511539387,55.25,95.41586608106641,0.65,0.47696960070847283,0.07,0.4528796749689701,0.02,0.198997487421324,0.01,0.099498743710662,0.01,0.099498743710662,0.03,0.298496231131986,0.43,0.6364746656387825,0.27,0.4439594576084623,0.16,0.3666060555964672,0.01,0.099498743710662,0.01,0.099498743710662,0.0,0.0,0.42,0.6193545026880809,0.26,0.4386342439892262,0.16,0.3666060555964672,0.07,0.4528796749689701,0.05,0.3570714214271425,0.02,0.14
