schema_version,timesteps,episodes,return_mean,return_std,length_mean,length_std,metric/blue_eaten_mean,metric/blue_eaten_std,metric/food_remaining_mean,metric/food_remaining_std,metric/lost_mean,metric/lost_std,metric/orange_eaten_mean,metric/orange_eaten_std,metric/score_mean,metric/score_std,metric/won_mean,metric/won_std,count/pacman%2Fconditional-vegan-v0/ConditionalVegan_mean,count/pacman%2Fconditional-vegan-v0/ConditionalVegan_std,count/pacman%2Fconditional-vegan-v0/ConditionalVegetarianBlue_mean,count/pacman%2Fconditional-vegan-v0/ConditionalVegetarianBlue_std,count/pacman%2Fconditional-vegan-v0/ConditionalVegetarianOrange_mean,count/pacman%2Fconditional-vegan-v0/ConditionalVegetarianOrange_std,count/pacman%2Fhungry-v0/count_mean,count/pacman%2Fhungry-v0/count_std,count/pacman%2Fhungry-vegan-penalty-v1/CTD_mean,count/pacman%2Fhungry-vegan-penalty-v1/CTD_std,count/pacman%2Fhungry-vegan-penalty-v1/Hungr_mean,count/pacman%2Fhungry-vegan-penalty-v1/Hungr_std,count/pacman%2Fhungry-vegan-penalty-v1/HungryVeganPenalty_mean,count/pacman%2Fhungry-vegan-penalty-v1/HungryVeganPenalty_std,count/pacman%2Fhungry-vegan-penalty-v1/VegetarianBlue_mean,count/pacman%2Fhungry-vegan-penalty-v1/VegetarianBlue_std,count/pacman%2Fhungry-vegan-penalty-v1/VegetarianOrange_mean,count/pacman%2Fhungry-vegan-penalty-v1/VegetarianOrange_std,count/pacman%2Fhungry-vegan-v0/Hungr_mean,count/pacman%2Fhungry-vegan-v0/Hungr_std,count/pacman%2Fhungry-vegan-v0/HungryVegan_mean,count/pacman%2Fhungry-vegan-v0/HungryVegan_std,count/pacman%2Fhungry-vegan-v0/VegetarianBlue_mean,count/pacman%2Fhungry-vegan-v0/VegetarianBlue_std,count/pacman%2Fhungry-vegan-v0/VegetarianOrange_mean,count/pacman%2Fhungry-vegan-v0/VegetarianOrange_std,count/pacman%2Fhungry-vegetarian-v0/Hungr_mean,count/pacman%2Fhungry-vegetarian-v0/Hungr_std,count/pacman%2Fhungry-vegetarian-v0/HungryVegetarian_mean,count/pacman%2Fhungry-vegetarian-v0/HungryVegetarian_std,count/pacman%2Fhungry-vegetarian-v0/VegetarianOrange_mean,count/pacman%2Fhungry-vegetarian-v0/VegetarianOrange_std,count/pacman%2Fpenalty-v0/CTD_mean,count/pacman%2Fpenalty-v0/CTD_std,count/pacman%2Fpenalty-v0/Penalty%28total%29_mean,count/pacman%2Fpenalty-v0/Penalty%28total%29_std,count/pacman%2Fpenalty-v0/VegetarianBlue_mean,count/pacman%2Fpenalty-v0/VegetarianBlue_std,count/pacman%2Fpenalty-v0/VegetarianOrange_mean,count/pacman%2Fpenalty-v0/VegetarianOrange_std,count/pacman%2Ftrapped-v1/count_mean,count/pacman%2Ftrapped-v1/count_std,count/pacman%2Fvegan-preference-v0/VeganPreference_mean,count/pacman%2Fvegan-preference-v0/VeganPreference_std,count/pacman%2Fvegan-preference-v0/VegetarianBlue_mean,count/pacman%2Fvegan-preference-v0/VegetarianBlue_std,count/pacman%2Fvegan-preference-v0/VegetarianOrange_mean,count/pacman%2Fvegan-preference-v0/VegetarianOrange_std,count/pacman%2Fvegan-v0/Vegan_mean,count/pacman%2Fvegan-v0/Vegan_std,count/pacman%2Fvegan-v0/VegetarianBlue_mean,count/pacman%2Fvegan-v0/VegetarianBlue_std,count/pacman%2Fvegan-v0/VegetarianOrange_mean,count/pacman%2Fvegan-v0/VegetarianOrange_std,count/pacman%2Fvegetarian-blue-v0/count_mean,count/pacman%2Fvegetarian-blue-v0/count_std,count/pacman%2Fvegetarian-orange-v0/count_mean,count/pacman%2Fvegetarian-orange-v0/count_std
4,0,1000,-551.591,58.16264883067139,71.471,53.03961876748362,0.0,0.0,53.332,3.0841167293084095,0.994,0.0772269383052313,0.001,0.03160696125855822,-551.591,58.16264883067139,0.0,0.0,0.0,0.0,0.0,0.0,0.0,0.0,0.993,0.08337265738837883,0.0,0.0,0.993,0.08337265738837883,0.994,0.0772269383052313,0.0,0.0,0.001,0.03160696125855822,0.993,0.08337265738837883,0.994,0.0772269383052313,0.0,0.0,0.001,0.03160696125855822,0.993,0.08337265738837883,0.994,0.0772269383052313,0.001,0.03160696125855822,0.0,0.0,0.001,0.03160696125855822,0.0,0.0,0.001,0.03160696125855822,0.0,0.0,0.001,0.03160696125855822,0.0,0.0,0.001,0.03160696125855822,0.001,0.03160696125855822,0.0,0.0,0.001,0.03160696125855822,0.0,0.0,0.001,0.03160696125855822
4,250000,1000,1297.811,488.1558821513882,75.249,16.6404627039034,1.298,0.6489961479084448,2.674,8.30335618891542,0.154,0.3609487498246808,1.221,0.6885920417780037,1297.811,488.1558821513882,0.846,0.3609487498246808,1.108,0.8822335291746738,0.559,0.616862221245555,0.549,0.6241786603209052,0.72,0.45122056690713913,2.417,0.9290376741553595,0.72,0.45122056690713913,5.656,1.8389301237404319,1.298,0.6489961479084448,1.221,0.6885920417780037,0.72,0.45122056690713913,3.239,0.9929143971158843,1.298,0.6489961479084448,1.221,0.6885920417780037,0.72,0.45122056690713913,1.941,0.8034419705243185,1.221,0.6885920417780037,2.417,0.9290376741553595,4.936,1.8346400191863252,1.298,0.6489961479084448,1.221,0.6885920417780037,7.124,6.9678277820279115,2.519,0.9325443689176403,1.298,0.6489961479084448,1.221,0.6885920417780037,2.519,0.9325443689176403,1.298,0.6489961479084448,1.221,0.6885920417780037,1.298,0.6489961479084448,1.221,0.6885920417780037
4,500000,1000,1365.733,514.6243967312471,86.457,25.04484280246135,1.542,0.5951772845127744,3.261,10.02730666729606,0.151,0.35804887934470625,1.387,0.6505620646794585,1365.733,514.6243967312471,0.849,0.35804887934470625,1.427,0.9923059004157941,0.712,0.6819501448053222,0.715,0.6586159730829492,0.683,0.46530742525775365,2.773,0.9588905046980077,0.683,0.46530742525775365,6.385,1.8184540137160468,1.542,0.5951772845127744,1.387,0.6505620646794585,0.683,0.46530742525775365,3.612,0.9567946488144674,1.542,0.5951772845127744,1.387,0.6505620646794585,0.683,0.46530742525775365,2.07,0.768830280361017,1.387,0.6505620646794585,2.773,0.9588905046980077,5.702,1.7919810266852716,1.542,0.5951772845127744,1.387,0.6505620646794585,5.326,4.419471009068846,2.929,0.8694590272117485,1.542,0.5951772845127744,1.387,0.6505620646794585,2.929,0.8694590272117485,1.542,0.5951772845127744,1.387,0.6505620646794585,1.542,0.5951772845127744,1.387,0.6505620646794585
4,750000,1000,1439.295,498.76051565355493,87.155,24.922178375896436,1.654,0.5218083939531828,3.035,9.281367086803538,0.142,0.34905013966477655,1.59,0.579568805233684,1439.295,498.76051565355493,0.858,0.34905013966477655,1.669,0.9896661053102708,0.83,0.6819824044651005,0.839,0.6804990815570584,0.733,0.44239235978936164,3.081,0.9013539815189147,0.733,0.44239235978936164,7.058,1.7025381053004365,1.654,0.5218083939531828,1.59,0.579568805233684,0.733,0.44239235978936164,3.977,0.9013717324167649,1.654,0.5218083939531828,1.59,0.579568805233684,0.733,0.44239235978936164,2.323,0.7257210207786461,1.59,0.579568805233684,3.081,0.9013539815189147,6.325,1.6502651302139302,1.654,0.5218083939531828,1.59,0.579568805233684,5.195,5.3547152118483385,3.244,0.7927572137798558,1.654,0.5218083939531828,1.59,0.579568805233684,3.244,0.7927572137798558,1.654,0.5218083939531828,1.59,0.579568805233684,1.654,0.5218083939531828,1.59,0.579568805233684
4,1000000,1000,1431.221,491.89211231630867,101.629,34.17495221649915,1.661,0.5177634595063657,3.075,9.554756668801147,0.131,0.3374003556607491,1.567,0.584389424955654,1431.221,491.89211231630867,0.867,0.33957473404244903,1.62,1.0037928073063684,0.822,0.6944897407449587,0.798,0.6805850424451011,0.817,0.38666652298847903,3.058,0.9594977853022904,0.817,0.38666652298847903,7.103,1.7304308711994247,1.661,0.5177634595063657,1.567,0.584389424955654,0.817,0.38666652298847903,4.045,0.8654334174273605,1.661,0.5177634595063657,1.567,0.584389424955654,0.817,0.38666652298847903,2.384,0.6652398063856372,1.567,0.584389424955654,3.058,0.9594977853022904,6.286,1.7321096962952434,1.661,0.5177634595063657,1.567,0.584389424955654,4.063,4.333939431971794,3.228,0.8148717690532664,1.661,0.5177634595063657,1.567,0.584389424955654,3.228,0.8148717690532664,1.661,0.5177634595063657,1.567,0.584389424955654,1.661,0.5177634595063657,1.567,0.584389424955654
4,1250000,1000,1462.293,461.8444858943322,92.487,22.40271927690922,1.67,0.5050742519669756,2.482,8.212653408004018,0.128,0.3340898082851376,1.618,0.5367271187484381,1462.293,461.8444858943322,0.872,0.3340898082851376,1.722,1.02309139376695,0.876,0.7061331319234355,0.846,0.6886828007145235,0.723,0.4475164801434691,3.152,0.8514082452032045,0.723,0.4475164801434691,7.163,1.6323084880009662,1.67,0.5050742519669756,1.618,0.5367271187484381,0.723,0.4475164801434691,4.011,0.8904375329016629,1.67,0.5050742519669756,1.618,0.5367271187484381,0.723,0.4475164801434691,2.341,0.7019394560786564,1.618,0.5367271187484381,3.152,0.8514082452032045,6.44,1.564736399525492,1.67,0.5050742519669756,1.618,0.5367271187484381,4.676,5.526393398953788,3.288,0.7530312078526361,1.67,0.5050742519669756,1.618,0.5367271187484381,3.288,0.7530312078526361,1.67,0.5050742519669756,1.618,0.5367271187484381,1.67,0.5050742519669756,1.618,0.5367271187484381
4,1500000,1000,1460.564,479.4094449465926,94.336,27.02097525997165,1.61,0.5494542747126462,2.81,9.166346054999233,0.118,0.32260812141048156,1.645,0.5449541265097457,1460.564,479.4094449465926,0.882,0.32260812141048156,1.621,1.0135871940785361,0.798,0.6922398428290588,0.823,0.7026172500017346,0.752,0.43185182644050496,3.071,0.9391267220135949,0.752,0.43185182644050496,7.078,1.7651957398543652,1.61,0.5494542747126462,1.645,0.5449541265097457,0.752,0.43185182644050496,4.007,0.9300274189506458,1.61,0.5494542747126462,1.645,0.5449541265097457,0.752,0.43185182644050496,2.397,0.6923806756402145,1.645,0.5449541265097457,3.071,0.9391267220135949,6.326,1.7192219170310736,1.61,0.5494542747126462,1.645,0.5449541265097457,4.738,5.6079725391624375,3.255,0.8246059665076405,1.61,0.5494542747126462,1.645,0.5449541265097457,3.255,0.8246059665076405,1.61,0.5494542747126462,1.645,0.5449541265097457,1.61,0.5494542747126462,1.645,0.5449541265097457
4,1750000,1000,1477.384,484.58298416679884,90.046,25.343438677495996,1.659,0.5145085033310917,2.857,9.220658924393636,0.129,0.3351999403341236,1.716,0.4912677477710093,1477.384,484.58298416679884,0.871,0.3351999403341236,1.773,1.015613607628413,0.838,0.6824631858203049,0.935,0.6991244524403363,0.715,0.4514144437210666,3.195,0.8893677529571218,0.715,0.4514144437210666,7.285,1.638223122776626,1.659,0.5145085033310917,1.716,0.4912677477710093,0.715,0.4514144437210666,4.09,0.8705745229444749,1.659,0.5145085033310917,1.716,0.4912677477710093,0.715,0.4514144437210666,2.431,0.6657619694755776,1.716,0.4912677477710093,3.195,0.8893677529571218,6.57,1.5972163284915415,1.659,0.5145085033310917,1.716,0.4912677477710093,4.612,5.882640223573086,3.375,0.756554690686668,1.659,0.5145085033310917,1.716,0.4912677477710093,3.375,0.756554690686668,1.659,0.5145085033310917,1.716,0.4912677477710093,1.659,0.5145085033310917,1.716,0.4912677477710093
4,2000000,1000,1507.864,416.76712622758527,90.796,24.109881459683702,1.656,0.5307202652999036,1.834,7.439787900202532,0.1,0.3,1.679,0.5176475635024278,1507.864,416.76712622758527,0.9,0.3,1.712,0.9985269150103065,0.845,0.6670644646509062,0.867,0.7080331913123847,0.679,0.46686079295653005,3.171,0.8085536469523837,0.679,0.46686079295653005,7.185,1.5552411388591802,1.656,0.5307202652999036,1.679,0.5176475635024278,0.679,0.46686079295653005,4.014,0.8659122357375486,1.656,0.5307202652999036,1.679,0.5176475635024278,0.679,0.46686079295653005,2.358,0.7098140601594195,1.679,0.5176475635024278,3.171,0.8085536469523837,6.506,1.4872672927217891,1.656,0.5307202652999036,1.679,0.5176475635024278,5.217,5.764539096927004,3.335,0.7299143785403874,1.656,0.5307202652999036,1.679,0.5176475635024278,3.335,0.7299143785403874,1.656,0.5307202652999036,1.679,0.5176475635024278,1.656,0.5307202652999036,1.679,0.5176475635024278
4,2250000,1000,1468.861,479.62656064796914,87.809,23.64052704573229,1.66,0.4963869458396343,2.853,9.387299451919066,0.124,0.3295815528818323,1.636,0.5248847492545388,1468.861,479.62656064796914,0.876,0.3295815528818323,1.691,1.005743008924248,0.83,0.6805145112339633,0.861,0.6838706017953982,0.701,0.4578198335590104,3.081,0.8708840336118236,0.701,0.4578198335590104,7.078,1.6345996451730924,1.66,0.4963869458396343,1.636,0.5248847492545388,0.701,0.4578198335590104,3.997,0.8905004211116354,1.66,0.4963869458396343,1.636,0.5248847492545388,0.701,0.4578198335590104,2.337,0.7010213976762764,1.636,0.5248847492545388,3.081,0.8708840336118236,6.377,1.576347360196984,1.66,0.4963869458396343,1.636,0.5248847492545388,4.253,4.784244036417875,3.296,0.7657571416578497,1.66,0.4963869458396343,1.636,0.5248847492545388,3.296,0.7657571416578497,1.66,0.4963869458396343,1.636,0.5248847492545388,1.66,0.4963869458396343,1.636,0.5248847492545388
4,2500000,1000,1476.341,452.75406206791786,90.209,22.775542123075798,1.685,0.48762177966124526,2.465,8.50851191454769,0.114,0.317811264746862,1.591,0.5565240336229874,1476.341,452.75406206791786,0.886,0.317811264746862,1.69,0.9787236586493656,0.872,0.6852853420291434,0.818,0.6699820893128413,0.688,0.4633098315382483,3.149,0.8287333708738897,0.688,0.4633098315382483,7.113,1.578046577259366,1.685,0.48762177966124526,1.591,0.5565240336229874,0.688,0.4633098315382483,3.964,0.85947891189953,1.685,0.48762177966124526,1.591,0.5565240336229874,0.688,0.4633098315382483,2.279,0.7008273681870593,1.591,0.5565240336229874,3.149,0.8287333708738897,6.425,1.5298284217519296,1.685,0.48762177966124526,1.591,0.5565240336229874,4.761,4.989577036182526,3.276,0.7374442351798541,1.685,0.48762177966124526,1.591,0.5565240336229874,3.276,0.7374442351798541,1.685,0.48762177966124526,1.591,0.5565240336229874,1.685,0.48762177966124526,1.591,0.5565240336229874
4,2750000,1000,1490.442,469.1089858828117,92.988,29.954429655728717,1.708,0.4947079946796898,2.687,8.913530781906797,0.12,0.32496153618543844,1.696,0.509493866498901,1490.442,469.1089858828117,0.879,0.32612727576821904,1.75,1.0283481900601565,0.848,0.6977793347470245,0.902,0.6988533465613511,0.706,0.4555919226676434,3.194,0.8616054781627146,0.706,0.4555919226676434,7.304,1.6154206882419204,1.708,0.4947079946796898,1.696,0.509493866498901,0.706,0.4555919226676434,4.11,0.8842510955605314,1.708,0.4947079946796898,1.696,0.509493866498901,0.706,0.4555919226676434,2.402,0.6945473346000257,1.696,0.509493866498901,3.194,0.8616054781627146,6.598,1.5396090412828836,1.708,0.4947079946796898,1.696,0.509493866498901,4.653,5.186770768021274,3.404,0.7380948448539659,1.708,0.4947079946796898,1.696,0.509493866498901,3.404,0.7380948448539659,1.708,0.4947079946796898,1.696,0.509493866498901,1.708,0.4947079946796898,1.696,0.509493866498901
4,3000000,1000,1477.77,464.4697526212014,100.54,27.975925364498668,1.728,0.4837520025798343,2.729,8.636987842992486,0.135,0.3417235724968355,1.725,0.4662349193271564,1477.77,464.4697526212014,0.865,0.3417235724968355,1.767,0.9913178097865487,0.892,0.6843507872429169,0.875,0.6836483013948035,0.701,0.4578198335590104,3.227,0.8351472923981733,0.701,0.4578198335590104,7.381,1.5125604120166574,1.728,0.4837520025798343,1.725,0.4662349193271564,0.701,0.4578198335590104,4.154,0.8199292652418256,1.728,0.4837520025798343,1.725,0.4662349193271564,0.701,0.4578198335590104,2.426,0.6622114465939108,1.725,0.4662349193271564,3.227,0.8351472923981733,6.68,1.4593149077563758,1.728,0.4837520025798343,1.725,0.4662349193271564,4.919,5.730308804942365,3.453,0.6883247779936446,1.728,0.4837520025798343,1.725,0.4662349193271564,3.453,0.6883247779936446,1.728,0.4837520025798343,1.725,0.4662349193271564,1.728,0.4837520025798343,1.725,0.4662349193271564
4,3250000,1000,1483.635,482.8365331817798,91.235,24.499913775358475,1.785,0.4204461915632011,2.993,9.328930860500575,0.134,0.3406523154185217,1.659,0.5317132685950201,1483.635,482.8365331817798,0.866,0.3406523154185217,1.793,1.0040672288248431,0.888,0.7010392285742646,0.905,0.6985520739357947,0.691,0.4620811617021408,3.241,0.8275983325261114,0.691,0.4620811617021408,7.376,1.5325221042451558,1.785,0.4204461915632011,1.659,0.5317132685950201,0.691,0.4620811617021408,4.135,0.8359276284463865,1.785,0.4204461915632011,1.659,0.5317132685950201,0.691,0.4620811617021408,2.35,0.6953416426476987,1.659,0.5317132685950201,3.241,0.8275983325261114,6.685,1.4614290950983562,1.785,0.4204461915632011,1.659,0.5317132685950201,4.538,4.859892591405699,3.444,0.6905534012659702,1.785,0.4204461915632011,1.659,0.5317132685950201,3.444,0.6905534012659702,1.785,0.4204461915632011,1.659,0.5317132685950201,1.785,0.4204461915632011,1.659,0.5317132685950201
4,3500000,1000,1432.906,509.4192665810746,100.364,29.914235808390625,1.731,0.4843954995662119,3.153,8.909859202030075,0.181,0.38501818138887933,1.748,0.46957001607853965,1432.906,509.4192665810746,0.819,0.38501818138887933,1.787,0.9867274193007916,0.867,0.6806695233371332,0.92,0.705407683541936,0.661,0.47336983427337237,3.295,0.798733372283893,0.661,0.47336983427337237,7.435,1.508567201022215,1.731,0.4843954995662119,1.748,0.46957001607853965,0.661,0.47336983427337237,4.14,0.8464041587799531,1.731,0.4843954995662119,1.748,0.46957001607853965,0.661,0.47336983427337237,2.409,0.6706109155091349,1.748,0.46957001607853965,3.295,0.798733372283893,6.774,1.4446189809081147,1.731,0.4843954995662119,1.748,0.46957001607853965,5.608,6.752357810424445,3.479,0.6996849290930883,1.731,0.4843954995662119,1.748,0.46957001607853965,3.479,0.6996849290930883,1.731,0.4843954995662119,1.748,0.46957001607853965,1.731,0.4843954995662119,1.748,0.46957001607853965
4,3750000,1000,1483.723,512.357078872733,92.387,25.8588327462784,1.745,0.48163783074006966,3.369,9.748581383975825,0.145,0.35210083782916507,1.779,0.45624445202106295,1483.723,512.357078872733,0.855,0.35210083782916507,1.827,1.0378203120001073,0.894,0.725785092158829,0.933,0.69750340500961,0.724,0.4470167782086037,3.308,0.9006308899876797,0.724,0.4470167782086037,7.556,1.6361124655719728,1.745,0.48163783074006966,1.779,0.45624445202106295,0.724,0.4470167782086037,4.248,0.8605207725557821,1.745,0.48163783074006966,1.779,0.45624445202106295,0.724,0.4470167782086037,2.503,0.6465222347297886,1.779,0.45624445202106295,3.308,0.9006308899876797,6.832,1.5804353830511388,1.745,0.48163783074006966,1.779,0.45624445202106295,4.923,5.158204241788027,3.524,0.7385282662159925,1.745,0.48163783074006966,1.779,0.45624445202106295,3.524,0.7385282662159925,1.745,0.48163783074006966,1.779,0.45624445202106295,1.745,0.48163783074006966,1.779,0.45624445202106295
4,4000000,1000,1520.602,438.5103893820533,99.578,29.916315214277308,1.758,0.4598217045768936,2.142,7.6380518458570315,0.107,0.3091132478558627,1.74,0.4779121258139408,1520.602,438.5103893820533,0.891,0.3116392144772541,1.811,0.9804483668199974,0.898,0.6910832077253795,0.913,0.6967287851093853,0.845,0.36190468358395145,3.345,0.8209598041317249,0.845,0.36190468358395145,7.688,1.525993446905982,1.758,0.4598217045768936,1.74,0.4779121258139408,0.845,0.36190468358395145,4.343,0.7920549223380914,1.758,0.4598217045768936,1.74,0.4779121258139408,0.845,0.36190468358395145,2.585,0.6056195175190443,1.74,0.4779121258139408,3.345,0.8209598041317249,6.843,1.479983445853365,1.758,0.4598217045768936,1.74,0.4779121258139408,4.821,4.933250348401143,3.498,0.7028484900744968,1.758,0.4598217045768936,1.74,0.4779121258139408,3.498,0.7028484900744968,1.758,0.4598217045768936,1.74,0.4779121258139408,1.758,0.4598217045768936,1.74,0.4779121258139408
4,4250000,1000,1479.253,509.3771245266124,108.687,32.24917101260124,1.82,0.4142463035441596,3.556,9.875872822186402,0.157,0.3638007696528417,1.835,0.41925529215503055,1479.253,509.3771245266124,0.842,0.3647410040014695,1.792,0.9913304191842395,0.863,0.7030156470520411,0.929,0.6985406215818806,0.777,0.41625833324991823,3.401,0.8798857880429709,0.777,0.41625833324991823,7.833,1.5176004085397448,1.82,0.4142463035441596,1.835,0.41925529215503055,0.777,0.41625833324991823,4.432,0.7703090288968447,1.82,0.4142463035441596,1.835,0.41925529215503055,0.777,0.41625833324991823,2.612,0.5774564918675692,1.835,0.41925529215503055,3.401,0.8798857880429709,7.056,1.4875698302936908,1.82,0.4142463035441596,1.835,0.41925529215503055,4.311,5.233572298153528,3.655,0.670801759091313,1.82,0.4142463035441596,1.835,0.41925529215503055,3.655,0.670801759091313,1.82,0.4142463035441596,1.835,0.41925529215503055,1.82,0.4142463035441596,1.835,0.41925529215503055
4,4500000,1000,1454.786,533.2261304587389,96.264,31.09138633126545,1.72,0.4915282290977803,3.825,10.659192042551819,0.16,0.3666060555964672,1.779,0.46060720793318033,1454.786,533.2261304587389,0.839,0.3675309510775929,1.721,1.0184100353001242,0.824,0.7106504063180433,0.897,0.7073832059075194,0.684,0.46491289506745237,3.272,0.9560418400886019,0.684,0.46491289506745237,7.455,1.700580783144394,1.72,0.4915282290977803,1.779,0.46060720793318033,0.684,0.46491289506745237,4.183,0.870351078588405,1.72,0.4915282290977803,1.779,0.46060720793318033,0.684,0.46491289506745237,2.463,0.637676250145793,1.779,0.46060720793318033,3.272,0.9560418400886019,6.771,1.663898734899453,1.72,0.4915282290977803,1.779,0.46060720793318033,3.958,5.142395939637476,3.499,0.7576272170401483,1.72,0.4915282290977803,1.779,0.46060720793318033,3.499,0.7576272170401483,1.72,0.4915282290977803,1.779,0.46060720793318033,1.72,0.4915282290977803,1.779,0.46060720793318033
4,4750000,1000,1485.305,525.4992311840238,93.885,29.643072968233238,1.775,0.4757888187000615,3.591,10.65400014079219,0.138,0.34489998550304407,1.743,0.49492524688077894,1485.305,525.4992311840238,0.861,0.3459465276599839,1.76,1.0268398122394748,0.899,0.723048407784707,0.861,0.7236566865579285,0.667,0.4712865370451399,3.31,0.9486305919587456,0.667,0.4712865370451399,7.495,1.7111326658094048,1.775,0.4757888187000615,1.743,0.49492524688077894,0.667,0.4712865370451399,4.185,0.8858752733878511,1.775,0.4757888187000615,1.743,0.49492524688077894,0.667,0.4712865370451399,2.41,0.6840321629865075,1.743,0.49492524688077894,3.31,0.9486305919587456,6.828,1.6680575529639257,1.775,0.4757888187000615,1.743,0.49492524688077894,4.281,5.085080038701456,3.518,0.7666002869814229,1.775,0.4757888187000615,1.743,0.49492524688077894,3.518,0.7666002869814229,1.775,0.4757888187000615,1.743,0.49492524688077894,1.775,0.4757888187000615,1.743,0.49492524688077894
4,5000000,1000,1510.912,451.6295719458592,95.498,25.742066661400752,1.731,0.48024889380403574,2.459,8.282168737715985,0.12,0.32496153618543844,1.774,0.4437611970418324,1510.912,451.6295719458592,0.88,0.32496153618543844,1.731,0.9657323645814093,0.88,0.705407683541936,0.851,0.7034195049897323,0.666,0.471639692986076,3.346,0.81870873941836,0.666,0.471639692986076,7.517,1.5005702249478363,1.731,0.48024889380403574,1.774,0.4437611970418324,0.666,0.471639692986076,4.171,0.8085536469523837,1.731,0.48024889380403574,1.774,0.4437611970418324,0.666,0.471639692986076,2.44,0.6343500610861482,1.774,0.4437611970418324,3.346,0.81870873941836,6.851,1.4631469509246158,1.731,0.48024889380403574,1.774,0.4437611970418324,5.572,6.364810759166371,3.505,0.6928022805967082,1.731,0.48024889380403574,1.774,0.4437611970418324,3.505,0.6928022805967082,1.731,0.48024889380403574,1.774,0.4437611970418324,1.731,0.48024889380403574,1.774,0.4437611970418324
