schema_version,episode,return,length,termination,metric/blue_eaten,metric/food_remaining,metric/lost,metric/orange_eaten,metric/score,metric/won,count/pacman%2Fhungry-vegan-penalty-v1/CTD,count/pacman%2Fhungry-vegan-penalty-v1/Hungr,count/pacman%2Fhungry-vegan-penalty-v1/HungryVeganPenalty,count/pacman%2Fhungry-vegan-penalty-v1/VegetarianBlue,count/pacman%2Fhungry-vegan-penalty-v1/VegetarianOrange,count/pacman%2Fhungry-vegan-v0/Hungr,count/pacman%2Fhungry-vegan-v0/HungryVegan,count/pacman%2Fhungry-vegan-v0/VegetarianBlue,count/pacman%2Fhungry-vegan-v0/VegetarianOrange,count/pacman%2Ftrapped-v1/count,count/pacman%2Fvegan-conflict-v1/OblBlue,count/pacman%2Fvegan-conflict-v1/VeganConflict,count/pacman%2Fvegan-conflict-v1/VegetarianBlue,count/pacman%2Fvegan-conflict-v1/VegetarianOrange,count/pacman%2Fvegan-v0/Vegan,count/pacman%2Fvegan-v0/VegetarianBlue,count/pacman%2Fvegan-v0/VegetarianOrange,count/pacman%2Fvegetarian-orange-v0/count
4,0,-110.0,300,truncated,0,36,0,0,-110.0,0,0,0,0,0,0,0,0,0,0,0,0,0,0,0,0,0,0,0
4,1,1500.0,150,terminated,1,0,0,2,1500.0,1,3,0,6,1,2,0,3,1,2,0,1,4,1,2,3,1,2,2
4,2,140.0,300,truncated,1,31,0,0,140.0,0,1,0,2,1,0,0,1,1,0,0,0,1,1,0,1,1,0,0
4,3,1599.0,251,terminated,2,0,0,2,1599.0,1,4,1,9,2,2,1,5,2,2,0,1,5,2,2,4,2,2,2
4,4,150.0,300,truncated,0,30,0,1,150.0,0,1,1,3,0,1,1,2,0,1,0,0,1,0,1,1,0,1,1
4,5,1592.0,258,terminated,2,0,0,2,1592.0,1,4,1,9,2,2,1,5,2,2,0,0,4,2,2,4,2,2,2
4,6,-290.0,260,terminated,1,28,1,0,-290.0,0,1,0,2,1,0,0,1,1,0,0,0,1,1,0,1,1,0,0
4,7,150.0,300,truncated,0,30,0,1,150.0,0,0,0,1,0,1,0,1,0,1,0,0,1,0,1,1,0,1,1
4,8,1538.0,112,terminated,1,0,0,2,1538.0,1,3,0,6,1,2,0,3,1,2,0,1,4,1,2,3,1,2,2
4,9,1746.0,104,terminated,2,0,0,2,1746.0,1,4,0,8,2,2,0,4,2,2,0,0,4,2,2,4,2,2,2
4,10,1739.0,111,terminated,2,0,0,2,1739.0,1,3,0,7,2,2,0,4,2,2,0,0,4,2,2,4,2,2,2
4,11,1711.0,139,terminated,2,0,0,2,1711.0,1,3,0,7,2,2,0,4,2,2,0,0,4,2,2,4,2,2,2
4,12,3.0,97,terminated,1,35,1,1,3.0,0,2,0,4,1,1,0,2,1,1,0,0,2,1,1,2,1,1,1
4,13,-416.0,16,terminated,0,45,1,0,-416.0,0,0,1,1,0,0,1,1,0,0,0,0,0,0,0,0,0,0,0
4,14,160.0,300,truncated,0,29,0,1,160.0,0,1,0,2,0,1,0,1,0,1,0,0,1,0,1,1,0,1,1
4,15,1569.0,281,terminated,2,0,0,2,1569.0,1,4,0,8,2,2,0,4,2,2,0,0,4,2,2,4,2,2,2
4,16,340.0,300,truncated,1,31,0,1,340.0,0,2,0,4,1,1,0,2,1,1,0,0,2,1,1,2,1,1,1
4,17,1668.0,182,terminated,2,0,0,2,1668.0,1,4,1,9,2,2,1,5,2,2,0,0,4,2,2,4,2,2,2
4,18,1630.0,220,terminated,2,0,0,2,1630.0,1,4,0,8,2,2,0,4,2,2,0,0,4,2,2,4,2,2,2
4,19,1500.0,150,terminated,2,0,0,1,1500.0,1,3,0,6,2,1,0,3,2,1,0,0,3,2,1,3,2,1,1
4,20,160.0,300,truncated,1,29,0,0,160.0,0,1,0,2,1,0,0,1,1,0,0,0,1,1,0,1,1,0,0
4,21,1702.0,148,terminated,2,0,0,2,1702.0,1,4,0,8,2,2,0,4,2,2,0,0,4,2,2,4,2,2,2
4,22,500.0,300,truncated,1,15,0,1,500.0,0,2,0,4,1,1,0,2,1,1,0,0,2,1,1,2,1,1,1
4,23,1631.0,219,terminated,2,0,0,2,1631.0,1,4,1,9,2,2,1,5,2,2,0,0,4,2,2,4,2,2,2
4,24,1293.0,157,terminated,1,0,0,1,1293.0,1,2,0,4,1,1,0,2,1,1,0,0,2,1,1,2,1,1,1
4,25,1737.0,113,terminated,2,0,0,2,1737.0,1,3,1,8,2,2,1,5,2,2,0,0,4,2,2,4,2,2,2
4,26,1729.0,121,terminated,2,0,0,2,1729.0,1,4,0,8,2,2,0,4,2,2,0,0,4,2,2,4,2,2,2
4,27,1457.0,193,terminated,1,0,0,2,1457.0,1,3,0,6,1,2,0,3,1,2,0,0,3,1,2,3,1,2,2
4,28,-465.0,55,terminated,0,46,1,0,-465.0,0,0,1,1,0,0,1,1,0,0,0,0,0,0,0,0,0,0,0
4,29,1721.0,129,terminated,2,0,0,2,1721.0,1,4,0,8,2,2,0,4,2,2,0,0,4,2,2,4,2,2,2
4,30,-266.0,236,terminated,1,28,1,0,-266.0,0,1,0,2,1,0,0,1,1,0,0,0,1,1,0,1,1,0,0
4,31,1699.0,151,terminated,2,0,0,2,1699.0,1,3,0,7,2,2,0,4,2,2,0,0,4,2,2,4,2,2,2
4,32,-50.0,300,truncated,0,30,0,0,-50.0,0,0,1,1,0,0,1,1,0,0,0,0,0,0,0,0,0,0,0
4,33,1662.0,188,terminated,2,0,0,2,1662.0,1,4,0,8,2,2,0,4,2,2,0,0,4,2,2,4,2,2,2
4,34,1717.0,133,terminated,2,0,0,2,1717.0,1,4,0,8,2,2,0,4,2,2,0,0,4,2,2,4,2,2,2
4,35,1591.0,259,terminated,2,0,0,2,1591.0,1,4,0,8,2,2,0,4,2,2,0,0,4,2,2,4,2,2,2
4,36,-134.0,94,terminated,1,29,1,0,-134.0,0,1,0,2,1,0,0,1,1,0,0,0,1,1,0,1,1,0,0
4,37,1723.0,127,terminated,2,0,0,2,1723.0,1,4,0,8,2,2,0,4,2,2,0,0,4,2,2,4,2,2,2
4,38,1451.0,199,terminated,2,0,0,1,1451.0,1,3,0,6,2,1,0,3,2,1,0,0,3,2,1,3,2,1,1
4,39,1727.0,123,terminated,2,0,0,2,1727.0,1,4,0,8,2,2,0,4,2,2,0,0,4,2,2,4,2,2,2
4,40,1613.0,237,terminated,2,0,0,2,1613.0,1,4,1,9,2,2,1,5,2,2,0,0,4,2,2,4,2,2,2
4,41,170.0,300,truncated,0,28,0,1,170.0,0,1,0,2,0,1,0,1,0,1,0,0,1,0,1,1,0,1,1
4,42,170.0,300,truncated,1,28,0,0,170.0,0,1,1,3,1,0,1,2,1,0,0,0,1,1,0,1,1,0,0
4,43,1727.0,123,terminated,2,0,0,2,1727.0,1,4,0,8,2,2,0,4,2,2,0,0,4,2,2,4,2,2,2
4,44,1436.0,214,terminated,2,0,0,1,1436.0,1,3,0,6,2,1,0,3,2,1,0,0,3,2,1,3,2,1,1
4,45,-100.0,300,truncated,0,35,0,0,-100.0,0,0,1,1,0,0,1,1,0,0,0,0,0,0,0,0,0,0,0
4,46,70.0,300,truncated,1,38,0,0,70.0,0,1,0,2,1,0,0,1,1,0,0,0,1,1,0,1,1,0,0
4,47,1591.0,259,terminated,2,0,0,2,1591.0,1,4,0,8,2,2,0,4,2,2,0,0,4,2,2,4,2,2,2
4,48,599.0,151,terminated,2,10,1,2,599.0,0,4,0,8,2,2,0,4,2,2,0,0,4,2,2,4,2,2,2
4,49,1513.0,137,terminated,2,0,0,1,1513.0,1,3,0,6,2,1,0,3,2,1,0,0,3,2,1,3,2,1,1
4,50,-118.0,198,terminated,1,37,1,1,-118.0,0,1,0,3,1,1,0,2,1,1,0,0,2,1,1,2,1,1,1
4,51,1483.0,167,terminated,1,0,0,2,1483.0,1,3,1,7,1,2,1,4,1,2,0,0,3,1,2,3,1,2,2
4,52,1435.0,215,terminated,1,0,0,2,1435.0,1,3,0,6,1,2,0,3,1,2,0,0,3,1,2,3,1,2,2
4,53,160.0,300,truncated,0,29,0,1,160.0,0,1,0,2,0,1,0,1,0,1,0,0,1,0,1,1,0,1,1
4,54,1660.0,190,terminated,2,0,0,2,1660.0,1,4,0,8,2,2,0,4,2,2,0,0,4,2,2,4,2,2,2
4,55,170.0,300,truncated,1,28,0,0,170.0,0,1,0,2,1,0,0,1,1,0,0,0,1,1,0,1,1,0,0
4,56,-190.0,40,terminated,0,40,1,1,-190.0,0,1,0,2,0,1,0,1,0,1,0,1,2,0,1,1,0,1,1
4,57,1730.0,120,terminated,2,0,0,2,1730.0,1,4,0,8,2,2,0,4,2,2,0,0,4,2,2,4,2,2,2
4,58,1710.0,140,terminated,2,0,0,2,1710.0,1,3,0,7,2,2,0,4,2,2,0,0,4,2,2,4,2,2,2
4,59,-299.0,209,terminated,1,34,1,0,-299.0,0,1,0,2,1,0,0,1,1,0,0,0,1,1,0,1,1,0,0
4,60,1655.0,195,terminated,2,0,0,2,1655.0,1,4,0,8,2,2,0,4,2,2,0,0,4,2,2,4,2,2,2
4,61,170.0,300,truncated,0,28,0,1,170.0,0,0,1,2,0,1,1,2,0,1,0,1,2,0,1,1,0,1,1
4,62,1694.0,156,terminated,2,0,0,2,1694.0,1,4,1,9,2,2,1,5,2,2,0,1,5,2,2,4,2,2,2
4,63,1719.0,131,terminated,2,0,0,2,1719.0,1,4,0,8,2,2,0,4,2,2,0,0,4,2,2,4,2,2,2
4,64,1718.0,132,terminated,2,0,0,2,1718.0,1,4,0,8,2,2,0,4,2,2,0,0,4,2,2,4,2,2,2
4,65,1674.0,176,terminated,2,0,0,2,1674.0,1,4,0,8,2,2,0,4,2,2,0,0,4,2,2,4,2,2,2
4,66,170.0,300,truncated,1,28,0,0,170.0,0,1,0,2,1,0,0,1,1,0,0,0,1,1,0,1,1,0,0
4,67,-409.0,39,terminated,0,42,1,0,-409.0,0,0,1,1,0,0,1,1,0,0,0,0,0,0,0,0,0,0,0
4,68,1592.0,258,terminated,2,0,0,2,1592.0,1,4,1,9,2,2,1,5,2,2,0,2,6,2,2,4,2,2,2
4,69,1533.0,117,terminated,2,0,0,1,1533.0,1,3,0,6,2,1,0,3,2,1,0,0,3,2,1,3,2,1,1
4,70,1663.0,187,terminated,2,0,0,2,1663.0,1,4,0,8,2,2,0,4,2,2,0,0,4,2,2,4,2,2,2
4,71,-222.0,192,terminated,0,28,1,1,-222.0,0,1,0,2,0,1,0,1,0,1,0,0,1,0,1,1,0,1,1
4,72,1578.0,272,terminated,2,0,0,2,1578.0,1,4,1,9,2,2,1,5,2,2,0,1,5,2,2,4,2,2,2
4,73,1691.0,159,terminated,2,0,0,2,1691.0,1,4,0,8,2,2,0,4,2,2,0,0,4,2,2,4,2,2,2
4,74,1633.0,217,terminated,2,0,0,2,1633.0,1,4,0,8,2,2,0,4,2,2,0,0,4,2,2,4,2,2,2
4,75,170.0,300,truncated,1,28,0,0,170.0,0,1,1,3,1,0,1,2,1,0,0,0,1,1,0,1,1,0,0
4,76,1528.0,122,terminated,2,0,0,1,1528.0,1,3,0,6,2,1,0,3,2,1,0,0,3,2,1,3,2,1,1
4,77,1666.0,184,terminated,2,0,0,2,1666.0,1,4,0,8,2,2,0,4,2,2,0,0,4,2,2,4,2,2,2
4,78,1706.0,144,terminated,2,0,0,2,1706.0,1,2,0,6,2,2,0,4,2,2,0,0,4,2,2,4,2,2,2
4,79,1649.0,201,terminated,2,0,0,2,1649.0,1,4,0,8,2,2,0,4,2,2,0,0,4,2,2,4,2,2,2
4,80,-366.0,256,terminated,0,36,1,1,-366.0,0,1,0,2,0,1,0,1,0,1,0,0,1,0,1,1,0,1,1
4,81,1753.0,97,terminated,2,0,0,2,1753.0,1,4,1,9,2,2,1,5,2,2,0,0,4,2,2,4,2,2,2
4,82,1412.0,238,terminated,2,0,0,1,1412.0,1,3,0,6,2,1,0,3,2,1,0,0,3,2,1,3,2,1,1
4,83,131.0,69,terminated,1,25,1,1,131.0,0,2,0,4,1,1,0,2,1,1,0,0,2,1,1,2,1,1,1
4,84,170.0,300,truncated,0,28,0,1,170.0,0,1,0,2,0,1,0,1,0,1,0,0,1,0,1,1,0,1,1
4,85,1528.0,122,terminated,1,0,0,2,1528.0,1,3,0,6,1,2,0,3,1,2,0,0,3,1,2,3,1,2,2
4,86,150.0,300,truncated,1,30,0,0,150.0,0,1,0,2,1,0,0,1,1,0,0,0,1,1,0,1,1,0,0
4,87,-140.0,300,truncated,0,39,0,0,-140.0,0,0,0,0,0,0,0,0,0,0,0,0,0,0,0,0,0,0,0
4,88,150.0,300,truncated,1,30,0,0,150.0,0,1,0,2,1,0,0,1,1,0,0,0,1,1,0,1,1,0,0
4,89,1722.0,128,terminated,2,0,0,2,1722.0,1,4,0,8,2,2,0,4,2,2,0,0,4,2,2,4,2,2,2
4,90,-74.0,164,terminated,1,36,1,1,-74.0,0,0,1,3,1,1,1,3,1,1,0,0,2,1,1,2,1,1,1
4,91,1707.0,143,terminated,2,0,0,2,1707.0,1,4,0,8,2,2,0,4,2,2,0,0,4,2,2,4,2,2,2
4,92,510.0,260,terminated,2,8,1,2,510.0,0,4,0,8,2,2,0,4,2,2,0,0,4,2,2,4,2,2,2
4,93,100.0,300,truncated,0,35,0,1,100.0,0,1,0,2,0,1,0,1,0,1,0,0,1,0,1,1,0,1,1
4,94,1709.0,141,terminated,2,0,0,2,1709.0,1,4,0,8,2,2,0,4,2,2,0,0,4,2,2,4,2,2,2
4,95,1580.0,270,terminated,2,0,0,2,1580.0,1,4,0,8,2,2,0,4,2,2,0,0,4,2,2,4,2,2,2
4,96,-167.0,297,terminated,1,32,1,1,-167.0,0,2,0,4,1,1,0,2,1,1,0,0,2,1,1,2,1,1,1
4,97,1682.0,168,terminated,2,0,0,2,1682.0,1,3,1,8,2,2,1,5,2,2,0,0,4,2,2,4,2,2,2
4,98,170.0,300,truncated,1,28,0,0,170.0,0,1,1,3,1,0,1,2,1,0,0,0,1,1,0,1,1,0,0
4,99,1706.0,144,terminated,2,0,0,2,1706.0,1,4,0,8,2,2,0,4,2,2,0,0,4,2,2,4,2,2,2
4,100,160.0,300,truncated,0,29,0,1,160.0,0,1,0,2,0,1,0,1,0,1,0,0,1,0,1,1,0,1,1
4,101,-212.0,42,terminated,0,42,1,1,-212.0,0,1,0,2,0,1,0,1,0,1,0,3,4,0,1,1,0,1,1
4,102,-279.0,199,terminated,0,33,1,1,-279.0,0,1,0,2,0,1,0,1,0,1,0,1,2,0,1,1,0,1,1
4,103,1722.0,128,terminated,2,0,0,2,1722.0,1,3,0,7,2,2,0,4,2,2,0,0,4,2,2,4,2,2,2
4,104,370.0,300,truncated,1,28,0,1,370.0,0,2,1,5,1,1,1,3,1,1,0,0,2,1,1,2,1,1,1
4,105,160.0,300,truncated,1,29,0,0,160.0,0,1,1,3,1,0,1,2,1,0,0,0,1,1,0,1,1,0,0
4,106,1687.0,163,terminated,2,0,0,2,1687.0,1,4,1,9,2,2,1,5,2,2,0,0,4,2,2,4,2,2,2
4,107,47.0,43,terminated,1,36,1,1,47.0,0,2,0,4,1,1,0,2,1,1,0,0,2,1,1,2,1,1,1
4,108,1707.0,143,terminated,2,0,0,2,1707.0,1,4,0,8,2,2,0,4,2,2,0,0,4,2,2,4,2,2,2
4,109,1690.0,160,terminated,2,0,0,2,1690.0,1,3,0,7,2,2,0,4,2,2,0,0,4,2,2,4,2,2,2
4,110,1696.0,154,terminated,2,0,0,2,1696.0,1,4,0,8,2,2,0,4,2,2,0,0,4,2,2,4,2,2,2
4,111,1675.0,175,terminated,2,0,0,2,1675.0,1,4,0,8,2,2,0,4,2,2,0,0,4,2,2,4,2,2,2
4,112,150.0,300,truncated,0,30,0,1,150.0,0,1,0,2,0,1,0,1,0,1,0,0,1,0,1,1,0,1,1
4,113,150.0,300,truncated,0,30,0,1,150.0,0,1,0,2,0,1,0,1,0,1,0,0,1,0,1,1,0,1,1
4,114,1707.0,143,terminated,2,0,0,2,1707.0,1,4,0,8,2,2,0,4,2,2,0,0,4,2,2,4,2,2,2
4,115,1657.0,193,terminated,2,0,0,2,1657.0,1,4,0,8,2,2,0,4,2,2,0,0,4,2,2,4,2,2,2
4,116,1708.0,142,terminated,2,0,0,2,1708.0,1,4,0,8,2,2,0,4,2,2,0,0,4,2,2,4,2,2,2
4,117,150.0,300,truncated,1,30,0,0,150.0,0,1,0,2,1,0,0,1,1,0,0,0,1,1,0,1,1,0,0
4,118,-194.0,144,terminated,0,30,1,1,-194.0,0,1,0,2,0,1,0,1,0,1,0,0,1,0,1,1,0,1,1
4,119,1742.0,108,terminated,2,0,0,2,1742.0,1,4,0,8,2,2,0,4,2,2,0,0,4,2,2,4,2,2,2
4,120,1706.0,144,terminated,2,0,0,2,1706.0,1,4,0,8,2,2,0,4,2,2,0,0,4,2,2,4,2,2,2
4,121,1722.0,128,terminated,2,0,0,2,1722.0,1,4,0,8,2,2,0,4,2,2,0,0,4,2,2,4,2,2,2
4,122,170.0,300,truncated,0,28,0,1,170.0,0,1,0,2,0,1,0,1,0,1,0,0,1,0,1,1,0,1,1
4,123,1631.0,219,terminated,2,0,0,2,1631.0,1,4,0,8,2,2,0,4,2,2,0,0,4,2,2,4,2,2,2
4,124,1499.0,151,terminated,1,0,0,2,1499.0,1,3,0,6,1,2,0,3,1,2,0,0,3,1,2,3,1,2,2
4,125,160.0,300,truncated,1,29,0,0,160.0,0,1,0,2,1,0,0,1,1,0,0,0,1,1,0,1,1,0,0
4,126,1476.0,174,terminated,2,0,0,1,1476.0,1,3,0,6,2,1,0,3,2,1,0,0,3,2,1,3,2,1,1
4,127,1701.0,149,terminated,2,0,0,2,1701.0,1,3,0,7,2,2,0,4,2,2,0,0,4,2,2,4,2,2,2
4,128,1681.0,169,terminated,2,0,0,2,1681.0,1,4,0,8,2,2,0,4,2,2,0,0,4,2,2,4,2,2,2
4,129,1644.0,206,terminated,2,0,0,2,1644.0,1,4,1,9,2,2,1,5,2,2,0,0,4,2,2,4,2,2,2
4,130,1689.0,161,terminated,2,0,0,2,1689.0,1,4,0,8,2,2,0,4,2,2,0,0,4,2,2,4,2,2,2
4,131,-312.0,282,terminated,1,28,1,0,-312.0,0,1,0,2,1,0,0,1,1,0,0,0,1,1,0,1,1,0,0
4,132,691.0,139,terminated,2,2,1,2,691.0,0,4,0,8,2,2,0,4,2,2,0,0,4,2,2,4,2,2,2
4,133,1473.0,177,terminated,2,0,0,1,1473.0,1,3,1,7,2,1,1,4,2,1,0,1,4,2,1,3,2,1,1
4,134,1682.0,168,terminated,2,0,0,2,1682.0,1,4,1,9,2,2,1,5,2,2,0,1,5,2,2,4,2,2,2
4,135,-152.0,112,terminated,1,29,1,0,-152.0,0,1,0,2,1,0,0,1,1,0,0,0,1,1,0,1,1,0,0
4,136,1681.0,169,terminated,2,0,0,2,1681.0,1,4,0,8,2,2,0,4,2,2,0,0,4,2,2,4,2,2,2
4,137,1731.0,119,terminated,2,0,0,2,1731.0,1,4,0,8,2,2,0,4,2,2,0,0,4,2,2,4,2,2,2
4,138,1722.0,128,terminated,2,0,0,2,1722.0,1,4,0,8,2,2,0,4,2,2,0,1,5,2,2,4,2,2,2
4,139,170.0,300,truncated,1,28,0,0,170.0,0,1,0,2,1,0,0,1,1,0,0,0,1,1,0,1,1,0,0
4,140,160.0,300,truncated,1,29,0,0,160.0,0,1,0,2,1,0,0,1,1,0,0,0,1,1,0,1,1,0,0
4,141,1721.0,129,terminated,2,0,0,2,1721.0,1,4,1,9,2,2,1,5,2,2,0,0,4,2,2,4,2,2,2
4,142,170.0,300,truncated,0,28,0,1,170.0,0,1,0,2,0,1,0,1,0,1,0,0,1,0,1,1,0,1,1
4,143,170.0,300,truncated,0,28,0,1,170.0,0,1,0,2,0,1,0,1,0,1,0,1,2,0,1,1,0,1,1
4,144,638.0,172,terminated,2,4,1,2,638.0,0,4,0,8,2,2,0,4,2,2,0,0,4,2,2,4,2,2,2
4,145,1462.0,188,terminated,1,0,0,2,1462.0,1,3,0,6,1,2,0,3,1,2,0,0,3,1,2,3,1,2,2
4,146,1479.0,171,terminated,2,0,0,1,1479.0,1,3,0,6,2,1,0,3,2,1,0,0,3,2,1,3,2,1,1
4,147,1674.0,176,terminated,2,0,0,2,1674.0,1,4,0,8,2,2,0,4,2,2,0,0,4,2,2,4,2,2,2
4,148,120.0,300,truncated,0,33,0,1,120.0,0,1,0,2,0,1,0,1,0,1,0,0,1,0,1,1,0,1,1
4,149,1493.0,157,terminated,1,0,0,2,1493.0,1,3,0,6,1,2,0,3,1,2,0,0,3,1,2,3,1,2,2
4,150,1652.0,198,terminated,2,0,0,2,1652.0,1,4,1,9,2,2,1,5,2,2,0,0,4,2,2,4,2,2,2
4,151,1480.0,170,terminated,2,0,0,1,1480.0,1,3,0,6,2,1,0,3,2,1,0,1,4,2,1,3,2,1,1
4,152,1702.0,148,terminated,2,0,0,2,1702.0,1,4,0,8,2,2,0,4,2,2,0,0,4,2,2,4,2,2,2
4,153,1497.0,153,terminated,2,0,0,1,1497.0,1,3,0,6,2,1,0,3,2,1,0,0,3,2,1,3,2,1,1
4,154,1614.0,236,terminated,2,0,0,2,1614.0,1,3,0,7,2,2,0,4,2,2,0,0,4,2,2,4,2,2,2
4,155,1707.0,143,terminated,2,0,0,2,1707.0,1,4,0,8,2,2,0,4,2,2,0,0,4,2,2,4,2,2,2
4,156,160.0,300,truncated,0,29,0,1,160.0,0,1,0,2,0,1,0,1,0,1,0,0,1,0,1,1,0,1,1
4,157,1503.0,147,terminated,2,0,0,1,1503.0,1,3,1,7,2,1,1,4,2,1,0,0,3,2,1,3,2,1,1
4,158,1443.0,207,terminated,1,0,0,2,1443.0,1,3,0,6,1,2,0,3,1,2,0,0,3,1,2,3,1,2,2
4,159,1750.0,100,terminated,2,0,0,2,1750.0,1,4,0,8,2,2,0,4,2,2,0,0,4,2,2,4,2,2,2
4,160,629.0,121,terminated,2,10,1,2,629.0,0,4,0,8,2,2,0,4,2,2,0,1,5,2,2,4,2,2,2
4,161,269.0,41,terminated,1,34,1,2,269.0,0,2,0,5,1,2,0,3,1,2,0,0,3,1,2,3,1,2,2
4,162,1679.0,171,terminated,2,0,0,2,1679.0,1,4,0,8,2,2,0,4,2,2,0,0,4,2,2,4,2,2,2
4,163,1594.0,256,terminated,2,0,0,2,1594.0,1,4,0,8,2,2,0,4,2,2,0,0,4,2,2,4,2,2,2
4,164,556.0,124,terminated,2,17,1,2,556.0,0,4,0,8,2,2,0,4,2,2,0,2,6,2,2,4,2,2,2
4,165,160.0,300,truncated,0,29,0,1,160.0,0,1,0,2,0,1,0,1,0,1,0,0,1,0,1,1,0,1,1
4,166,160.0,300,truncated,1,29,0,0,160.0,0,1,0,2,1,0,0,1,1,0,0,0,1,1,0,1,1,0,0
4,167,1593.0,257,terminated,2,0,0,2,1593.0,1,4,1,9,2,2,1,5,2,2,0,2,6,2,2,4,2,2,2
4,168,1709.0,141,terminated,2,0,0,2,1709.0,1,4,0,8,2,2,0,4,2,2,0,1,5,2,2,4,2,2,2
4,169,-100.0,300,truncated,0,35,0,0,-100.0,0,0,0,0,0,0,0,0,0,0,0,0,0,0,0,0,0,0,0
4,170,170.0,300,truncated,0,28,0,1,170.0,0,1,0,2,0,1,0,1,0,1,0,0,1,0,1,1,0,1,1
4,171,-326.0,276,terminated,0,30,1,1,-326.0,0,1,0,2,0,1,0,1,0,1,0,0,1,0,1,1,0,1,1
4,172,1627.0,223,terminated,2,0,0,2,1627.0,1,4,1,9,2,2,1,5,2,2,0,0,4,2,2,4,2,2,2
4,173,1525.0,125,terminated,2,0,0,1,1525.0,1,3,0,6,2,1,0,3,2,1,0,0,3,2,1,3,2,1,1
4,174,100.0,300,truncated,1,35,0,0,100.0,0,1,0,2,1,0,0,1,1,0,0,0,1,1,0,1,1,0,0
4,175,1637.0,213,terminated,2,0,0,2,1637.0,1,4,1,9,2,2,1,5,2,2,0,0,4,2,2,4,2,2,2
4,176,1682.0,168,terminated,2,0,0,2,1682.0,1,4,0,8,2,2,0,4,2,2,0,0,4,2,2,4,2,2,2
4,177,340.0,300,truncated,1,31,0,1,340.0,0,2,1,5,1,1,1,3,1,1,0,0,2,1,1,2,1,1,1
4,178,170.0,300,truncated,0,28,0,1,170.0,0,1,0,2,0,1,0,1,0,1,0,0,1,0,1,1,0,1,1
4,179,1478.0,172,terminated,2,0,0,1,1478.0,1,2,0,5,2,1,0,3,2,1,0,0,3,2,1,3,2,1,1
4,180,1665.0,185,terminated,2,0,0,2,1665.0,1,4,0,8,2,2,0,4,2,2,0,0,4,2,2,4,2,2,2
4,181,1494.0,156,terminated,1,0,0,2,1494.0,1,3,0,6,1,2,0,3,1,2,0,0,3,1,2,3,1,2,2
4,182,1647.0,203,terminated,2,0,0,2,1647.0,1,3,0,7,2,2,0,4,2,2,0,0,4,2,2,4,2,2,2
4,183,920.0,300,truncated,2,13,0,2,920.0,0,4,0,8,2,2,0,4,2,2,0,0,4,2,2,4,2,2,2
4,184,1471.0,179,terminated,1,0,0,2,1471.0,1,3,0,6,1,2,0,3,1,2,0,1,4,1,2,3,1,2,2
4,185,170.0,300,truncated,1,28,0,0,170.0,0,1,0,2,1,0,0,1,1,0,0,0,1,1,0,1,1,0,0
4,186,-130.0,300,truncated,0,38,0,0,-130.0,0,0,0,0,0,0,0,0,0,0,0,0,0,0,0,0,0,0,0
4,187,-242.0,212,terminated,0,28,1,1,-242.0,0,1,0,2,0,1,0,1,0,1,0,1,2,0,1,1,0,1,1
4,188,100.0,300,truncated,0,35,0,1,100.0,0,1,0,2,0,1,0,1,0,1,0,0,1,0,1,1,0,1,1
4,189,1636.0,214,terminated,2,0,0,2,1636.0,1,4,0,8,2,2,0,4,2,2,0,0,4,2,2,4,2,2,2
4,190,1398.0,252,terminated,2,0,0,1,1398.0,1,3,0,6,2,1,0,3,2,1,0,0,3,2,1,3,2,1,1
4,191,-148.0,118,terminated,0,28,1,1,-148.0,0,1,0,2,0,1,0,1,0,1,0,0,1,0,1,1,0,1,1
4,192,-287.0,157,terminated,0,38,1,1,-287.0,0,1,0,2,0,1,0,1,0,1,0,0,1,0,1,1,0,1,1
4,193,150.0,300,truncated,0,30,0,1,150.0,0,0,0,1,0,1,0,1,0,1,0,0,1,0,1,1,0,1,1
4,194,1738.0,112,terminated,2,0,0,2,1738.0,1,4,0,8,2,2,0,4,2,2,0,0,4,2,2,4,2,2,2
4,195,1727.0,123,terminated,2,0,0,2,1727.0,1,4,0,8,2,2,0,4,2,2,0,0,4,2,2,4,2,2,2
4,196,1692.0,158,terminated,2,0,0,2,1692.0,1,4,0,8,2,2,0,4,2,2,0,0,4,2,2,4,2,2,2
4,197,170.0,300,truncated,1,28,0,0,170.0,0,1,1,3,1,0,1,2,1,0,0,0,1,1,0,1,1,0,0
4,198,544.0,176,terminated,2,13,1,2,544.0,0,4,1,9,2,2,1,5,2,2,0,0,4,2,2,4,2,2,2
4,199,1642.0,208,terminated,2,0,0,2,1642.0,1,4,0,8,2,2,0,4,2,2,0,0,4,2,2,4,2,2,2
4,200,170.0,300,truncated,1,28,0,0,170.0,0,1,0,2,1,0,0,1,1,0,0,0,1,1,0,1,1,0,0
4,201,1746.0,104,terminated,2,0,0,2,1746.0,1,4,0,8,2,2,0,4,2,2,0,0,4,2,2,4,2,2,2
4,202,1622.0,228,terminated,2,0,0,2,1622.0,1,4,0,8,2,2,0,4,2,2,0,0,4,2,2,4,2,2,2
4,203,1715.0,135,terminated,2,0,0,2,1715.0,1,4,0,8,2,2,0,4,2,2,0,0,4,2,2,4,2,2,2
4,204,1577.0,273,terminated,2,0,0,2,1577.0,1,4,0,8,2,2,0,4,2,2,0,0,4,2,2,4,2,2,2
4,205,1502.0,148,terminated,2,0,0,1,1502.0,1,3,0,6,2,1,0,3,2,1,0,0,3,2,1,3,2,1,1
4,206,120.0,300,truncated,1,33,0,0,120.0,0,0,0,1,1,0,0,1,1,0,0,1,2,1,0,1,1,0,0
4,207,1730.0,120,terminated,2,0,0,2,1730.0,1,4,0,8,2,2,0,4,2,2,0,0,4,2,2,4,2,2,2
4,208,-50.0,300,truncated,0,30,0,0,-50.0,0,0,0,0,0,0,0,0,0,0,0,0,0,0,0,0,0,0,0
4,209,1662.0,188,terminated,2,0,0,2,1662.0,1,4,0,8,2,2,0,4,2,2,0,0,4,2,2,4,2,2,2
4,210,1689.0,161,terminated,2,0,0,2,1689.0,1,4,0,8,2,2,0,4,2,2,0,0,4,2,2,4,2,2,2
4,211,-219.0,89,terminated,0,38,1,1,-219.0,0,1,1,3,0,1,1,2,0,1,0,0,1,0,1,1,0,1,1
4,212,150.0,300,truncated,0,30,0,1,150.0,0,1,0,2,0,1,0,1,0,1,0,0,1,0,1,1,0,1,1
4,213,1640.0,210,terminated,2,0,0,2,1640.0,1,4,0,8,2,2,0,4,2,2,0,0,4,2,2,4,2,2,2
4,214,1720.0,130,terminated,2,0,0,2,1720.0,1,4,0,8,2,2,0,4,2,2,0,0,4,2,2,4,2,2,2
4,215,9.0,41,terminated,1,40,1,1,9.0,0,2,1,5,1,1,1,3,1,1,0,0,2,1,1,2,1,1,1
4,216,1706.0,144,terminated,2,0,0,2,1706.0,1,4,0,8,2,2,0,4,2,2,0,0,4,2,2,4,2,2,2
4,217,-206.0,176,terminated,1,28,1,0,-206.0,0,0,1,2,1,0,1,2,1,0,0,0,1,1,0,1,1,0,0
4,218,1501.0,149,terminated,2,0,0,1,1501.0,1,2,0,5,2,1,0,3,2,1,0,0,3,2,1,3,2,1,1
4,219,-178.0,38,terminated,0,39,1,1,-178.0,0,1,0,2,0,1,0,1,0,1,0,0,1,0,1,1,0,1,1
4,220,-297.0,267,terminated,0,28,1,1,-297.0,0,1,0,2,0,1,0,1,0,1,0,0,1,0,1,1,0,1,1
4,221,1652.0,198,terminated,2,0,0,2,1652.0,1,3,0,7,2,2,0,4,2,2,0,0,4,2,2,4,2,2,2
4,222,-250.0,200,terminated,1,30,1,0,-250.0,0,1,0,2,1,0,0,1,1,0,0,0,1,1,0,1,1,0,0
4,223,150.0,300,truncated,0,30,0,1,150.0,0,1,0,2,0,1,0,1,0,1,0,0,1,0,1,1,0,1,1
4,224,1509.0,141,terminated,1,0,0,2,1509.0,1,3,0,6,1,2,0,3,1,2,0,0,3,1,2,3,1,2,2
4,225,-190.0,30,terminated,0,41,1,1,-190.0,0,1,0,2,0,1,0,1,0,1,0,0,1,0,1,1,0,1,1
4,226,-252.0,162,terminated,1,34,1,0,-252.0,0,0,0,1,1,0,0,1,1,0,0,0,1,1,0,1,1,0,0
4,227,170.0,300,truncated,1,28,0,0,170.0,0,1,0,2,1,0,0,1,1,0,0,0,1,1,0,1,1,0,0
4,228,1524.0,126,terminated,2,0,0,1,1524.0,1,3,0,6,2,1,0,3,2,1,0,0,3,2,1,3,2,1,1
4,229,1718.0,132,terminated,2,0,0,2,1718.0,1,4,0,8,2,2,0,4,2,2,0,0,4,2,2,4,2,2,2
4,230,1725.0,125,terminated,2,0,0,2,1725.0,1,4,0,8,2,2,0,4,2,2,0,0,4,2,2,4,2,2,2
4,231,1680.0,170,terminated,2,0,0,2,1680.0,1,4,0,8,2,2,0,4,2,2,0,0,4,2,2,4,2,2,2
4,232,1673.0,177,terminated,2,0,0,2,1673.0,1,4,0,8,2,2,0,4,2,2,0,0,4,2,2,4,2,2,2
4,233,160.0,300,truncated,0,29,0,1,160.0,0,1,0,2,0,1,0,1,0,1,0,0,1,0,1,1,0,1,1
4,234,1517.0,133,terminated,2,0,0,1,1517.0,1,3,0,6,2,1,0,3,2,1,0,0,3,2,1,3,2,1,1
4,235,1490.0,160,terminated,2,0,0,1,1490.0,1,3,0,6,2,1,0,3,2,1,0,0,3,2,1,3,2,1,1
4,236,-280.0,240,terminated,1,29,1,0,-280.0,0,1,0,2,1,0,0,1,1,0,0,0,1,1,0,1,1,0,0
4,237,-341.0,181,terminated,0,41,1,1,-341.0,0,1,0,2,0,1,0,1,0,1,0,0,1,0,1,1,0,1,1
4,238,1662.0,188,terminated,2,0,0,2,1662.0,1,4,0,8,2,2,0,4,2,2,0,0,4,2,2,4,2,2,2
4,239,13.0,37,terminated,1,40,1,1,13.0,0,2,0,4,1,1,0,2,1,1,0,0,2,1,1,2,1,1,1
4,240,150.0,300,truncated,1,30,0,0,150.0,0,1,0,2,1,0,0,1,1,0,0,0,1,1,0,1,1,0,0
4,241,-323.0,283,terminated,0,29,1,1,-323.0,0,1,0,2,0,1,0,1,0,1,0,0,1,0,1,1,0,1,1
4,242,1577.0,273,terminated,2,0,0,2,1577.0,1,3,0,7,2,2,0,4,2,2,0,0,4,2,2,4,2,2,2
4,243,350.0,300,truncated,1,30,0,1,350.0,0,2,0,4,1,1,0,2,1,1,0,0,2,1,1,2,1,1,1
4,244,540.0,70,terminated,2,24,1,2,540.0,0,3,0,7,2,2,0,4,2,2,0,0,4,2,2,4,2,2,2
4,245,1522.0,128,terminated,1,0,0,2,1522.0,1,3,0,6,1,2,0,3,1,2,0,0,3,1,2,3,1,2,2
4,246,170.0,300,truncated,1,28,0,0,170.0,0,1,1,3,1,0,1,2,1,0,0,0,1,1,0,1,1,0,0
4,247,360.0,300,truncated,1,29,0,1,360.0,0,2,0,4,1,1,0,2,1,1,1,0,2,1,1,2,1,1,1
4,248,1655.0,195,terminated,2,0,0,2,1655.0,1,4,1,9,2,2,1,5,2,2,0,0,4,2,2,4,2,2,2
4,249,90.0,300,truncated,0,36,0,1,90.0,0,1,0,2,0,1,0,1,0,1,0,0,1,0,1,1,0,1,1
4,250,970.0,300,truncated,2,8,0,2,970.0,0,4,1,9,2,2,1,5,2,2,0,1,5,2,2,4,2,2,2
4,251,1527.0,123,terminated,1,0,0,2,1527.0,1,3,0,6,1,2,0,3,1,2,0,1,4,1,2,3,1,2,2
4,252,1634.0,216,terminated,2,0,0,2,1634.0,1,4,0,8,2,2,0,4,2,2,0,0,4,2,2,4,2,2,2
4,253,150.0,300,truncated,0,30,0,1,150.0,0,1,0,2,0,1,0,1,0,1,0,0,1,0,1,1,0,1,1
4,254,370.0,300,truncated,1,28,0,1,370.0,0,2,0,4,1,1,0,2,1,1,0,0,2,1,1,2,1,1,1
4,255,-80.0,240,terminated,1,29,1,1,-80.0,0,1,0,3,1,1,0,2,1,1,0,1,3,1,1,2,1,1,1
4,256,-211.0,41,terminated,1,42,1,0,-211.0,0,1,0,2,1,0,0,1,1,0,0,0,1,1,0,1,1,0,0
4,257,1735.0,115,terminated,2,0,0,2,1735.0,1,4,0,8,2,2,0,4,2,2,0,0,4,2,2,4,2,2,2
4,258,1685.0,165,terminated,2,0,0,2,1685.0,1,4,1,9,2,2,1,5,2,2,0,0,4,2,2,4,2,2,2
4,259,1599.0,251,terminated,2,0,0,2,1599.0,1,4,0,8,2,2,0,4,2,2,0,0,4,2,2,4,2,2,2
4,260,1721.0,129,terminated,2,0,0,2,1721.0,1,4,0,8,2,2,0,4,2,2,0,0,4,2,2,4,2,2,2
4,261,1583.0,267,terminated,2,0,0,2,1583.0,1,4,0,8,2,2,0,4,2,2,0,0,4,2,2,4,2,2,2
4,262,1402.0,248,terminated,2,0,0,1,1402.0,1,3,0,6,2,1,0,3,2,1,0,0,3,2,1,3,2,1,1
4,263,1615.0,235,terminated,2,0,0,2,1615.0,1,4,0,8,2,2,0,4,2,2,0,1,5,2,2,4,2,2,2
4,264,150.0,300,truncated,0,30,0,1,150.0,0,1,0,2,0,1,0,1,0,1,0,0,1,0,1,1,0,1,1
4,265,170.0,300,truncated,1,28,0,0,170.0,0,1,0,2,1,0,0,1,1,0,0,0,1,1,0,1,1,0,0
4,266,150.0,300,truncated,0,30,0,1,150.0,0,1,0,2,0,1,0,1,0,1,0,0,1,0,1,1,0,1,1
4,267,1622.0,228,terminated,2,0,0,2,1622.0,1,3,0,7,2,2,0,4,2,2,0,0,4,2,2,4,2,2,2
4,268,170.0,300,truncated,0,28,0,1,170.0,0,1,0,2,0,1,0,1,0,1,0,0,1,0,1,1,0,1,1
4,269,1482.0,168,terminated,1,0,0,2,1482.0,1,3,0,6,1,2,0,3,1,2,0,0,3,1,2,3,1,2,2
4,270,1549.0,101,terminated,1,0,0,2,1549.0,1,3,0,6,1,2,0,3,1,2,0,1,4,1,2,3,1,2,2
4,271,1681.0,169,terminated,2,0,0,2,1681.0,1,4,1,9,2,2,1,5,2,2,0,0,4,2,2,4,2,2,2
4,272,-514.0,154,terminated,0,41,1,0,-514.0,0,0,1,1,0,0,1,1,0,0,0,0,0,0,0,0,0,0,0
4,273,1415.0,235,terminated,1,0,0,2,1415.0,1,3,1,7,1,2,1,4,1,2,0,1,4,1,2,3,1,2,2
4,274,1453.0,197,terminated,2,0,0,1,1453.0,1,3,0,6,2,1,0,3,2,1,0,0,3,2,1,3,2,1,1
4,275,324.0,46,terminated,2,28,1,1,324.0,0,2,0,5,2,1,0,3,2,1,0,0,3,2,1,3,2,1,1
4,276,1589.0,261,terminated,2,0,0,2,1589.0,1,3,0,7,2,2,0,4,2,2,0,0,4,2,2,4,2,2,2
4,277,1676.0,174,terminated,2,0,0,2,1676.0,1,4,0,8,2,2,0,4,2,2,0,0,4,2,2,4,2,2,2
4,278,464.0,176,terminated,2,1,1,1,464.0,0,3,0,6,2,1,0,3,2,1,0,0,3,2,1,3,2,1,1
4,279,1508.0,142,terminated,1,0,0,2,1508.0,1,3,1,7,1,2,1,4,1,2,0,1,4,1,2,3,1,2,2
4,280,1694.0,156,terminated,2,0,0,2,1694.0,1,4,0,8,2,2,0,4,2,2,0,0,4,2,2,4,2,2,2
4,281,170.0,300,truncated,1,28,0,0,170.0,0,1,0,2,1,0,0,1,1,0,0,0,1,1,0,1,1,0,0
4,282,170.0,300,truncated,0,28,0,1,170.0,0,1,1,3,0,1,1,2,0,1,0,0,1,0,1,1,0,1,1
4,283,1671.0,179,terminated,2,0,0,2,1671.0,1,4,1,9,2,2,1,5,2,2,0,0,4,2,2,4,2,2,2
4,284,361.0,159,terminated,1,13,1,2,361.0,0,2,0,5,1,2,0,3,1,2,0,0,3,1,2,3,1,2,2
4,285,160.0,300,truncated,0,29,0,1,160.0,0,1,1,3,0,1,1,2,0,1,0,0,1,0,1,1,0,1,1
4,286,1683.0,167,terminated,2,0,0,2,1683.0,1,4,1,9,2,2,1,5,2,2,0,0,4,2,2,4,2,2,2
4,287,1530.0,120,terminated,2,0,0,1,1530.0,1,3,0,6,2,1,0,3,2,1,0,0,3,2,1,3,2,1,1
4,288,1606.0,244,terminated,2,0,0,2,1606.0,1,4,0,8,2,2,0,4,2,2,0,0,4,2,2,4,2,2,2
4,289,110.0,300,truncated,1,34,0,0,110.0,0,1,0,2,1,0,0,1,1,0,0,0,1,1,0,1,1,0,0
4,290,-40.0,300,truncated,0,29,0,0,-40.0,0,0,1,1,0,0,1,1,0,0,0,0,0,0,0,0,0,0,0
4,291,150.0,300,truncated,0,30,0,1,150.0,0,1,0,2,0,1,0,1,0,1,0,0,1,0,1,1,0,1,1
4,292,930.0,300,truncated,2,12,0,2,930.0,0,4,0,8,2,2,0,4,2,2,0,0,4,2,2,4,2,2,2
4,293,1497.0,153,terminated,2,0,0,1,1497.0,1,3,0,6,2,1,0,3,2,1,0,0,3,2,1,3,2,1,1
4,294,1616.0,234,terminated,2,0,0,2,1616.0,1,4,0,8,2,2,0,4,2,2,0,0,4,2,2,4,2,2,2
4,295,-215.0,35,terminated,1,43,1,0,-215.0,0,1,0,2,1,0,0,1,1,0,0,0,1,1,0,1,1,0,0
4,296,1706.0,144,terminated,2,0,0,2,1706.0,1,4,0,8,2,2,0,4,2,2,0,0,4,2,2,4,2,2,2
4,297,1388.0,262,terminated,2,0,0,1,1388.0,1,3,0,6,2,1,0,3,2,1,0,0,3,2,1,3,2,1,1
4,298,160.0,300,truncated,1,29,0,0,160.0,0,1,0,2,1,0,0,1,1,0,0,0,1,1,0,1,1,0,0
4,299,1662.0,188,terminated,2,0,0,2,1662.0,1,4,0,8,2,2,0,4,2,2,0,0,4,2,2,4,2,2,2
4,300,442.0,158,terminated,1,5,1,2,442.0,0,3,0,6,1,2,0,3,1,2,0,0,3,1,2,3,1,2,2
4,301,290.0,300,truncated,1,36,0,1,290.0,0,2,0,4,1,1,0,2,1,1,0,0,2,1,1,2,1,1,1
4,302,-279.0,249,terminated,0,28,1,1,-279.0,0,1,0,2,0,1,0,1,0,1,0,0,1,0,1,1,0,1,1
4,303,-265.0,225,terminated,0,29,1,1,-265.0,0,0,0,1,0,1,0,1,0,1,0,0,1,0,1,1,0,1,1
4,304,160.0,300,truncated,0,29,0,1,160.0,0,1,0,2,0,1,0,1,0,1,0,0,1,0,1,1,0,1,1
4,305,170.0,300,truncated,0,28,0,1,170.0,0,1,0,2,0,1,0,1,0,1,0,0,1,0,1,1,0,1,1
4,306,1457.0,193,terminated,2,0,0,1,1457.0,1,3,0,6,2,1,0,3,2,1,0,1,4,2,1,3,2,1,1
4,307,350.0,300,truncated,1,30,0,1,350.0,0,1,0,3,1,1,0,2,1,1,0,2,4,1,1,2,1,1,1
4,308,110.0,300,truncated,0,34,0,1,110.0,0,1,0,2,0,1,0,1,0,1,0,0,1,0,1,1,0,1,1
4,309,-7.0,187,terminated,1,27,1,1,-7.0,0,2,0,4,1,1,0,2,1,1,0,0,2,1,1,2,1,1,1
4,310,683.0,97,terminated,2,7,1,2,683.0,0,4,0,8,2,2,0,4,2,2,0,0,4,2,2,4,2,2,2
4,311,1413.0,237,terminated,1,0,0,2,1413.0,1,3,0,6,1,2,0,3,1,2,0,0,3,1,2,3,1,2,2
4,312,1481.0,169,terminated,1,0,0,2,1481.0,1,3,0,6,1,2,0,3,1,2,0,0,3,1,2,3,1,2,2
4,313,1654.0,196,terminated,2,0,0,2,1654.0,1,3,0,7,2,2,0,4,2,2,0,0,4,2,2,4,2,2,2
4,314,1724.0,126,terminated,2,0,0,2,1724.0,1,4,0,8,2,2,0,4,2,2,0,0,4,2,2,4,2,2,2
4,315,160.0,300,truncated,1,29,0,0,160.0,0,1,0,2,1,0,0,1,1,0,0,0,1,1,0,1,1,0,0
4,316,140.0,300,truncated,0,31,0,1,140.0,0,1,1,3,0,1,1,2,0,1,0,0,1,0,1,1,0,1,1
4,317,1725.0,125,terminated,2,0,0,2,1725.0,1,4,0,8,2,2,0,4,2,2,0,0,4,2,2,4,2,2,2
4,318,-244.0,214,terminated,1,28,1,0,-244.0,0,1,0,2,1,0,0,1,1,0,0,1,2,1,0,1,1,0,0
4,319,1475.0,175,terminated,2,0,0,1,1475.0,1,3,0,6,2,1,0,3,2,1,0,0,3,2,1,3,2,1,1
4,320,1582.0,268,terminated,2,0,0,2,1582.0,1,4,1,9,2,2,1,5,2,2,0,0,4,2,2,4,2,2,2
4,321,150.0,300,truncated,1,30,0,0,150.0,0,1,0,2,1,0,0,1,1,0,0,0,1,1,0,1,1,0,0
4,322,150.0,300,truncated,1,30,0,0,150.0,0,1,0,2,1,0,0,1,1,0,0,0,1,1,0,1,1,0,0
4,323,1010.0,300,truncated,2,4,0,2,1010.0,0,4,0,8,2,2,0,4,2,2,0,0,4,2,2,4,2,2,2
4,324,1607.0,243,terminated,2,0,0,2,1607.0,1,4,0,8,2,2,0,4,2,2,0,1,5,2,2,4,2,2,2
4,325,1749.0,101,terminated,2,0,0,2,1749.0,1,4,0,8,2,2,0,4,2,2,0,0,4,2,2,4,2,2,2
4,326,1682.0,168,terminated,2,0,0,2,1682.0,1,4,0,8,2,2,0,4,2,2,0,0,4,2,2,4,2,2,2
4,327,566.0,164,terminated,2,12,1,2,566.0,0,4,1,9,2,2,1,5,2,2,0,0,4,2,2,4,2,2,2
4,328,1441.0,209,terminated,2,0,0,1,1441.0,1,3,0,6,2,1,0,3,2,1,0,0,3,2,1,3,2,1,1
4,329,-181.0,31,terminated,0,40,1,1,-181.0,0,1,0,2,0,1,0,1,0,1,0,0,1,0,1,1,0,1,1
4,330,1545.0,105,terminated,1,0,0,2,1545.0,1,3,0,6,1,2,0,3,1,2,0,0,3,1,2,3,1,2,2
4,331,-253.0,163,terminated,1,34,1,0,-253.0,0,1,0,2,1,0,0,1,1,0,0,0,1,1,0,1,1,0,0
4,332,1481.0,169,terminated,2,0,0,1,1481.0,1,3,0,6,2,1,0,3,2,1,0,0,3,2,1,3,2,1,1
4,333,1675.0,175,terminated,2,0,0,2,1675.0,1,4,0,8,2,2,0,4,2,2,0,0,4,2,2,4,2,2,2
4,334,1739.0,111,terminated,2,0,0,2,1739.0,1,4,0,8,2,2,0,4,2,2,0,0,4,2,2,4,2,2,2
4,335,360.0,300,truncated,1,29,0,1,360.0,0,2,1,5,1,1,1,3,1,1,0,0,2,1,1,2,1,1,1
4,336,11.0,39,terminated,1,40,1,1,11.0,0,1,0,3,1,1,0,2,1,1,0,1,3,1,1,2,1,1,1
4,337,290.0,300,truncated,1,36,0,1,290.0,0,2,0,4,1,1,0,2,1,1,0,0,2,1,1,2,1,1,1
4,338,1688.0,162,terminated,2,0,0,2,1688.0,1,3,0,7,2,2,0,4,2,2,0,0,4,2,2,4,2,2,2
4,339,-230.0,200,terminated,0,28,1,1,-230.0,0,1,1,3,0,1,1,2,0,1,0,0,1,0,1,1,0,1,1
4,340,1740.0,110,terminated,2,0,0,2,1740.0,1,4,0,8,2,2,0,4,2,2,0,0,4,2,2,4,2,2,2
4,341,1708.0,142,terminated,2,0,0,2,1708.0,1,4,0,8,2,2,0,4,2,2,0,0,4,2,2,4,2,2,2
4,342,1740.0,110,terminated,2,0,0,2,1740.0,1,4,0,8,2,2,0,4,2,2,0,0,4,2,2,4,2,2,2
4,343,1511.0,139,terminated,1,0,0,2,1511.0,1,3,0,6,1,2,0,3,1,2,0,0,3,1,2,3,1,2,2
4,344,-30.0,200,terminated,1,28,1,1,-30.0,0,2,1,5,1,1,1,3,1,1,0,0,2,1,1,2,1,1,1
4,345,1712.0,138,terminated,2,0,0,2,1712.0,1,4,0,8,2,2,0,4,2,2,0,0,4,2,2,4,2,2,2
4,346,1704.0,146,terminated,2,0,0,2,1704.0,1,4,0,8,2,2,0,4,2,2,0,1,5,2,2,4,2,2,2
4,347,800.0,300,truncated,1,5,0,2,800.0,0,3,0,6,1,2,0,3,1,2,0,0,3,1,2,3,1,2,2
4,348,1446.0,204,terminated,1,0,0,2,1446.0,1,3,1,7,1,2,1,4,1,2,0,0,3,1,2,3,1,2,2
4,349,1717.0,133,terminated,2,0,0,2,1717.0,1,4,0,8,2,2,0,4,2,2,0,0,4,2,2,4,2,2,2
4,350,1605.0,245,terminated,2,0,0,2,1605.0,1,4,0,8,2,2,0,4,2,2,0,0,4,2,2,4,2,2,2
4,351,300.0,300,truncated,1,35,0,1,300.0,0,1,0,3,1,1,0,2,1,1,0,0,2,1,1,2,1,1,1
4,352,1695.0,155,terminated,2,0,0,2,1695.0,1,3,0,7,2,2,0,4,2,2,0,0,4,2,2,4,2,2,2
4,353,1496.0,154,terminated,2,0,0,1,1496.0,1,2,0,5,2,1,0,3,2,1,0,0,3,2,1,3,2,1,1
4,354,150.0,300,truncated,1,30,0,0,150.0,0,1,0,2,1,0,0,1,1,0,0,0,1,1,0,1,1,0,0
4,355,160.0,300,truncated,0,29,0,1,160.0,0,1,0,2,0,1,0,1,0,1,0,0,1,0,1,1,0,1,1
4,356,100.0,300,truncated,0,35,0,1,100.0,0,1,0,2,0,1,0,1,0,1,0,0,1,0,1,1,0,1,1
4,357,1733.0,117,terminated,2,0,0,2,1733.0,1,2,0,6,2,2,0,4,2,2,0,0,4,2,2,4,2,2,2
4,358,-326.0,286,terminated,1,29,1,0,-326.0,0,1,0,2,1,0,0,1,1,0,0,0,1,1,0,1,1,0,0
4,359,1391.0,259,terminated,1,0,0,2,1391.0,1,2,0,5,1,2,0,3,1,2,0,2,5,1,2,3,1,2,2
4,360,1636.0,214,terminated,2,0,0,2,1636.0,1,4,0,8,2,2,0,4,2,2,0,0,4,2,2,4,2,2,2
4,361,14.0,26,terminated,1,41,1,1,14.0,0,2,0,4,1,1,0,2,1,1,0,0,2,1,1,2,1,1,1
4,362,170.0,300,truncated,1,28,0,0,170.0,0,1,0,2,1,0,0,1,1,0,0,0,1,1,0,1,1,0,0
4,363,-30.0,300,truncated,0,28,0,0,-30.0,0,0,1,1,0,0,1,1,0,0,0,0,0,0,0,0,0,0,0
4,364,-246.0,106,terminated,0,39,1,1,-246.0,0,1,0,2,0,1,0,1,0,1,0,0,1,0,1,1,0,1,1
4,365,1452.0,198,terminated,2,0,0,1,1452.0,1,3,0,6,2,1,0,3,2,1,0,0,3,2,1,3,2,1,1
4,366,1728.0,122,terminated,2,0,0,2,1728.0,1,4,0,8,2,2,0,4,2,2,0,0,4,2,2,4,2,2,2
4,367,170.0,300,truncated,0,28,0,1,170.0,0,1,0,2,0,1,0,1,0,1,0,1,2,0,1,1,0,1,1
4,368,-50.0,300,truncated,0,30,0,0,-50.0,0,0,1,1,0,0,1,1,0,0,0,0,0,0,0,0,0,0,0
4,369,1693.0,157,terminated,2,0,0,2,1693.0,1,4,0,8,2,2,0,4,2,2,0,0,4,2,2,4,2,2,2
4,370,1625.0,225,terminated,2,0,0,2,1625.0,1,4,0,8,2,2,0,4,2,2,0,0,4,2,2,4,2,2,2
4,371,170.0,300,truncated,1,28,0,0,170.0,0,1,0,2,1,0,0,1,1,0,0,0,1,1,0,1,1,0,0
4,372,1471.0,179,terminated,2,0,0,1,1471.0,1,3,0,6,2,1,0,3,2,1,0,0,3,2,1,3,2,1,1
4,373,150.0,300,truncated,0,30,0,1,150.0,0,1,0,2,0,1,0,1,0,1,0,0,1,0,1,1,0,1,1
4,374,1428.0,222,terminated,1,0,0,2,1428.0,1,3,0,6,1,2,0,3,1,2,0,0,3,1,2,3,1,2,2
4,375,1669.0,181,terminated,2,0,0,2,1669.0,1,4,0,8,2,2,0,4,2,2,0,0,4,2,2,4,2,2,2
4,376,-137.0,107,terminated,1,28,1,0,-137.0,0,1,0,2,1,0,0,1,1,0,0,0,1,1,0,1,1,0,0
4,377,-300.0,270,terminated,0,28,1,1,-300.0,0,1,1,3,0,1,1,2,0,1,0,0,1,0,1,1,0,1,1
4,378,1514.0,136,terminated,1,0,0,2,1514.0,1,3,0,6,1,2,0,3,1,2,0,1,4,1,2,3,1,2,2
4,379,1463.0,187,terminated,2,0,0,1,1463.0,1,2,1,6,2,1,1,4,2,1,0,0,3,2,1,3,2,1,1
4,380,-317.0,287,terminated,0,28,1,1,-317.0,0,1,0,2,0,1,0,1,0,1,0,0,1,0,1,1,0,1,1
4,381,110.0,300,truncated,1,34,0,0,110.0,0,1,0,2,1,0,0,1,1,0,0,0,1,1,0,1,1,0,0
4,382,1668.0,182,terminated,2,0,0,2,1668.0,1,4,0,8,2,2,0,4,2,2,0,2,6,2,2,4,2,2,2
4,383,350.0,300,truncated,1,30,0,1,350.0,0,2,0,4,1,1,0,2,1,1,0,0,2,1,1,2,1,1,1
4,384,-265.0,105,terminated,0,41,1,1,-265.0,0,1,0,2,0,1,0,1,0,1,0,0,1,0,1,1,0,1,1
4,385,140.0,300,truncated,0,31,0,1,140.0,0,0,1,2,0,1,1,2,0,1,0,0,1,0,1,1,0,1,1
4,386,1462.0,188,terminated,2,0,0,1,1462.0,1,2,0,5,2,1,0,3,2,1,0,0,3,2,1,3,2,1,1
4,387,1465.0,185,terminated,2,0,0,1,1465.0,1,3,0,6,2,1,0,3,2,1,0,0,3,2,1,3,2,1,1
4,388,1658.0,192,terminated,2,0,0,2,1658.0,1,4,0,8,2,2,0,4,2,2,0,0,4,2,2,4,2,2,2
4,389,330.0,300,truncated,1,32,0,1,330.0,0,2,0,4,1,1,0,2,1,1,0,0,2,1,1,2,1,1,1
4,390,170.0,300,truncated,0,28,0,1,170.0,0,1,0,2,0,1,0,1,0,1,0,1,2,0,1,1,0,1,1
4,391,170.0,300,truncated,0,28,0,1,170.0,0,1,0,2,0,1,0,1,0,1,0,0,1,0,1,1,0,1,1
4,392,-289.0,249,terminated,1,29,1,0,-289.0,0,1,0,2,1,0,0,1,1,0,0,0,1,1,0,1,1,0,0
4,393,1531.0,119,terminated,1,0,0,2,1531.0,1,3,0,6,1,2,0,3,1,2,0,0,3,1,2,3,1,2,2
4,394,-297.0,257,terminated,0,29,1,1,-297.0,0,1,0,2,0,1,0,1,0,1,0,0,1,0,1,1,0,1,1
4,395,1455.0,195,terminated,2,0,0,1,1455.0,1,3,0,6,2,1,0,3,2,1,0,0,3,2,1,3,2,1,1
4,396,-292.0,262,terminated,0,28,1,1,-292.0,0,0,0,1,0,1,0,1,0,1,0,0,1,0,1,1,0,1,1
4,397,160.0,300,truncated,0,29,0,1,160.0,0,0,0,1,0,1,0,1,0,1,0,0,1,0,1,1,0,1,1
4,398,1560.0,290,terminated,2,0,0,2,1560.0,1,4,1,9,2,2,1,5,2,2,0,0,4,2,2,4,2,2,2
4,399,1656.0,194,terminated,2,0,0,2,1656.0,1,4,1,9,2,2,1,5,2,2,0,0,4,2,2,4,2,2,2
4,400,1667.0,183,terminated,2,0,0,2,1667.0,1,4,0,8,2,2,0,4,2,2,0,0,4,2,2,4,2,2,2
4,401,1669.0,181,terminated,2,0,0,2,1669.0,1,4,0,8,2,2,0,4,2,2,0,0,4,2,2,4,2,2,2
4,402,170.0,300,truncated,1,28,0,0,170.0,0,1,0,2,1,0,0,1,1,0,0,0,1,1,0,1,1,0,0
4,403,1666.0,184,terminated,2,0,0,2,1666.0,1,3,0,7,2,2,0,4,2,2,0,0,4,2,2,4,2,2,2
4,404,-14.0,34,terminated,1,43,1,1,-14.0,0,2,0,4,1,1,0,2,1,1,0,0,2,1,1,2,1,1,1
4,405,-68.0,118,terminated,1,40,1,1,-68.0,0,2,0,4,1,1,0,2,1,1,0,0,2,1,1,2,1,1,1
4,406,1468.0,182,terminated,2,0,0,1,1468.0,1,2,0,5,2,1,0,3,2,1,0,0,3,2,1,3,2,1,1
4,407,1464.0,186,terminated,1,0,0,2,1464.0,1,3,1,7,1,2,1,4,1,2,0,0,3,1,2,3,1,2,2
4,408,1563.0,87,terminated,1,0,0,2,1563.0,1,3,0,6,1,2,0,3,1,2,0,1,4,1,2,3,1,2,2
4,409,-45.0,55,terminated,1,24,1,0,-45.0,0,1,0,2,1,0,0,1,1,0,0,0,1,1,0,1,1,0,0
4,410,170.0,300,truncated,0,28,0,1,170.0,0,1,0,2,0,1,0,1,0,1,0,0,1,0,1,1,0,1,1
4,411,150.0,300,truncated,1,30,0,0,150.0,0,1,0,2,1,0,0,1,1,0,0,0,1,1,0,1,1,0,0
4,412,-90.0,300,truncated,0,34,0,0,-90.0,0,0,0,0,0,0,0,0,0,0,0,0,0,0,0,0,0,0,0
4,413,1531.0,119,terminated,2,0,0,1,1531.0,1,3,0,6,2,1,0,3,2,1,0,0,3,2,1,3,2,1,1
4,414,330.0,300,truncated,1,32,0,1,330.0,0,2,0,4,1,1,0,2,1,1,0,1,3,1,1,2,1,1,1
4,415,-151.0,111,terminated,0,29,1,1,-151.0,0,1,0,2,0,1,0,1,0,1,0,0,1,0,1,1,0,1,1
4,416,1618.0,232,terminated,2,0,0,2,1618.0,1,4,1,9,2,2,1,5,2,2,0,0,4,2,2,4,2,2,2
4,417,1396.0,254,terminated,2,0,0,1,1396.0,1,2,0,5,2,1,0,3,2,1,0,0,3,2,1,3,2,1,1
4,418,320.0,300,truncated,1,33,0,1,320.0,0,2,0,4,1,1,0,2,1,1,0,0,2,1,1,2,1,1,1
4,419,1730.0,120,terminated,2,0,0,2,1730.0,1,4,0,8,2,2,0,4,2,2,0,2,6,2,2,4,2,2,2
4,420,1739.0,111,terminated,2,0,0,2,1739.0,1,4,0,8,2,2,0,4,2,2,0,0,4,2,2,4,2,2,2
4,421,160.0,300,truncated,0,29,0,1,160.0,0,1,0,2,0,1,0,1,0,1,0,0,1,0,1,1,0,1,1
4,422,1687.0,163,terminated,2,0,0,2,1687.0,1,4,1,9,2,2,1,5,2,2,0,0,4,2,2,4,2,2,2
4,423,1652.0,198,terminated,2,0,0,2,1652.0,1,4,0,8,2,2,0,4,2,2,0,2,6,2,2,4,2,2,2
4,424,377.0,123,terminated,2,15,1,1,377.0,0,3,0,6,2,1,0,3,2,1,0,0,3,2,1,3,2,1,1
4,425,1465.0,185,terminated,1,0,0,2,1465.0,1,3,0,6,1,2,0,3,1,2,0,0,3,1,2,3,1,2,2
4,426,1403.0,247,terminated,1,0,0,2,1403.0,1,3,1,7,1,2,1,4,1,2,0,0,3,1,2,3,1,2,2
4,427,1708.0,142,terminated,2,0,0,2,1708.0,1,4,1,9,2,2,1,5,2,2,0,0,4,2,2,4,2,2,2
4,428,-122.0,92,terminated,0,28,1,1,-122.0,0,1,0,2,0,1,0,1,0,1,0,0,1,0,1,1,0,1,1
4,429,1611.0,239,terminated,2,0,0,2,1611.0,1,4,0,8,2,2,0,4,2,2,0,0,4,2,2,4,2,2,2
4,430,65.0,45,terminated,1,34,1,1,65.0,0,2,0,4,1,1,0,2,1,1,0,0,2,1,1,2,1,1,1
4,431,-250.0,100,terminated,1,40,1,0,-250.0,0,1,0,2,1,0,0,1,1,0,0,0,1,1,0,1,1,0,0
4,432,1694.0,156,terminated,2,0,0,2,1694.0,1,3,0,7,2,2,0,4,2,2,0,0,4,2,2,4,2,2,2
4,433,-22.0,202,terminated,1,27,1,1,-22.0,0,2,0,4,1,1,0,2,1,1,0,0,2,1,1,2,1,1,1
4,434,1682.0,168,terminated,2,0,0,2,1682.0,1,4,0,8,2,2,0,4,2,2,0,0,4,2,2,4,2,2,2
4,435,1587.0,263,terminated,2,0,0,2,1587.0,1,4,1,9,2,2,1,5,2,2,0,0,4,2,2,4,2,2,2
4,436,1726.0,124,terminated,2,0,0,2,1726.0,1,4,1,9,2,2,1,5,2,2,0,0,4,2,2,4,2,2,2
4,437,1603.0,247,terminated,2,0,0,2,1603.0,1,4,1,9,2,2,1,5,2,2,0,0,4,2,2,4,2,2,2
4,438,1696.0,154,terminated,2,0,0,2,1696.0,1,4,1,9,2,2,1,5,2,2,0,1,5,2,2,4,2,2,2
4,439,1666.0,184,terminated,2,0,0,2,1666.0,1,4,0,8,2,2,0,4,2,2,0,0,4,2,2,4,2,2,2
4,440,170.0,300,truncated,1,28,0,0,170.0,0,1,0,2,1,0,0,1,1,0,0,0,1,1,0,1,1,0,0
4,441,160.0,300,truncated,1,29,0,0,160.0,0,1,1,3,1,0,1,2,1,0,0,0,1,1,0,1,1,0,0
4,442,1671.0,179,terminated,2,0,0,2,1671.0,1,4,0,8,2,2,0,4,2,2,0,1,5,2,2,4,2,2,2
4,443,1502.0,148,terminated,1,0,0,2,1502.0,1,3,0,6,1,2,0,3,1,2,0,1,4,1,2,3,1,2,2
4,444,370.0,300,truncated,1,28,0,1,370.0,0,2,1,5,1,1,1,3,1,1,0,0,2,1,1,2,1,1,1
4,445,1501.0,149,terminated,1,0,0,2,1501.0,1,3,0,6,1,2,0,3,1,2,0,0,3,1,2,3,1,2,2
4,446,1726.0,124,terminated,2,0,0,2,1726.0,1,4,0,8,2,2,0,4,2,2,0,0,4,2,2,4,2,2,2
4,447,1664.0,186,terminated,2,0,0,2,1664.0,1,4,0,8,2,2,0,4,2,2,0,0,4,2,2,4,2,2,2
4,448,-181.0,31,terminated,0,40,1,1,-181.0,0,1,1,3,0,1,1,2,0,1,0,0,1,0,1,1,0,1,1
4,449,170.0,300,truncated,0,28,0,1,170.0,0,1,0,2,0,1,0,1,0,1,0,1,2,0,1,1,0,1,1
4,450,170.0,300,truncated,0,28,0,1,170.0,0,0,1,2,0,1,1,2,0,1,0,0,1,0,1,1,0,1,1
4,451,150.0,300,truncated,0,30,0,1,150.0,0,1,0,2,0,1,0,1,0,1,0,0,1,0,1,1,0,1,1
4,452,1566.0,284,terminated,2,0,0,2,1566.0,1,3,1,8,2,2,1,5,2,2,0,0,4,2,2,4,2,2,2
4,453,-314.0,174,terminated,0,39,1,1,-314.0,0,0,0,1,0,1,0,1,0,1,0,1,2,0,1,1,0,1,1
4,454,170.0,300,truncated,0,28,0,1,170.0,0,0,0,1,0,1,0,1,0,1,0,0,1,0,1,1,0,1,1
4,455,1439.0,211,terminated,2,0,0,1,1439.0,1,2,0,5,2,1,0,3,2,1,0,0,3,2,1,3,2,1,1
4,456,-40.0,300,truncated,0,29,0,0,-40.0,0,0,0,0,0,0,0,0,0,0,0,0,0,0,0,0,0,0,0
4,457,-283.0,253,terminated,0,28,1,1,-283.0,0,1,0,2,0,1,0,1,0,1,0,0,1,0,1,1,0,1,1
4,458,-330.0,300,terminated_and_truncated,1,28,1,0,-330.0,0,1,0,2,1,0,0,1,1,0,0,0,1,1,0,1,1,0,0
4,459,-430.0,170,terminated,0,31,1,0,-430.0,0,0,1,1,0,0,1,1,0,0,0,0,0,0,0,0,0,0,0
4,460,1705.0,145,terminated,2,0,0,2,1705.0,1,4,0,8,2,2,0,4,2,2,0,0,4,2,2,4,2,2,2
4,461,1444.0,206,terminated,1,0,0,2,1444.0,1,3,0,6,1,2,0,3,1,2,0,0,3,1,2,3,1,2,2
4,462,1492.0,158,terminated,1,0,0,2,1492.0,1,3,0,6,1,2,0,3,1,2,0,0,3,1,2,3,1,2,2
4,463,110.0,300,truncated,1,34,0,0,110.0,0,1,0,2,1,0,0,1,1,0,0,0,1,1,0,1,1,0,0
4,464,1699.0,151,terminated,2,0,0,2,1699.0,1,4,0,8,2,2,0,4,2,2,0,0,4,2,2,4,2,2,2
4,465,1705.0,145,terminated,2,0,0,2,1705.0,1,4,0,8,2,2,0,4,2,2,0,0,4,2,2,4,2,2,2
4,466,-437.0,107,terminated,0,38,1,0,-437.0,0,0,1,1,0,0,1,1,0,0,0,0,0,0,0,0,0,0,0
4,467,-5.0,25,terminated,1,43,1,1,-5.0,0,2,0,4,1,1,0,2,1,1,0,0,2,1,1,2,1,1,1
4,468,516.0,124,terminated,2,21,1,2,516.0,0,4,1,9,2,2,1,5,2,2,0,0,4,2,2,4,2,2,2
4,469,1280.0,170,terminated,1,0,0,1,1280.0,1,2,0,4,1,1,0,2,1,1,0,0,2,1,1,2,1,1,1
4,470,160.0,300,truncated,1,29,0,0,160.0,0,1,0,2,1,0,0,1,1,0,0,0,1,1,0,1,1,0,0
4,471,1588.0,262,terminated,2,0,0,2,1588.0,1,4,1,9,2,2,1,5,2,2,0,0,4,2,2,4,2,2,2
4,472,170.0,300,truncated,1,28,0,0,170.0,0,1,0,2,1,0,0,1,1,0,0,0,1,1,0,1,1,0,0
4,473,160.0,300,truncated,1,29,0,0,160.0,0,1,1,3,1,0,1,2,1,0,0,0,1,1,0,1,1,0,0
4,474,1639.0,211,terminated,2,0,0,2,1639.0,1,3,0,7,2,2,0,4,2,2,0,0,4,2,2,4,2,2,2
4,475,1735.0,115,terminated,2,0,0,2,1735.0,1,4,0,8,2,2,0,4,2,2,0,0,4,2,2,4,2,2,2
4,476,1737.0,113,terminated,2,0,0,2,1737.0,1,3,1,8,2,2,1,5,2,2,0,0,4,2,2,4,2,2,2
4,477,150.0,300,truncated,1,30,0,0,150.0,0,1,1,3,1,0,1,2,1,0,0,0,1,1,0,1,1,0,0
4,478,1465.0,185,terminated,1,0,0,2,1465.0,1,2,0,5,1,2,0,3,1,2,0,0,3,1,2,3,1,2,2
4,479,1636.0,214,terminated,2,0,0,2,1636.0,1,4,0,8,2,2,0,4,2,2,0,0,4,2,2,4,2,2,2
4,480,-179.0,29,terminated,1,40,1,0,-179.0,0,1,0,2,1,0,0,1,1,0,0,0,1,1,0,1,1,0,0
4,481,577.0,73,terminated,2,20,1,2,577.0,0,4,0,8,2,2,0,4,2,2,0,0,4,2,2,4,2,2,2
4,482,1527.0,123,terminated,1,0,0,2,1527.0,1,3,0,6,1,2,0,3,1,2,0,0,3,1,2,3,1,2,2
4,483,1632.0,218,terminated,2,0,0,2,1632.0,1,4,0,8,2,2,0,4,2,2,0,0,4,2,2,4,2,2,2
4,484,150.0,300,truncated,0,30,0,1,150.0,0,0,0,1,0,1,0,1,0,1,0,0,1,0,1,1,0,1,1
4,485,1465.0,185,terminated,2,0,0,1,1465.0,1,3,0,6,2,1,0,3,2,1,0,0,3,2,1,3,2,1,1
4,486,-128.0,278,terminated,1,30,1,1,-128.0,0,2,0,4,1,1,0,2,1,1,0,0,2,1,1,2,1,1,1
4,487,1496.0,154,terminated,1,0,0,2,1496.0,1,3,0,6,1,2,0,3,1,2,0,0,3,1,2,3,1,2,2
4,488,110.0,300,truncated,1,34,0,0,110.0,0,1,0,2,1,0,0,1,1,0,0,0,1,1,0,1,1,0,0
4,489,1506.0,144,terminated,1,0,0,2,1506.0,1,3,0,6,1,2,0,3,1,2,0,1,4,1,2,3,1,2,2
4,490,624.0,126,terminated,2,10,1,2,624.0,0,4,0,8,2,2,0,4,2,2,0,0,4,2,2,4,2,2,2
4,491,120.0,300,truncated,0,33,0,1,120.0,0,1,0,2,0,1,0,1,0,1,0,0,1,0,1,1,0,1,1
4,492,170.0,300,truncated,0,28,0,1,170.0,0,0,1,2,0,1,1,2,0,1,0,0,1,0,1,1,0,1,1
4,493,170.0,300,truncated,1,28,0,0,170.0,0,1,1,3,1,0,1,2,1,0,0,0,1,1,0,1,1,0,0
4,494,-215.0,135,terminated,1,33,1,0,-215.0,0,1,0,2,1,0,0,1,1,0,0,0,1,1,0,1,1,0,0
4,495,160.0,300,truncated,0,29,0,1,160.0,0,1,0,2,0,1,0,1,0,1,0,0,1,0,1,1,0,1,1
4,496,170.0,300,truncated,1,28,0,0,170.0,0,0,0,1,1,0,0,1,1,0,0,0,1,1,0,1,1,0,0
4,497,170.0,300,truncated,0,28,0,1,170.0,0,1,0,2,0,1,0,1,0,1,0,0,1,0,1,1,0,1,1
4,498,-291.0,261,terminated,0,28,1,1,-291.0,0,1,0,2,0,1,0,1,0,1,0,0,1,0,1,1,0,1,1
4,499,578.0,182,terminated,2,9,1,2,578.0,0,4,0,8,2,2,0,4,2,2,0,0,4,2,2,4,2,2,2
4,500,370.0,300,truncated,1,28,0,1,370.0,0,2,0,4,1,1,0,2,1,1,0,0,2,1,1,2,1,1,1
4,501,170.0,300,truncated,1,28,0,0,170.0,0,1,0,2,1,0,0,1,1,0,0,0,1,1,0,1,1,0,0
4,502,330.0,300,truncated,1,32,0,1,330.0,0,1,0,3,1,1,0,2,1,1,0,2,4,1,1,2,1,1,1
4,503,-130.0,300,truncated,0,38,0,0,-130.0,0,0,0,0,0,0,0,0,0,0,0,0,0,0,0,0,0,0,0
4,504,1724.0,126,terminated,2,0,0,2,1724.0,1,4,0,8,2,2,0,4,2,2,0,0,4,2,2,4,2,2,2
4,505,1679.0,171,terminated,2,0,0,2,1679.0,1,4,0,8,2,2,0,4,2,2,0,0,4,2,2,4,2,2,2
4,506,150.0,300,truncated,0,30,0,1,150.0,0,1,1,3,0,1,1,2,0,1,0,0,1,0,1,1,0,1,1
4,507,-95.0,185,terminated,1,36,1,1,-95.0,0,1,1,4,1,1,1,3,1,1,1,0,2,1,1,2,1,1,1
4,508,1597.0,253,terminated,2,0,0,2,1597.0,1,4,1,9,2,2,1,5,2,2,0,0,4,2,2,4,2,2,2
4,509,-163.0,23,terminated,0,39,1,1,-163.0,0,1,0,2,0,1,0,1,0,1,0,0,1,0,1,1,0,1,1
4,510,1673.0,177,terminated,2,0,0,2,1673.0,1,4,0,8,2,2,0,4,2,2,0,0,4,2,2,4,2,2,2
4,511,160.0,300,truncated,0,29,0,1,160.0,0,1,0,2,0,1,0,1,0,1,0,0,1,0,1,1,0,1,1
4,512,-181.0,131,terminated,1,30,1,0,-181.0,0,1,0,2,1,0,0,1,1,0,0,0,1,1,0,1,1,0,0
4,513,820.0,300,truncated,2,23,0,2,820.0,0,4,0,8,2,2,0,4,2,2,0,0,4,2,2,4,2,2,2
4,514,1693.0,157,terminated,2,0,0,2,1693.0,1,4,0,8,2,2,0,4,2,2,0,2,6,2,2,4,2,2,2
4,515,1452.0,198,terminated,1,0,0,2,1452.0,1,3,0,6,1,2,0,3,1,2,0,0,3,1,2,3,1,2,2
4,516,-168.0,128,terminated,0,29,1,1,-168.0,0,1,0,2,0,1,0,1,0,1,0,1,2,0,1,1,0,1,1
4,517,-147.0,117,terminated,0,28,1,1,-147.0,0,1,1,3,0,1,1,2,0,1,0,0,1,0,1,1,0,1,1
4,518,1493.0,157,terminated,2,0,0,1,1493.0,1,3,0,6,2,1,0,3,2,1,0,0,3,2,1,3,2,1,1
4,519,648.0,192,terminated,2,1,1,2,648.0,0,3,0,7,2,2,0,4,2,2,0,0,4,2,2,4,2,2,2
4,520,627.0,193,terminated,2,3,1,2,627.0,0,4,0,8,2,2,0,4,2,2,0,0,4,2,2,4,2,2,2
4,521,1579.0,271,terminated,2,0,0,2,1579.0,1,3,1,8,2,2,1,5,2,2,0,0,4,2,2,4,2,2,2
4,522,1748.0,102,terminated,2,0,0,2,1748.0,1,4,0,8,2,2,0,4,2,2,0,0,4,2,2,4,2,2,2
4,523,140.0,300,truncated,1,31,0,0,140.0,0,1,0,2,1,0,0,1,1,0,0,0,1,1,0,1,1,0,0
4,524,1527.0,123,terminated,2,0,0,1,1527.0,1,3,0,6,2,1,0,3,2,1,0,0,3,2,1,3,2,1,1
4,525,1719.0,131,terminated,2,0,0,2,1719.0,1,4,0,8,2,2,0,4,2,2,0,0,4,2,2,4,2,2,2
4,526,1617.0,233,terminated,2,0,0,2,1617.0,1,4,1,9,2,2,1,5,2,2,0,0,4,2,2,4,2,2,2
4,527,-201.0,41,terminated,1,41,1,0,-201.0,0,1,0,2,1,0,0,1,1,0,0,0,1,1,0,1,1,0,0
4,528,1680.0,170,terminated,2,0,0,2,1680.0,1,3,0,7,2,2,0,4,2,2,0,0,4,2,2,4,2,2,2
4,529,-100.0,300,truncated,0,35,0,0,-100.0,0,0,0,0,0,0,0,0,0,0,0,0,0,0,0,0,0,0,0
4,530,120.0,300,truncated,0,33,0,1,120.0,0,0,1,2,0,1,1,2,0,1,0,0,1,0,1,1,0,1,1
4,531,1705.0,145,terminated,2,0,0,2,1705.0,1,4,0,8,2,2,0,4,2,2,0,0,4,2,2,4,2,2,2
4,532,1647.0,203,terminated,2,0,0,2,1647.0,1,4,0,8,2,2,0,4,2,2,0,0,4,2,2,4,2,2,2
4,533,1414.0,236,terminated,2,0,0,1,1414.0,1,3,1,7,2,1,1,4,2,1,0,0,3,2,1,3,2,1,1
4,534,1638.0,212,terminated,2,0,0,2,1638.0,1,4,0,8,2,2,0,4,2,2,0,0,4,2,2,4,2,2,2
4,535,160.0,300,truncated,0,29,0,1,160.0,0,1,0,2,0,1,0,1,0,1,0,0,1,0,1,1,0,1,1
4,536,130.0,300,truncated,0,32,0,1,130.0,0,1,0,2,0,1,0,1,0,1,0,0,1,0,1,1,0,1,1
4,537,140.0,300,truncated,0,31,0,1,140.0,0,1,0,2,0,1,0,1,0,1,0,0,1,0,1,1,0,1,1
4,538,-127.0,237,terminated,1,34,1,1,-127.0,0,0,0,2,1,1,0,2,1,1,0,0,2,1,1,2,1,1,1
4,539,150.0,300,truncated,0,30,0,1,150.0,0,1,0,2,0,1,0,1,0,1,0,0,1,0,1,1,0,1,1
4,540,1693.0,157,terminated,2,0,0,2,1693.0,1,4,0,8,2,2,0,4,2,2,0,0,4,2,2,4,2,2,2
4,541,1448.0,202,terminated,1,0,0,2,1448.0,1,3,0,6,1,2,0,3,1,2,0,0,3,1,2,3,1,2,2
4,542,1686.0,164,terminated,2,0,0,2,1686.0,1,4,0,8,2,2,0,4,2,2,0,0,4,2,2,4,2,2,2
4,543,1712.0,138,terminated,2,0,0,2,1712.0,1,3,0,7,2,2,0,4,2,2,0,0,4,2,2,4,2,2,2
4,544,1638.0,212,terminated,2,0,0,2,1638.0,1,4,0,8,2,2,0,4,2,2,0,0,4,2,2,4,2,2,2
4,545,1707.0,143,terminated,2,0,0,2,1707.0,1,4,0,8,2,2,0,4,2,2,0,0,4,2,2,4,2,2,2
4,546,150.0,300,truncated,1,30,0,0,150.0,0,1,0,2,1,0,0,1,1,0,0,0,1,1,0,1,1,0,0
4,547,1651.0,199,terminated,2,0,0,2,1651.0,1,4,0,8,2,2,0,4,2,2,0,0,4,2,2,4,2,2,2
4,548,-274.0,234,terminated,0,29,1,1,-274.0,0,1,0,2,0,1,0,1,0,1,0,0,1,0,1,1,0,1,1
4,549,1572.0,278,terminated,2,0,0,2,1572.0,1,4,0,8,2,2,0,4,2,2,0,3,7,2,2,4,2,2,2
4,550,170.0,300,truncated,1,28,0,0,170.0,0,1,0,2,1,0,0,1,1,0,0,0,1,1,0,1,1,0,0
4,551,150.0,300,truncated,0,30,0,1,150.0,0,1,0,2,0,1,0,1,0,1,0,0,1,0,1,1,0,1,1
4,552,140.0,300,truncated,0,31,0,1,140.0,0,1,1,3,0,1,1,2,0,1,0,0,1,0,1,1,0,1,1
4,553,-295.0,255,terminated,1,29,1,0,-295.0,0,1,0,2,1,0,0,1,1,0,0,0,1,1,0,1,1,0,0
4,554,1742.0,108,terminated,2,0,0,2,1742.0,1,4,0,8,2,2,0,4,2,2,0,0,4,2,2,4,2,2,2
4,555,1577.0,273,terminated,2,0,0,2,1577.0,1,4,0,8,2,2,0,4,2,2,0,0,4,2,2,4,2,2,2
4,556,170.0,300,truncated,0,28,0,1,170.0,0,1,0,2,0,1,0,1,0,1,0,0,1,0,1,1,0,1,1
4,557,1728.0,122,terminated,2,0,0,2,1728.0,1,4,1,9,2,2,1,5,2,2,0,0,4,2,2,4,2,2,2
4,558,170.0,300,truncated,0,28,0,1,170.0,0,1,1,3,0,1,1,2,0,1,0,1,2,0,1,1,0,1,1
4,559,1423.0,227,terminated,1,0,0,2,1423.0,1,2,0,5,1,2,0,3,1,2,0,0,3,1,2,3,1,2,2
4,560,1540.0,110,terminated,1,0,0,2,1540.0,1,3,0,6,1,2,0,3,1,2,0,0,3,1,2,3,1,2,2
4,561,1727.0,123,terminated,2,0,0,2,1727.0,1,3,0,7,2,2,0,4,2,2,0,0,4,2,2,4,2,2,2
4,562,-416.0,106,terminated,0,36,1,0,-416.0,0,0,1,1,0,0,1,1,0,0,0,0,0,0,0,0,0,0,0
4,563,-144.0,114,terminated,1,28,1,0,-144.0,0,1,0,2,1,0,0,1,1,0,0,1,2,1,0,1,1,0,0
4,564,1509.0,141,terminated,2,0,0,1,1509.0,1,2,0,5,2,1,0,3,2,1,0,0,3,2,1,3,2,1,1
4,565,1715.0,135,terminated,2,0,0,2,1715.0,1,3,1,8,2,2,1,5,2,2,0,0,4,2,2,4,2,2,2
4,566,-181.0,151,terminated,0,28,1,1,-181.0,0,1,1,3,0,1,1,2,0,1,0,0,1,0,1,1,0,1,1
4,567,-247.0,127,terminated,0,37,1,1,-247.0,0,1,1,3,0,1,1,2,0,1,0,1,2,0,1,1,0,1,1
4,568,1398.0,252,terminated,2,0,0,1,1398.0,1,3,0,6,2,1,0,3,2,1,0,1,4,2,1,3,2,1,1
4,569,1363.0,287,terminated,2,0,0,1,1363.0,1,3,0,6,2,1,0,3,2,1,0,0,3,2,1,3,2,1,1
4,570,1611.0,239,terminated,2,0,0,2,1611.0,1,3,0,7,2,2,0,4,2,2,0,0,4,2,2,4,2,2,2
4,571,1676.0,174,terminated,2,0,0,2,1676.0,1,4,0,8,2,2,0,4,2,2,0,1,5,2,2,4,2,2,2
4,572,1754.0,96,terminated,2,0,0,2,1754.0,1,3,0,7,2,2,0,4,2,2,0,0,4,2,2,4,2,2,2
4,573,-323.0,293,terminated,1,28,1,0,-323.0,0,1,0,2,1,0,0,1,1,0,0,0,1,1,0,1,1,0,0
4,574,-202.0,172,terminated,1,28,1,0,-202.0,0,1,0,2,1,0,0,1,1,0,0,0,1,1,0,1,1,0,0
4,575,140.0,300,truncated,0,31,0,1,140.0,0,0,0,1,0,1,0,1,0,1,0,0,1,0,1,1,0,1,1
4,576,1655.0,195,terminated,2,0,0,2,1655.0,1,4,0,8,2,2,0,4,2,2,0,0,4,2,2,4,2,2,2
4,577,1439.0,211,terminated,2,0,0,1,1439.0,1,2,0,5,2,1,0,3,2,1,0,0,3,2,1,3,2,1,1
4,578,1528.0,122,terminated,2,0,0,1,1528.0,1,3,1,7,2,1,1,4,2,1,0,0,3,2,1,3,2,1,1
4,579,1713.0,137,terminated,2,0,0,2,1713.0,1,4,0,8,2,2,0,4,2,2,0,0,4,2,2,4,2,2,2
4,580,-245.0,155,terminated,0,34,1,1,-245.0,0,1,0,2,0,1,0,1,0,1,0,0,1,0,1,1,0,1,1
4,581,170.0,300,truncated,0,28,0,1,170.0,0,1,0,2,0,1,0,1,0,1,0,0,1,0,1,1,0,1,1
4,582,-15.0,35,terminated,1,43,1,1,-15.0,0,1,0,3,1,1,0,2,1,1,0,0,2,1,1,2,1,1,1
4,583,-298.0,258,terminated,1,29,1,0,-298.0,0,1,0,2,1,0,0,1,1,0,0,0,1,1,0,1,1,0,0
4,584,1678.0,172,terminated,2,0,0,2,1678.0,1,4,1,9,2,2,1,5,2,2,0,0,4,2,2,4,2,2,2
4,585,1677.0,173,terminated,2,0,0,2,1677.0,1,4,1,9,2,2,1,5,2,2,0,0,4,2,2,4,2,2,2
4,586,1475.0,175,terminated,2,0,0,1,1475.0,1,3,0,6,2,1,0,3,2,1,0,0,3,2,1,3,2,1,1
4,587,1734.0,116,terminated,2,0,0,2,1734.0,1,4,0,8,2,2,0,4,2,2,0,0,4,2,2,4,2,2,2
4,588,1670.0,180,terminated,2,0,0,2,1670.0,1,3,1,8,2,2,1,5,2,2,0,2,6,2,2,4,2,2,2
4,589,170.0,300,truncated,0,28,0,1,170.0,0,1,1,3,0,1,1,2,0,1,0,0,1,0,1,1,0,1,1
4,590,-287.0,257,terminated,0,28,1,1,-287.0,0,1,1,3,0,1,1,2,0,1,0,0,1,0,1,1,0,1,1
4,591,170.0,300,truncated,0,28,0,1,170.0,0,1,1,3,0,1,1,2,0,1,0,0,1,0,1,1,0,1,1
4,592,1531.0,119,terminated,2,0,0,1,1531.0,1,3,0,6,2,1,0,3,2,1,0,0,3,2,1,3,2,1,1
4,593,1629.0,221,terminated,2,0,0,2,1629.0,1,4,0,8,2,2,0,4,2,2,0,1,5,2,2,4,2,2,2
4,594,1700.0,150,terminated,2,0,0,2,1700.0,1,4,0,8,2,2,0,4,2,2,0,0,4,2,2,4,2,2,2
4,595,1622.0,228,terminated,2,0,0,2,1622.0,1,4,1,9,2,2,1,5,2,2,0,0,4,2,2,4,2,2,2
4,596,-331.0,281,terminated,0,30,1,1,-331.0,0,1,0,2,0,1,0,1,0,1,0,0,1,0,1,1,0,1,1
4,597,1544.0,106,terminated,1,0,0,2,1544.0,1,3,1,7,1,2,1,4,1,2,0,0,3,1,2,3,1,2,2
4,598,1467.0,183,terminated,2,0,0,1,1467.0,1,3,0,6,2,1,0,3,2,1,0,0,3,2,1,3,2,1,1
4,599,170.0,300,truncated,0,28,0,1,170.0,0,0,0,1,0,1,0,1,0,1,0,0,1,0,1,1,0,1,1
4,600,80.0,300,truncated,1,37,0,0,80.0,0,1,0,2,1,0,0,1,1,0,0,0,1,1,0,1,1,0,0
4,601,-532.0,212,terminated,0,37,1,0,-532.0,0,0,1,1,0,0,1,1,0,0,0,0,0,0,0,0,0,0,0
4,602,1707.0,143,terminated,2,0,0,2,1707.0,1,4,0,8,2,2,0,4,2,2,0,1,5,2,2,4,2,2,2
4,603,-288.0,158,terminated,0,38,1,1,-288.0,0,1,0,2,0,1,0,1,0,1,0,0,1,0,1,1,0,1,1
4,604,389.0,91,terminated,1,17,1,2,389.0,0,3,0,6,1,2,0,3,1,2,0,0,3,1,2,3,1,2,2
4,605,1614.0,236,terminated,2,0,0,2,1614.0,1,4,0,8,2,2,0,4,2,2,0,2,6,2,2,4,2,2,2
4,606,1704.0,146,terminated,2,0,0,2,1704.0,1,4,0,8,2,2,0,4,2,2,0,0,4,2,2,4,2,2,2
4,607,150.0,300,truncated,1,30,0,0,150.0,0,1,1,3,1,0,1,2,1,0,0,0,1,1,0,1,1,0,0
4,608,1728.0,122,terminated,2,0,0,2,1728.0,1,4,0,8,2,2,0,4,2,2,0,0,4,2,2,4,2,2,2
4,609,-266.0,216,terminated,0,30,1,1,-266.0,0,0,0,1,0,1,0,1,0,1,0,0,1,0,1,1,0,1,1
4,610,371.0,149,terminated,2,13,1,1,371.0,0,3,0,6,2,1,0,3,2,1,0,0,3,2,1,3,2,1,1
4,611,1620.0,230,terminated,2,0,0,2,1620.0,1,4,0,8,2,2,0,4,2,2,0,0,4,2,2,4,2,2,2
4,612,1668.0,182,terminated,2,0,0,2,1668.0,1,4,0,8,2,2,0,4,2,2,0,0,4,2,2,4,2,2,2
4,613,1697.0,153,terminated,2,0,0,2,1697.0,1,4,0,8,2,2,0,4,2,2,0,0,4,2,2,4,2,2,2
4,614,543.0,77,terminated,2,23,1,2,543.0,0,2,1,7,2,2,1,5,2,2,0,1,5,2,2,4,2,2,2
4,615,170.0,300,truncated,1,28,0,0,170.0,0,0,0,1,1,0,0,1,1,0,0,0,1,1,0,1,1,0,0
4,616,1661.0,189,terminated,2,0,0,2,1661.0,1,4,0,8,2,2,0,4,2,2,0,0,4,2,2,4,2,2,2
4,617,1636.0,214,terminated,2,0,0,2,1636.0,1,4,0,8,2,2,0,4,2,2,0,0,4,2,2,4,2,2,2
4,618,1455.0,195,terminated,2,0,0,1,1455.0,1,3,0,6,2,1,0,3,2,1,0,0,3,2,1,3,2,1,1
4,619,530.0,300,truncated,1,12,0,1,530.0,0,2,1,5,1,1,1,3,1,1,0,0,2,1,1,2,1,1,1
4,620,140.0,300,truncated,0,31,0,1,140.0,0,1,0,2,0,1,0,1,0,1,0,0,1,0,1,1,0,1,1
4,621,1716.0,134,terminated,2,0,0,2,1716.0,1,4,0,8,2,2,0,4,2,2,0,0,4,2,2,4,2,2,2
4,622,170.0,300,truncated,1,28,0,0,170.0,0,1,0,2,1,0,0,1,1,0,0,0,1,1,0,1,1,0,0
4,623,1679.0,171,terminated,2,0,0,2,1679.0,1,4,0,8,2,2,0,4,2,2,0,0,4,2,2,4,2,2,2
4,624,1752.0,98,terminated,2,0,0,2,1752.0,1,3,0,7,2,2,0,4,2,2,0,0,4,2,2,4,2,2,2
4,625,140.0,300,truncated,1,31,0,0,140.0,0,1,0,2,1,0,0,1,1,0,0,0,1,1,0,1,1,0,0
4,626,160.0,300,truncated,1,29,0,0,160.0,0,1,0,2,1,0,0,1,1,0,0,0,1,1,0,1,1,0,0
4,627,1652.0,198,terminated,2,0,0,2,1652.0,1,4,0,8,2,2,0,4,2,2,0,0,4,2,2,4,2,2,2
4,628,160.0,300,truncated,1,29,0,0,160.0,0,1,1,3,1,0,1,2,1,0,0,0,1,1,0,1,1,0,0
4,629,1763.0,87,terminated,2,0,0,2,1763.0,1,3,0,7,2,2,0,4,2,2,0,0,4,2,2,4,2,2,2
4,630,1540.0,110,terminated,1,0,0,2,1540.0,1,3,0,6,1,2,0,3,1,2,0,0,3,1,2,3,1,2,2
4,631,100.0,300,truncated,1,35,0,0,100.0,0,1,0,2,1,0,0,1,1,0,0,0,1,1,0,1,1,0,0
4,632,1727.0,123,terminated,2,0,0,2,1727.0,1,3,0,7,2,2,0,4,2,2,0,0,4,2,2,4,2,2,2
4,633,280.0,300,truncated,1,37,0,1,280.0,0,2,0,4,1,1,0,2,1,1,0,2,4,1,1,2,1,1,1
4,634,160.0,300,truncated,0,29,0,1,160.0,0,1,0,2,0,1,0,1,0,1,0,0,1,0,1,1,0,1,1
4,635,-256.0,146,terminated,0,36,1,1,-256.0,0,1,0,2,0,1,0,1,0,1,0,1,2,0,1,1,0,1,1
4,636,-396.0,56,terminated,0,39,1,0,-396.0,0,0,1,1,0,0,1,1,0,0,0,0,0,0,0,0,0,0,0
4,637,467.0,203,terminated,2,18,1,2,467.0,0,4,0,8,2,2,0,4,2,2,0,0,4,2,2,4,2,2,2
4,638,-140.0,300,truncated,0,39,0,0,-140.0,0,0,0,0,0,0,0,0,0,0,0,0,0,0,0,0,0,0,0
4,639,1702.0,148,terminated,2,0,0,2,1702.0,1,4,0,8,2,2,0,4,2,2,0,0,4,2,2,4,2,2,2
4,640,1733.0,117,terminated,2,0,0,2,1733.0,1,3,0,7,2,2,0,4,2,2,0,0,4,2,2,4,2,2,2
4,641,1603.0,247,terminated,2,0,0,2,1603.0,1,4,0,8,2,2,0,4,2,2,0,0,4,2,2,4,2,2,2
4,642,760.0,300,truncated,1,9,0,2,760.0,0,3,0,6,1,2,0,3,1,2,0,0,3,1,2,3,1,2,2
4,643,-454.0,164,terminated,0,34,1,0,-454.0,0,0,1,1,0,0,1,1,0,0,0,0,0,0,0,0,0,0,0
4,644,1250.0,200,terminated,1,0,0,1,1250.0,1,2,0,4,1,1,0,2,1,1,0,0,2,1,1,2,1,1,1
4,645,-419.0,39,terminated,0,43,1,0,-419.0,0,0,1,1,0,0,1,1,0,0,0,0,0,0,0,0,0,0,0
4,646,1681.0,169,terminated,2,0,0,2,1681.0,1,4,0,8,2,2,0,4,2,2,0,0,4,2,2,4,2,2,2
4,647,-4.0,34,terminated,1,42,1,1,-4.0,0,1,0,3,1,1,0,2,1,1,0,0,2,1,1,2,1,1,1
4,648,-273.0,143,terminated,1,38,1,0,-273.0,0,1,0,2,1,0,0,1,1,0,0,0,1,1,0,1,1,0,0
4,649,-222.0,182,terminated,0,29,1,1,-222.0,0,1,0,2,0,1,0,1,0,1,0,0,1,0,1,1,0,1,1
4,650,1729.0,121,terminated,2,0,0,2,1729.0,1,3,0,7,2,2,0,4,2,2,0,0,4,2,2,4,2,2,2
4,651,-4.0,44,terminated,1,41,1,1,-4.0,0,1,0,3,1,1,0,2,1,1,0,0,2,1,1,2,1,1,1
4,652,150.0,300,truncated,0,30,0,1,150.0,0,1,0,2,0,1,0,1,0,1,0,0,1,0,1,1,0,1,1
4,653,14.0,36,terminated,1,40,1,1,14.0,0,1,1,4,1,1,1,3,1,1,0,0,2,1,1,2,1,1,1
4,654,1374.0,276,terminated,2,0,0,1,1374.0,1,3,0,6,2,1,0,3,2,1,0,1,4,2,1,3,2,1,1
4,655,170.0,300,truncated,0,28,0,1,170.0,0,1,0,2,0,1,0,1,0,1,0,0,1,0,1,1,0,1,1
4,656,-40.0,300,truncated,0,29,0,0,-40.0,0,0,1,1,0,0,1,1,0,0,0,0,0,0,0,0,0,0,0
4,657,1468.0,182,terminated,1,0,0,2,1468.0,1,3,0,6,1,2,0,3,1,2,0,0,3,1,2,3,1,2,2
4,658,1689.0,161,terminated,2,0,0,2,1689.0,1,4,0,8,2,2,0,4,2,2,0,0,4,2,2,4,2,2,2
4,659,1743.0,107,terminated,2,0,0,2,1743.0,1,4,0,8,2,2,0,4,2,2,0,0,4,2,2,4,2,2,2
4,660,310.0,300,truncated,1,34,0,1,310.0,0,2,0,4,1,1,0,2,1,1,0,0,2,1,1,2,1,1,1
4,661,1705.0,145,terminated,2,0,0,2,1705.0,1,4,1,9,2,2,1,5,2,2,0,0,4,2,2,4,2,2,2
4,662,1685.0,165,terminated,2,0,0,2,1685.0,1,4,0,8,2,2,0,4,2,2,0,0,4,2,2,4,2,2,2
4,663,1725.0,125,terminated,2,0,0,2,1725.0,1,3,0,7,2,2,0,4,2,2,0,0,4,2,2,4,2,2,2
4,664,1469.0,181,terminated,1,0,0,2,1469.0,1,3,1,7,1,2,1,4,1,2,0,0,3,1,2,3,1,2,2
4,665,1471.0,179,terminated,1,0,0,2,1471.0,1,3,0,6,1,2,0,3,1,2,0,0,3,1,2,3,1,2,2
4,666,1705.0,145,terminated,2,0,0,2,1705.0,1,4,0,8,2,2,0,4,2,2,0,0,4,2,2,4,2,2,2
4,667,1712.0,138,terminated,2,0,0,2,1712.0,1,4,0,8,2,2,0,4,2,2,0,0,4,2,2,4,2,2,2
4,668,1696.0,154,terminated,2,0,0,2,1696.0,1,4,0,8,2,2,0,4,2,2,0,0,4,2,2,4,2,2,2
4,669,1725.0,125,terminated,2,0,0,2,1725.0,1,3,0,7,2,2,0,4,2,2,0,0,4,2,2,4,2,2,2
4,670,300.0,300,truncated,1,35,0,1,300.0,0,2,1,5,1,1,1,3,1,1,0,0,2,1,1,2,1,1,1
4,671,1494.0,156,terminated,2,0,0,1,1494.0,1,3,1,7,2,1,1,4,2,1,1,0,3,2,1,3,2,1,1
4,672,-298.0,258,terminated,1,29,1,0,-298.0,0,1,0,2,1,0,0,1,1,0,0,0,1,1,0,1,1,0,0
4,673,419.0,101,terminated,1,13,1,2,419.0,0,2,1,6,1,2,1,4,1,2,0,0,3,1,2,3,1,2,2
4,674,1629.0,221,terminated,2,0,0,2,1629.0,1,3,0,7,2,2,0,4,2,2,0,0,4,2,2,4,2,2,2
4,675,930.0,300,truncated,2,12,0,2,930.0,0,4,1,9,2,2,1,5,2,2,0,4,8,2,2,4,2,2,2
4,676,160.0,300,truncated,0,29,0,1,160.0,0,1,0,2,0,1,0,1,0,1,0,0,1,0,1,1,0,1,1
4,677,920.0,300,truncated,2,13,0,2,920.0,0,4,0,8,2,2,0,4,2,2,0,0,4,2,2,4,2,2,2
4,678,-236.0,206,terminated,1,28,1,0,-236.0,0,1,0,2,1,0,0,1,1,0,0,0,1,1,0,1,1,0,0
4,679,1473.0,177,terminated,1,0,0,2,1473.0,1,3,0,6,1,2,0,3,1,2,0,0,3,1,2,3,1,2,2
4,680,1728.0,122,terminated,2,0,0,2,1728.0,1,4,0,8,2,2,0,4,2,2,0,0,4,2,2,4,2,2,2
4,681,150.0,300,truncated,1,30,0,0,150.0,0,1,1,3,1,0,1,2,1,0,0,0,1,1,0,1,1,0,0
4,682,1712.0,138,terminated,2,0,0,2,1712.0,1,4,0,8,2,2,0,4,2,2,0,0,4,2,2,4,2,2,2
4,683,1589.0,261,terminated,2,0,0,2,1589.0,1,4,0,8,2,2,0,4,2,2,0,0,4,2,2,4,2,2,2
4,684,16.0,24,terminated,1,41,1,1,16.0,0,1,0,3,1,1,0,2,1,1,0,0,2,1,1,2,1,1,1
4,685,160.0,300,truncated,0,29,0,1,160.0,0,1,0,2,0,1,0,1,0,1,0,0,1,0,1,1,0,1,1
4,686,1725.0,125,terminated,2,0,0,2,1725.0,1,4,0,8,2,2,0,4,2,2,0,0,4,2,2,4,2,2,2
4,687,-32.0,92,terminated,1,39,1,1,-32.0,0,1,0,3,1,1,0,2,1,1,0,0,2,1,1,2,1,1,1
4,688,1725.0,125,terminated,2,0,0,2,1725.0,1,3,0,7,2,2,0,4,2,2,0,0,4,2,2,4,2,2,2
4,689,1040.0,300,truncated,2,1,0,2,1040.0,0,3,0,7,2,2,0,4,2,2,0,0,4,2,2,4,2,2,2
4,690,170.0,300,truncated,0,28,0,1,170.0,0,1,1,3,0,1,1,2,0,1,0,0,1,0,1,1,0,1,1
4,691,100.0,300,truncated,0,35,0,1,100.0,0,1,0,2,0,1,0,1,0,1,0,0,1,0,1,1,0,1,1
4,692,-292.0,262,terminated,0,28,1,1,-292.0,0,1,0,2,0,1,0,1,0,1,0,0,1,0,1,1,0,1,1
4,693,1712.0,138,terminated,2,0,0,2,1712.0,1,4,0,8,2,2,0,4,2,2,0,0,4,2,2,4,2,2,2
4,694,-192.0,52,terminated,1,39,1,0,-192.0,0,1,0,2,1,0,0,1,1,0,0,0,1,1,0,1,1,0,0
4,695,840.0,300,truncated,1,1,0,2,840.0,0,2,1,6,1,2,1,4,1,2,0,0,3,1,2,3,1,2,2
4,696,1691.0,159,terminated,2,0,0,2,1691.0,1,4,0,8,2,2,0,4,2,2,0,0,4,2,2,4,2,2,2
4,697,150.0,300,truncated,1,30,0,0,150.0,0,1,0,2,1,0,0,1,1,0,0,0,1,1,0,1,1,0,0
4,698,1507.0,143,terminated,1,0,0,2,1507.0,1,3,0,6,1,2,0,3,1,2,0,1,4,1,2,3,1,2,2
4,699,1415.0,235,terminated,2,0,0,1,1415.0,1,3,0,6,2,1,0,3,2,1,0,0,3,2,1,3,2,1,1
4,700,1732.0,118,terminated,2,0,0,2,1732.0,1,3,0,7,2,2,0,4,2,2,0,0,4,2,2,4,2,2,2
4,701,1428.0,222,terminated,2,0,0,1,1428.0,1,3,1,7,2,1,1,4,2,1,0,0,3,2,1,3,2,1,1
4,702,1681.0,169,terminated,2,0,0,2,1681.0,1,4,0,8,2,2,0,4,2,2,0,0,4,2,2,4,2,2,2
4,703,1.0,49,terminated,1,40,1,1,1.0,0,1,1,4,1,1,1,3,1,1,0,0,2,1,1,2,1,1,1
4,704,360.0,300,truncated,1,29,0,1,360.0,0,2,1,5,1,1,1,3,1,1,0,0,2,1,1,2,1,1,1
4,705,1731.0,119,terminated,2,0,0,2,1731.0,1,4,0,8,2,2,0,4,2,2,0,0,4,2,2,4,2,2,2
4,706,-444.0,124,terminated,0,37,1,0,-444.0,0,0,1,1,0,0,1,1,0,0,0,0,0,0,0,0,0,0,0
4,707,170.0,300,truncated,1,28,0,0,170.0,0,1,1,3,1,0,1,2,1,0,0,0,1,1,0,1,1,0,0
4,708,1668.0,182,terminated,2,0,0,2,1668.0,1,4,0,8,2,2,0,4,2,2,0,0,4,2,2,4,2,2,2
4,709,1717.0,133,terminated,2,0,0,2,1717.0,1,4,1,9,2,2,1,5,2,2,0,0,4,2,2,4,2,2,2
4,710,1646.0,204,terminated,2,0,0,2,1646.0,1,4,0,8,2,2,0,4,2,2,0,0,4,2,2,4,2,2,2
4,711,1590.0,260,terminated,2,0,0,2,1590.0,1,4,0,8,2,2,0,4,2,2,0,0,4,2,2,4,2,2,2
4,712,1693.0,157,terminated,2,0,0,2,1693.0,1,2,0,6,2,2,0,4,2,2,0,0,4,2,2,4,2,2,2
4,713,360.0,300,truncated,1,29,0,1,360.0,0,1,0,3,1,1,0,2,1,1,0,0,2,1,1,2,1,1,1
4,714,1703.0,147,terminated,2,0,0,2,1703.0,1,4,0,8,2,2,0,4,2,2,0,0,4,2,2,4,2,2,2
4,715,160.0,300,truncated,0,29,0,1,160.0,0,1,0,2,0,1,0,1,0,1,0,0,1,0,1,1,0,1,1
4,716,-31.0,51,terminated,1,43,1,1,-31.0,0,1,0,3,1,1,0,2,1,1,0,3,5,1,1,2,1,1,1
4,717,1655.0,195,terminated,2,0,0,2,1655.0,1,4,0,8,2,2,0,4,2,2,0,0,4,2,2,4,2,2,2
4,718,1700.0,150,terminated,2,0,0,2,1700.0,1,4,0,8,2,2,0,4,2,2,0,0,4,2,2,4,2,2,2
4,719,160.0,300,truncated,1,29,0,0,160.0,0,1,0,2,1,0,0,1,1,0,0,0,1,1,0,1,1,0,0
4,720,1664.0,186,terminated,2,0,0,2,1664.0,1,4,0,8,2,2,0,4,2,2,0,0,4,2,2,4,2,2,2
4,721,1527.0,123,terminated,2,0,0,1,1527.0,1,3,1,7,2,1,1,4,2,1,0,0,3,2,1,3,2,1,1
4,722,1689.0,161,terminated,2,0,0,2,1689.0,1,4,0,8,2,2,0,4,2,2,0,0,4,2,2,4,2,2,2
4,723,-225.0,195,terminated,0,28,1,1,-225.0,0,1,0,2,0,1,0,1,0,1,0,0,1,0,1,1,0,1,1
4,724,1654.0,196,terminated,2,0,0,2,1654.0,1,4,1,9,2,2,1,5,2,2,0,0,4,2,2,4,2,2,2
4,725,1677.0,173,terminated,2,0,0,2,1677.0,1,4,0,8,2,2,0,4,2,2,0,0,4,2,2,4,2,2,2
4,726,1465.0,185,terminated,2,0,0,1,1465.0,1,3,1,7,2,1,1,4,2,1,0,0,3,2,1,3,2,1,1
4,727,432.0,138,terminated,1,8,1,2,432.0,0,3,0,6,1,2,0,3,1,2,0,0,3,1,2,3,1,2,2
4,728,160.0,300,truncated,0,29,0,1,160.0,0,1,0,2,0,1,0,1,0,1,0,0,1,0,1,1,0,1,1
4,729,1644.0,206,terminated,2,0,0,2,1644.0,1,4,0,8,2,2,0,4,2,2,0,0,4,2,2,4,2,2,2
4,730,1513.0,137,terminated,2,0,0,1,1513.0,1,3,1,7,2,1,1,4,2,1,0,0,3,2,1,3,2,1,1
4,731,1728.0,122,terminated,2,0,0,2,1728.0,1,4,0,8,2,2,0,4,2,2,0,0,4,2,2,4,2,2,2
4,732,-216.0,66,terminated,0,40,1,1,-216.0,0,1,0,2,0,1,0,1,0,1,0,0,1,0,1,1,0,1,1
4,733,120.0,300,truncated,1,33,0,0,120.0,0,0,0,1,1,0,0,1,1,0,0,0,1,1,0,1,1,0,0
4,734,1494.0,156,terminated,2,0,0,1,1494.0,1,3,0,6,2,1,0,3,2,1,0,0,3,2,1,3,2,1,1
4,735,1709.0,141,terminated,2,0,0,2,1709.0,1,4,0,8,2,2,0,4,2,2,0,0,4,2,2,4,2,2,2
4,736,110.0,300,truncated,1,34,0,0,110.0,0,1,0,2,1,0,0,1,1,0,0,0,1,1,0,1,1,0,0
4,737,1719.0,131,terminated,2,0,0,2,1719.0,1,4,1,9,2,2,1,5,2,2,0,0,4,2,2,4,2,2,2
4,738,1515.0,135,terminated,2,0,0,1,1515.0,1,3,1,7,2,1,1,4,2,1,0,0,3,2,1,3,2,1,1
4,739,360.0,300,truncated,1,29,0,1,360.0,0,2,0,4,1,1,0,2,1,1,0,0,2,1,1,2,1,1,1
4,740,1608.0,242,terminated,2,0,0,2,1608.0,1,4,1,9,2,2,1,5,2,2,0,0,4,2,2,4,2,2,2
4,741,1629.0,221,terminated,2,0,0,2,1629.0,1,4,1,9,2,2,1,5,2,2,0,0,4,2,2,4,2,2,2
4,742,603.0,117,terminated,2,13,1,2,603.0,0,3,0,7,2,2,0,4,2,2,0,0,4,2,2,4,2,2,2
4,743,1719.0,131,terminated,2,0,0,2,1719.0,1,4,0,8,2,2,0,4,2,2,0,0,4,2,2,4,2,2,2
4,744,160.0,300,truncated,1,29,0,0,160.0,0,1,0,2,1,0,0,1,1,0,0,0,1,1,0,1,1,0,0
4,745,1681.0,169,terminated,2,0,0,2,1681.0,1,4,0,8,2,2,0,4,2,2,0,0,4,2,2,4,2,2,2
4,746,506.0,114,terminated,2,23,1,2,506.0,0,3,0,7,2,2,0,4,2,2,0,0,4,2,2,4,2,2,2
4,747,1358.0,292,terminated,2,0,0,1,1358.0,1,3,0,6,2,1,0,3,2,1,0,0,3,2,1,3,2,1,1
4,748,-391.0,141,terminated,0,30,1,0,-391.0,0,0,1,1,0,0,1,1,0,0,0,0,0,0,0,0,0,0,0
4,749,1684.0,166,terminated,2,0,0,2,1684.0,1,4,0,8,2,2,0,4,2,2,0,0,4,2,2,4,2,2,2
4,750,1485.0,165,terminated,1,0,0,2,1485.0,1,3,0,6,1,2,0,3,1,2,0,0,3,1,2,3,1,2,2
4,751,170.0,300,truncated,0,28,0,1,170.0,0,1,1,3,0,1,1,2,0,1,0,0,1,0,1,1,0,1,1
4,752,516.0,74,terminated,2,26,1,2,516.0,0,4,0,8,2,2,0,4,2,2,0,0,4,2,2,4,2,2,2
4,753,170.0,300,truncated,1,28,0,0,170.0,0,1,0,2,1,0,0,1,1,0,0,0,1,1,0,1,1,0,0
4,754,160.0,300,truncated,0,29,0,1,160.0,0,1,1,3,0,1,1,2,0,1,0,0,1,0,1,1,0,1,1
4,755,-292.0,262,terminated,0,28,1,1,-292.0,0,1,0,2,0,1,0,1,0,1,0,0,1,0,1,1,0,1,1
4,756,-335.0,285,terminated,1,30,1,0,-335.0,0,1,0,2,1,0,0,1,1,0,0,0,1,1,0,1,1,0,0
4,757,-312.0,272,terminated,1,29,1,0,-312.0,0,1,0,2,1,0,0,1,1,0,0,0,1,1,0,1,1,0,0
4,758,1694.0,156,terminated,2,0,0,2,1694.0,1,4,0,8,2,2,0,4,2,2,0,2,6,2,2,4,2,2,2
4,759,1715.0,135,terminated,2,0,0,2,1715.0,1,4,0,8,2,2,0,4,2,2,0,1,5,2,2,4,2,2,2
4,760,170.0,300,truncated,1,28,0,0,170.0,0,1,1,3,1,0,1,2,1,0,0,0,1,1,0,1,1,0,0
4,761,1638.0,212,terminated,2,0,0,2,1638.0,1,4,0,8,2,2,0,4,2,2,0,0,4,2,2,4,2,2,2
4,762,170.0,300,truncated,1,28,0,0,170.0,0,1,0,2,1,0,0,1,1,0,0,0,1,1,0,1,1,0,0
4,763,1676.0,174,terminated,2,0,0,2,1676.0,1,4,0,8,2,2,0,4,2,2,0,0,4,2,2,4,2,2,2
4,764,450.0,300,truncated,1,20,0,1,450.0,0,2,1,5,1,1,1,3,1,1,0,0,2,1,1,2,1,1,1
4,765,1438.0,212,terminated,1,0,0,2,1438.0,1,3,0,6,1,2,0,3,1,2,0,0,3,1,2,3,1,2,2
4,766,1664.0,186,terminated,2,0,0,2,1664.0,1,4,0,8,2,2,0,4,2,2,0,0,4,2,2,4,2,2,2
4,767,-293.0,263,terminated,0,28,1,1,-293.0,0,1,0,2,0,1,0,1,0,1,0,0,1,0,1,1,0,1,1
4,768,106.0,54,terminated,1,29,1,1,106.0,0,2,1,5,1,1,1,3,1,1,0,0,2,1,1,2,1,1,1
4,769,1618.0,232,terminated,2,0,0,2,1618.0,1,4,1,9,2,2,1,5,2,2,0,0,4,2,2,4,2,2,2
4,770,1621.0,229,terminated,2,0,0,2,1621.0,1,4,0,8,2,2,0,4,2,2,0,0,4,2,2,4,2,2,2
4,771,1457.0,193,terminated,1,0,0,2,1457.0,1,3,0,6,1,2,0,3,1,2,0,0,3,1,2,3,1,2,2
4,772,-376.0,276,terminated,0,35,1,1,-376.0,0,1,1,3,0,1,1,2,0,1,0,0,1,0,1,1,0,1,1
4,773,1617.0,233,terminated,2,0,0,2,1617.0,1,3,1,8,2,2,1,5,2,2,0,0,4,2,2,4,2,2,2
4,774,-7.0,27,terminated,1,43,1,1,-7.0,0,1,0,3,1,1,0,2,1,1,0,0,2,1,1,2,1,1,1
4,775,1570.0,280,terminated,2,0,0,2,1570.0,1,4,0,8,2,2,0,4,2,2,0,0,4,2,2,4,2,2,2
4,776,1406.0,244,terminated,2,0,0,1,1406.0,1,2,1,6,2,1,1,4,2,1,0,0,3,2,1,3,2,1,1
4,777,1628.0,222,terminated,2,0,0,2,1628.0,1,4,0,8,2,2,0,4,2,2,0,0,4,2,2,4,2,2,2
4,778,1717.0,133,terminated,2,0,0,2,1717.0,1,4,0,8,2,2,0,4,2,2,0,0,4,2,2,4,2,2,2
4,779,1530.0,120,terminated,2,0,0,1,1530.0,1,3,0,6,2,1,0,3,2,1,0,0,3,2,1,3,2,1,1
4,780,-199.0,39,terminated,0,41,1,1,-199.0,0,1,0,2,0,1,0,1,0,1,0,0,1,0,1,1,0,1,1
4,781,1664.0,186,terminated,2,0,0,2,1664.0,1,4,0,8,2,2,0,4,2,2,0,0,4,2,2,4,2,2,2
4,782,1493.0,157,terminated,2,0,0,1,1493.0,1,3,0,6,2,1,0,3,2,1,0,0,3,2,1,3,2,1,1
4,783,170.0,300,truncated,1,28,0,0,170.0,0,1,0,2,1,0,0,1,1,0,0,0,1,1,0,1,1,0,0
4,784,330.0,300,truncated,1,32,0,1,330.0,0,2,1,5,1,1,1,3,1,1,0,0,2,1,1,2,1,1,1
4,785,-314.0,264,terminated,0,30,1,1,-314.0,0,1,0,2,0,1,0,1,0,1,0,0,1,0,1,1,0,1,1
4,786,170.0,300,truncated,1,28,0,0,170.0,0,1,0,2,1,0,0,1,1,0,0,0,1,1,0,1,1,0,0
4,787,160.0,300,truncated,1,29,0,0,160.0,0,1,0,2,1,0,0,1,1,0,0,0,1,1,0,1,1,0,0
4,788,1665.0,185,terminated,2,0,0,2,1665.0,1,4,0,8,2,2,0,4,2,2,0,0,4,2,2,4,2,2,2
4,789,-212.0,32,terminated,0,43,1,1,-212.0,0,1,0,2,0,1,0,1,0,1,0,0,1,0,1,1,0,1,1
4,790,160.0,300,truncated,1,29,0,0,160.0,0,1,1,3,1,0,1,2,1,0,0,0,1,1,0,1,1,0,0
4,791,150.0,300,truncated,0,30,0,1,150.0,0,1,0,2,0,1,0,1,0,1,0,0,1,0,1,1,0,1,1
4,792,-280.0,230,terminated,1,30,1,0,-280.0,0,1,0,2,1,0,0,1,1,0,0,0,1,1,0,1,1,0,0
4,793,1416.0,234,terminated,1,0,0,2,1416.0,1,3,1,7,1,2,1,4,1,2,0,0,3,1,2,3,1,2,2
4,794,1462.0,188,terminated,2,0,0,1,1462.0,1,3,1,7,2,1,1,4,2,1,0,0,3,2,1,3,2,1,1
4,795,170.0,300,truncated,0,28,0,1,170.0,0,1,0,2,0,1,0,1,0,1,0,1,2,0,1,1,0,1,1
4,796,-214.0,164,terminated,0,30,1,1,-214.0,0,1,1,3,0,1,1,2,0,1,0,0,1,0,1,1,0,1,1
4,797,1502.0,148,terminated,2,0,0,1,1502.0,1,3,0,6,2,1,0,3,2,1,0,0,3,2,1,3,2,1,1
4,798,-133.0,283,terminated,1,30,1,1,-133.0,0,1,0,3,1,1,0,2,1,1,0,0,2,1,1,2,1,1,1
4,799,497.0,123,terminated,1,3,1,2,497.0,0,3,1,7,1,2,1,4,1,2,0,0,3,1,2,3,1,2,2
4,800,170.0,300,truncated,1,28,0,0,170.0,0,1,0,2,1,0,0,1,1,0,0,0,1,1,0,1,1,0,0
4,801,160.0,300,truncated,1,29,0,0,160.0,0,1,0,2,1,0,0,1,1,0,0,0,1,1,0,1,1,0,0
4,802,1640.0,210,terminated,2,0,0,2,1640.0,1,4,0,8,2,2,0,4,2,2,0,0,4,2,2,4,2,2,2
4,803,1691.0,159,terminated,2,0,0,2,1691.0,1,4,0,8,2,2,0,4,2,2,0,0,4,2,2,4,2,2,2
4,804,1462.0,188,terminated,1,0,0,2,1462.0,1,3,0,6,1,2,0,3,1,2,0,0,3,1,2,3,1,2,2
4,805,513.0,137,terminated,2,20,1,2,513.0,0,4,0,8,2,2,0,4,2,2,0,0,4,2,2,4,2,2,2
4,806,36.0,24,terminated,1,39,1,1,36.0,0,1,0,3,1,1,0,2,1,1,0,0,2,1,1,2,1,1,1
4,807,1696.0,154,terminated,2,0,0,2,1696.0,1,4,0,8,2,2,0,4,2,2,0,0,4,2,2,4,2,2,2
4,808,710.0,300,truncated,2,14,0,1,710.0,0,3,0,6,2,1,0,3,2,1,0,0,3,2,1,3,2,1,1
4,809,1617.0,233,terminated,2,0,0,2,1617.0,1,4,0,8,2,2,0,4,2,2,0,0,4,2,2,4,2,2,2
4,810,1713.0,137,terminated,2,0,0,2,1713.0,1,4,1,9,2,2,1,5,2,2,0,0,4,2,2,4,2,2,2
4,811,1473.0,177,terminated,1,0,0,2,1473.0,1,3,0,6,1,2,0,3,1,2,0,2,5,1,2,3,1,2,2
4,812,1492.0,158,terminated,2,0,0,1,1492.0,1,3,0,6,2,1,0,3,2,1,0,0,3,2,1,3,2,1,1
4,813,1733.0,117,terminated,2,0,0,2,1733.0,1,4,0,8,2,2,0,4,2,2,0,0,4,2,2,4,2,2,2
4,814,1483.0,167,terminated,2,0,0,1,1483.0,1,3,0,6,2,1,0,3,2,1,0,0,3,2,1,3,2,1,1
4,815,170.0,300,truncated,0,28,0,1,170.0,0,1,0,2,0,1,0,1,0,1,0,0,1,0,1,1,0,1,1
4,816,1722.0,128,terminated,2,0,0,2,1722.0,1,4,0,8,2,2,0,4,2,2,0,0,4,2,2,4,2,2,2
4,817,1718.0,132,terminated,2,0,0,2,1718.0,1,4,0,8,2,2,0,4,2,2,0,1,5,2,2,4,2,2,2
4,818,1716.0,134,terminated,2,0,0,2,1716.0,1,4,0,8,2,2,0,4,2,2,0,0,4,2,2,4,2,2,2
4,819,-224.0,194,terminated,0,28,1,1,-224.0,0,1,0,2,0,1,0,1,0,1,0,0,1,0,1,1,0,1,1
4,820,-40.0,300,truncated,0,29,0,0,-40.0,0,0,0,0,0,0,0,0,0,0,0,0,0,0,0,0,0,0,0
4,821,160.0,300,truncated,0,29,0,1,160.0,0,1,0,2,0,1,0,1,0,1,0,0,1,0,1,1,0,1,1
4,822,-183.0,23,terminated,0,41,1,1,-183.0,0,1,0,2,0,1,0,1,0,1,0,0,1,0,1,1,0,1,1
4,823,180.0,300,truncated,0,27,0,1,180.0,0,1,0,2,0,1,0,1,0,1,1,1,2,0,1,1,0,1,1
4,824,1678.0,172,terminated,2,0,0,2,1678.0,1,4,0,8,2,2,0,4,2,2,0,0,4,2,2,4,2,2,2
4,825,-353.0,233,terminated,1,37,1,0,-353.0,0,1,0,2,1,0,0,1,1,0,0,0,1,1,0,1,1,0,0
4,826,170.0,300,truncated,1,28,0,0,170.0,0,1,0,2,1,0,0,1,1,0,0,0,1,1,0,1,1,0,0
4,827,-110.0,300,truncated,0,36,0,0,-110.0,0,0,0,0,0,0,0,0,0,0,0,0,0,0,0,0,0,0,0
4,828,1188.0,262,terminated,1,0,0,1,1188.0,1,2,0,4,1,1,0,2,1,1,0,1,3,1,1,2,1,1,1
4,829,160.0,300,truncated,0,29,0,1,160.0,0,1,0,2,0,1,0,1,0,1,0,0,1,0,1,1,0,1,1
4,830,1699.0,151,terminated,2,0,0,2,1699.0,1,4,0,8,2,2,0,4,2,2,0,1,5,2,2,4,2,2,2
4,831,1743.0,107,terminated,2,0,0,2,1743.0,1,4,1,9,2,2,1,5,2,2,0,0,4,2,2,4,2,2,2
4,832,1622.0,228,terminated,2,0,0,2,1622.0,1,4,0,8,2,2,0,4,2,2,0,2,6,2,2,4,2,2,2
4,833,120.0,300,truncated,1,33,0,0,120.0,0,1,1,3,1,0,1,2,1,0,0,0,1,1,0,1,1,0,0
4,834,667.0,153,terminated,2,3,1,2,667.0,0,2,0,6,2,2,0,4,2,2,0,0,4,2,2,4,2,2,2
4,835,170.0,300,truncated,1,28,0,0,170.0,0,1,0,2,1,0,0,1,1,0,0,0,1,1,0,1,1,0,0
4,836,1708.0,142,terminated,2,0,0,2,1708.0,1,4,0,8,2,2,0,4,2,2,0,0,4,2,2,4,2,2,2
4,837,170.0,300,truncated,1,28,0,0,170.0,0,1,1,3,1,0,1,2,1,0,0,0,1,1,0,1,1,0,0
4,838,528.0,192,terminated,2,13,1,2,528.0,0,4,0,8,2,2,0,4,2,2,0,1,5,2,2,4,2,2,2
4,839,160.0,300,truncated,1,29,0,0,160.0,0,1,0,2,1,0,0,1,1,0,0,0,1,1,0,1,1,0,0
4,840,1729.0,121,terminated,2,0,0,2,1729.0,1,4,0,8,2,2,0,4,2,2,0,0,4,2,2,4,2,2,2
4,841,331.0,79,terminated,2,24,1,1,331.0,0,3,0,6,2,1,0,3,2,1,0,0,3,2,1,3,2,1,1
4,842,170.0,300,truncated,1,28,0,0,170.0,0,1,0,2,1,0,0,1,1,0,0,0,1,1,0,1,1,0,0
4,843,1444.0,206,terminated,2,0,0,1,1444.0,1,3,0,6,2,1,0,3,2,1,0,0,3,2,1,3,2,1,1
4,844,1723.0,127,terminated,2,0,0,2,1723.0,1,4,0,8,2,2,0,4,2,2,0,0,4,2,2,4,2,2,2
4,845,1569.0,281,terminated,2,0,0,2,1569.0,1,4,0,8,2,2,0,4,2,2,0,3,7,2,2,4,2,2,2
4,846,750.0,300,truncated,1,10,0,2,750.0,0,2,0,5,1,2,0,3,1,2,0,0,3,1,2,3,1,2,2
4,847,-220.0,40,terminated,0,43,1,1,-220.0,0,1,0,2,0,1,0,1,0,1,0,1,2,0,1,1,0,1,1
4,848,150.0,300,truncated,1,30,0,0,150.0,0,1,0,2,1,0,0,1,1,0,0,0,1,1,0,1,1,0,0
4,849,1705.0,145,terminated,2,0,0,2,1705.0,1,4,0,8,2,2,0,4,2,2,0,0,4,2,2,4,2,2,2
4,850,-233.0,203,terminated,0,28,1,1,-233.0,0,1,0,2,0,1,0,1,0,1,0,0,1,0,1,1,0,1,1
4,851,-204.0,144,terminated,1,31,1,0,-204.0,0,1,0,2,1,0,0,1,1,0,0,0,1,1,0,1,1,0,0
4,852,990.0,300,truncated,2,6,0,2,990.0,0,3,0,7,2,2,0,4,2,2,0,0,4,2,2,4,2,2,2
4,853,170.0,300,truncated,0,28,0,1,170.0,0,1,0,2,0,1,0,1,0,1,0,0,1,0,1,1,0,1,1
4,854,-244.0,184,terminated,1,31,1,0,-244.0,0,1,0,2,1,0,0,1,1,0,0,0,1,1,0,1,1,0,0
4,855,82.0,68,terminated,1,30,1,1,82.0,0,1,0,3,1,1,0,2,1,1,0,0,2,1,1,2,1,1,1
4,856,-205.0,125,terminated,0,33,1,1,-205.0,0,1,0,2,0,1,0,1,0,1,0,0,1,0,1,1,0,1,1
4,857,1543.0,107,terminated,1,0,0,2,1543.0,1,3,0,6,1,2,0,3,1,2,0,0,3,1,2,3,1,2,2
4,858,-492.0,192,terminated,0,35,1,0,-492.0,0,0,1,1,0,0,1,1,0,0,0,0,0,0,0,0,0,0,0
4,859,160.0,300,truncated,0,29,0,1,160.0,0,1,0,2,0,1,0,1,0,1,0,0,1,0,1,1,0,1,1
4,860,1508.0,142,terminated,1,0,0,2,1508.0,1,3,0,6,1,2,0,3,1,2,0,0,3,1,2,3,1,2,2
4,861,-225.0,195,terminated,1,28,1,0,-225.0,0,0,0,1,1,0,0,1,1,0,0,0,1,1,0,1,1,0,0
4,862,170.0,300,truncated,0,28,0,1,170.0,0,1,0,2,0,1,0,1,0,1,0,0,1,0,1,1,0,1,1
4,863,160.0,300,truncated,1,29,0,0,160.0,0,1,0,2,1,0,0,1,1,0,0,0,1,1,0,1,1,0,0
4,864,1690.0,160,terminated,2,0,0,2,1690.0,1,4,0,8,2,2,0,4,2,2,0,0,4,2,2,4,2,2,2
4,865,-21.0,91,terminated,1,38,1,1,-21.0,0,1,1,4,1,1,1,3,1,1,0,0,2,1,1,2,1,1,1
4,866,370.0,300,truncated,1,28,0,1,370.0,0,2,0,4,1,1,0,2,1,1,0,0,2,1,1,2,1,1,1
4,867,1380.0,270,terminated,2,0,0,1,1380.0,1,1,0,4,2,1,0,3,2,1,0,0,3,2,1,3,2,1,1
4,868,1717.0,133,terminated,2,0,0,2,1717.0,1,4,0,8,2,2,0,4,2,2,0,0,4,2,2,4,2,2,2
4,869,1499.0,151,terminated,2,0,0,1,1499.0,1,3,0,6,2,1,0,3,2,1,0,0,3,2,1,3,2,1,1
4,870,315.0,285,terminated,1,5,1,2,315.0,0,3,1,7,1,2,1,4,1,2,0,0,3,1,2,3,1,2,2
4,871,150.0,300,truncated,0,30,0,1,150.0,0,1,0,2,0,1,0,1,0,1,0,0,1,0,1,1,0,1,1
4,872,1564.0,286,terminated,2,0,0,2,1564.0,1,4,0,8,2,2,0,4,2,2,0,0,4,2,2,4,2,2,2
4,873,1489.0,161,terminated,2,0,0,1,1489.0,1,2,0,5,2,1,0,3,2,1,0,0,3,2,1,3,2,1,1
4,874,1413.0,237,terminated,2,0,0,1,1413.0,1,3,1,7,2,1,1,4,2,1,0,0,3,2,1,3,2,1,1
4,875,170.0,300,truncated,0,28,0,1,170.0,0,1,1,3,0,1,1,2,0,1,0,0,1,0,1,1,0,1,1
4,876,1718.0,132,terminated,2,0,0,2,1718.0,1,4,1,9,2,2,1,5,2,2,0,0,4,2,2,4,2,2,2
4,877,1685.0,165,terminated,2,0,0,2,1685.0,1,3,0,7,2,2,0,4,2,2,0,0,4,2,2,4,2,2,2
4,878,8.0,92,terminated,1,35,1,1,8.0,0,2,0,4,1,1,0,2,1,1,0,0,2,1,1,2,1,1,1
4,879,1558.0,292,terminated,2,0,0,2,1558.0,1,4,1,9,2,2,1,5,2,2,0,0,4,2,2,4,2,2,2
4,880,466.0,174,terminated,1,1,1,2,466.0,0,3,0,6,1,2,0,3,1,2,0,0,3,1,2,3,1,2,2
4,881,1647.0,203,terminated,2,0,0,2,1647.0,1,3,1,8,2,2,1,5,2,2,0,0,4,2,2,4,2,2,2
4,882,-144.0,294,terminated,1,30,1,1,-144.0,0,2,0,4,1,1,0,2,1,1,0,0,2,1,1,2,1,1,1
4,883,-515.0,215,terminated,0,35,1,0,-515.0,0,0,1,1,0,0,1,1,0,0,0,0,0,0,0,0,0,0,0
4,884,800.0,300,truncated,2,5,0,1,800.0,0,3,0,6,2,1,0,3,2,1,1,0,3,2,1,3,2,1,1
4,885,150.0,300,truncated,0,30,0,1,150.0,0,1,1,3,0,1,1,2,0,1,0,0,1,0,1,1,0,1,1
4,886,1708.0,142,terminated,2,0,0,2,1708.0,1,4,0,8,2,2,0,4,2,2,0,0,4,2,2,4,2,2,2
4,887,1615.0,235,terminated,2,0,0,2,1615.0,1,4,1,9,2,2,1,5,2,2,0,0,4,2,2,4,2,2,2
4,888,950.0,300,truncated,2,10,0,2,950.0,0,4,1,9,2,2,1,5,2,2,0,0,4,2,2,4,2,2,2
4,889,1525.0,125,terminated,2,0,0,1,1525.0,1,3,0,6,2,1,0,3,2,1,0,0,3,2,1,3,2,1,1
4,890,1459.0,191,terminated,2,0,0,1,1459.0,1,3,1,7,2,1,1,4,2,1,0,0,3,2,1,3,2,1,1
4,891,509.0,221,terminated,2,12,1,2,509.0,0,4,0,8,2,2,0,4,2,2,0,0,4,2,2,4,2,2,2
4,892,1716.0,134,terminated,2,0,0,2,1716.0,1,3,0,7,2,2,0,4,2,2,0,0,4,2,2,4,2,2,2
4,893,170.0,300,truncated,0,28,0,1,170.0,0,1,0,2,0,1,0,1,0,1,0,0,1,0,1,1,0,1,1
4,894,1625.0,225,terminated,2,0,0,2,1625.0,1,3,0,7,2,2,0,4,2,2,0,0,4,2,2,4,2,2,2
4,895,538.0,52,terminated,2,26,1,2,538.0,0,4,1,9,2,2,1,5,2,2,0,2,6,2,2,4,2,2,2
4,896,170.0,300,truncated,0,28,0,1,170.0,0,1,1,3,0,1,1,2,0,1,0,0,1,0,1,1,0,1,1
4,897,160.0,300,truncated,1,29,0,0,160.0,0,1,0,2,1,0,0,1,1,0,0,0,1,1,0,1,1,0,0
4,898,1513.0,137,terminated,1,0,0,2,1513.0,1,3,0,6,1,2,0,3,1,2,0,1,4,1,2,3,1,2,2
4,899,1629.0,221,terminated,2,0,0,2,1629.0,1,4,0,8,2,2,0,4,2,2,0,0,4,2,2,4,2,2,2
4,900,-90.0,300,truncated,0,34,0,0,-90.0,0,0,0,0,0,0,0,0,0,0,0,0,0,0,0,0,0,0,0
4,901,61.0,79,terminated,1,31,1,1,61.0,0,2,1,5,1,1,1,3,1,1,0,0,2,1,1,2,1,1,1
4,902,1720.0,130,terminated,2,0,0,2,1720.0,1,4,0,8,2,2,0,4,2,2,0,0,4,2,2,4,2,2,2
4,903,1474.0,176,terminated,1,0,0,2,1474.0,1,3,0,6,1,2,0,3,1,2,0,0,3,1,2,3,1,2,2
4,904,160.0,300,truncated,1,29,0,0,160.0,0,1,1,3,1,0,1,2,1,0,0,0,1,1,0,1,1,0,0
4,905,1622.0,228,terminated,2,0,0,2,1622.0,1,4,0,8,2,2,0,4,2,2,0,0,4,2,2,4,2,2,2
4,906,170.0,300,truncated,1,28,0,0,170.0,0,1,0,2,1,0,0,1,1,0,0,0,1,1,0,1,1,0,0
4,907,-176.0,136,terminated,0,29,1,1,-176.0,0,1,0,2,0,1,0,1,0,1,0,0,1,0,1,1,0,1,1
4,908,1645.0,205,terminated,2,0,0,2,1645.0,1,4,1,9,2,2,1,5,2,2,0,0,4,2,2,4,2,2,2
4,909,1715.0,135,terminated,2,0,0,2,1715.0,1,4,1,9,2,2,1,5,2,2,0,0,4,2,2,4,2,2,2
4,910,1462.0,188,terminated,2,0,0,1,1462.0,1,3,0,6,2,1,0,3,2,1,0,0,3,2,1,3,2,1,1
4,911,1633.0,217,terminated,2,0,0,2,1633.0,1,4,0,8,2,2,0,4,2,2,0,0,4,2,2,4,2,2,2
4,912,1705.0,145,terminated,2,0,0,2,1705.0,1,4,0,8,2,2,0,4,2,2,0,0,4,2,2,4,2,2,2
4,913,-280.0,150,terminated,1,38,1,0,-280.0,0,1,0,2,1,0,0,1,1,0,0,0,1,1,0,1,1,0,0
4,914,150.0,300,truncated,0,30,0,1,150.0,0,1,0,2,0,1,0,1,0,1,0,0,1,0,1,1,0,1,1
4,915,1404.0,246,terminated,2,0,0,1,1404.0,1,3,0,6,2,1,0,3,2,1,0,0,3,2,1,3,2,1,1
4,916,100.0,300,truncated,0,35,0,1,100.0,0,0,0,1,0,1,0,1,0,1,0,0,1,0,1,1,0,1,1
4,917,920.0,300,truncated,2,13,0,2,920.0,0,3,0,7,2,2,0,4,2,2,0,0,4,2,2,4,2,2,2
4,918,1739.0,111,terminated,2,0,0,2,1739.0,1,4,0,8,2,2,0,4,2,2,0,0,4,2,2,4,2,2,2
4,919,1717.0,133,terminated,2,0,0,2,1717.0,1,4,1,9,2,2,1,5,2,2,0,0,4,2,2,4,2,2,2
4,920,-314.0,274,terminated,1,29,1,0,-314.0,0,1,0,2,1,0,0,1,1,0,0,0,1,1,0,1,1,0,0
4,921,1519.0,131,terminated,1,0,0,2,1519.0,1,3,0,6,1,2,0,3,1,2,0,0,3,1,2,3,1,2,2
4,922,1707.0,143,terminated,2,0,0,2,1707.0,1,4,0,8,2,2,0,4,2,2,0,0,4,2,2,4,2,2,2
4,923,1713.0,137,terminated,2,0,0,2,1713.0,1,4,0,8,2,2,0,4,2,2,0,0,4,2,2,4,2,2,2
4,924,-325.0,295,terminated,0,28,1,1,-325.0,0,1,0,2,0,1,0,1,0,1,0,0,1,0,1,1,0,1,1
4,925,1472.0,178,terminated,2,0,0,1,1472.0,1,3,0,6,2,1,0,3,2,1,0,0,3,2,1,3,2,1,1
4,926,1577.0,273,terminated,2,0,0,2,1577.0,1,4,1,9,2,2,1,5,2,2,0,0,4,2,2,4,2,2,2
4,927,1763.0,87,terminated,2,0,0,2,1763.0,1,4,0,8,2,2,0,4,2,2,0,0,4,2,2,4,2,2,2
4,928,-266.0,96,terminated,0,42,1,1,-266.0,0,1,0,2,0,1,0,1,0,1,0,0,1,0,1,1,0,1,1
4,929,160.0,300,truncated,0,29,0,1,160.0,0,1,0,2,0,1,0,1,0,1,0,0,1,0,1,1,0,1,1
4,930,140.0,300,truncated,1,31,0,0,140.0,0,1,0,2,1,0,0,1,1,0,0,0,1,1,0,1,1,0,0
4,931,609.0,121,terminated,2,12,1,2,609.0,0,4,0,8,2,2,0,4,2,2,0,0,4,2,2,4,2,2,2
4,932,170.0,300,truncated,0,28,0,1,170.0,0,1,0,2,0,1,0,1,0,1,0,0,1,0,1,1,0,1,1
4,933,-262.0,232,terminated,1,28,1,0,-262.0,0,1,0,2,1,0,0,1,1,0,0,0,1,1,0,1,1,0,0
4,934,1748.0,102,terminated,2,0,0,2,1748.0,1,4,1,9,2,2,1,5,2,2,0,0,4,2,2,4,2,2,2
4,935,300.0,300,truncated,1,35,0,1,300.0,0,2,0,4,1,1,0,2,1,1,0,0,2,1,1,2,1,1,1
4,936,1718.0,132,terminated,2,0,0,2,1718.0,1,3,0,7,2,2,0,4,2,2,0,0,4,2,2,4,2,2,2
4,937,1664.0,186,terminated,2,0,0,2,1664.0,1,4,0,8,2,2,0,4,2,2,0,0,4,2,2,4,2,2,2
4,938,1736.0,114,terminated,2,0,0,2,1736.0,1,4,0,8,2,2,0,4,2,2,0,0,4,2,2,4,2,2,2
4,939,170.0,300,truncated,0,28,0,1,170.0,0,1,0,2,0,1,0,1,0,1,0,0,1,0,1,1,0,1,1
4,940,170.0,300,truncated,1,28,0,0,170.0,0,1,0,2,1,0,0,1,1,0,0,0,1,1,0,1,1,0,0
4,941,64.0,196,terminated,1,19,1,1,64.0,0,2,0,4,1,1,0,2,1,1,0,0,2,1,1,2,1,1,1
4,942,-503.0,263,terminated,0,29,1,0,-503.0,0,0,1,1,0,0,1,1,0,0,0,0,0,0,0,0,0,0,0
4,943,621.0,109,terminated,2,12,1,2,621.0,0,4,0,8,2,2,0,4,2,2,0,0,4,2,2,4,2,2,2
4,944,340.0,300,truncated,1,31,0,1,340.0,0,2,1,5,1,1,1,3,1,1,0,0,2,1,1,2,1,1,1
4,945,1481.0,169,terminated,2,0,0,1,1481.0,1,3,0,6,2,1,0,3,2,1,0,0,3,2,1,3,2,1,1
4,946,1704.0,146,terminated,2,0,0,2,1704.0,1,4,0,8,2,2,0,4,2,2,0,0,4,2,2,4,2,2,2
4,947,1485.0,165,terminated,1,0,0,2,1485.0,1,3,0,6,1,2,0,3,1,2,0,0,3,1,2,3,1,2,2
4,948,1611.0,239,terminated,2,0,0,2,1611.0,1,3,0,7,2,2,0,4,2,2,0,0,4,2,2,4,2,2,2
4,949,150.0,300,truncated,1,30,0,0,150.0,0,1,0,2,1,0,0,1,1,0,0,0,1,1,0,1,1,0,0
4,950,1730.0,120,terminated,2,0,0,2,1730.0,1,4,0,8,2,2,0,4,2,2,0,0,4,2,2,4,2,2,2
4,951,150.0,300,truncated,0,30,0,1,150.0,0,0,1,2,0,1,1,2,0,1,0,0,1,0,1,1,0,1,1
4,952,1750.0,100,terminated,2,0,0,2,1750.0,1,3,0,7,2,2,0,4,2,2,0,0,4,2,2,4,2,2,2
4,953,100.0,300,truncated,0,35,0,1,100.0,0,1,0,2,0,1,0,1,0,1,0,0,1,0,1,1,0,1,1
4,954,1461.0,189,terminated,1,0,0,2,1461.0,1,3,0,6,1,2,0,3,1,2,0,0,3,1,2,3,1,2,2
4,955,310.0,300,truncated,1,34,0,1,310.0,0,2,0,4,1,1,0,2,1,1,0,0,2,1,1,2,1,1,1
4,956,1455.0,195,terminated,1,0,0,2,1455.0,1,3,0,6,1,2,0,3,1,2,0,0,3,1,2,3,1,2,2
4,957,1756.0,94,terminated,2,0,0,2,1756.0,1,4,0,8,2,2,0,4,2,2,0,0,4,2,2,4,2,2,2
4,958,1677.0,173,terminated,2,0,0,2,1677.0,1,4,1,9,2,2,1,5,2,2,0,0,4,2,2,4,2,2,2
4,959,170.0,300,truncated,1,28,0,0,170.0,0,1,0,2,1,0,0,1,1,0,0,0,1,1,0,1,1,0,0
4,960,291.0,179,terminated,1,18,1,2,291.0,0,2,1,6,1,2,1,4,1,2,0,1,4,1,2,3,1,2,2
4,961,320.0,300,truncated,1,33,0,1,320.0,0,2,0,4,1,1,0,2,1,1,0,0,2,1,1,2,1,1,1
4,962,1682.0,168,terminated,2,0,0,2,1682.0,1,4,1,9,2,2,1,5,2,2,0,0,4,2,2,4,2,2,2
4,963,80.0,300,truncated,0,37,0,1,80.0,0,1,0,2,0,1,0,1,0,1,0,0,1,0,1,1,0,1,1
4,964,-320.0,290,terminated,0,28,1,1,-320.0,0,1,0,2,0,1,0,1,0,1,0,0,1,0,1,1,0,1,1
4,965,4.0,36,terminated,1,41,1,1,4.0,0,2,0,4,1,1,0,2,1,1,0,0,2,1,1,2,1,1,1
4,966,-209.0,39,terminated,1,42,1,0,-209.0,0,1,0,2,1,0,0,1,1,0,0,0,1,1,0,1,1,0,0
4,967,1634.0,216,terminated,2,0,0,2,1634.0,1,4,0,8,2,2,0,4,2,2,0,0,4,2,2,4,2,2,2
4,968,170.0,300,truncated,0,28,0,1,170.0,0,1,0,2,0,1,0,1,0,1,0,0,1,0,1,1,0,1,1
4,969,1687.0,163,terminated,2,0,0,2,1687.0,1,4,0,8,2,2,0,4,2,2,0,0,4,2,2,4,2,2,2
4,970,1668.0,182,terminated,2,0,0,2,1668.0,1,4,0,8,2,2,0,4,2,2,0,0,4,2,2,4,2,2,2
4,971,170.0,300,truncated,0,28,0,1,170.0,0,0,0,1,0,1,0,1,0,1,0,0,1,0,1,1,0,1,1
4,972,1682.0,168,terminated,2,0,0,2,1682.0,1,3,0,7,2,2,0,4,2,2,0,1,5,2,2,4,2,2,2
4,973,1707.0,143,terminated,2,0,0,2,1707.0,1,3,1,8,2,2,1,5,2,2,0,0,4,2,2,4,2,2,2
4,974,1725.0,125,terminated,2,0,0,2,1725.0,1,4,0,8,2,2,0,4,2,2,0,0,4,2,2,4,2,2,2
4,975,1603.0,247,terminated,2,0,0,2,1603.0,1,4,1,9,2,2,1,5,2,2,0,0,4,2,2,4,2,2,2
4,976,1556.0,294,terminated,2,0,0,2,1556.0,1,4,0,8,2,2,0,4,2,2,0,0,4,2,2,4,2,2,2
4,977,1426.0,224,terminated,1,0,0,2,1426.0,1,3,0,6,1,2,0,3,1,2,0,1,4,1,2,3,1,2,2
4,978,-462.0,212,terminated,0,30,1,0,-462.0,0,0,1,1,0,0,1,1,0,0,0,0,0,0,0,0,0,0,0
4,979,1662.0,188,terminated,2,0,0,2,1662.0,1,3,0,7,2,2,0,4,2,2,1,0,4,2,2,4,2,2,2
4,980,160.0,300,truncated,0,29,0,1,160.0,0,1,0,2,0,1,0,1,0,1,0,0,1,0,1,1,0,1,1
4,981,-328.0,288,terminated,0,29,1,1,-328.0,0,1,0,2,0,1,0,1,0,1,0,0,1,0,1,1,0,1,1
4,982,1704.0,146,terminated,2,0,0,2,1704.0,1,4,0,8,2,2,0,4,2,2,0,0,4,2,2,4,2,2,2
4,983,1564.0,286,terminated,2,0,0,2,1564.0,1,4,0,8,2,2,0,4,2,2,0,0,4,2,2,4,2,2,2
4,984,150.0,300,truncated,0,30,0,1,150.0,0,1,0,2,0,1,0,1,0,1,0,0,1,0,1,1,0,1,1
4,985,1687.0,163,terminated,2,0,0,2,1687.0,1,4,0,8,2,2,0,4,2,2,0,0,4,2,2,4,2,2,2
4,986,170.0,300,truncated,0,28,0,1,170.0,0,1,0,2,0,1,0,1,0,1,0,0,1,0,1,1,0,1,1
4,987,1640.0,210,terminated,2,0,0,2,1640.0,1,3,0,7,2,2,0,4,2,2,0,0,4,2,2,4,2,2,2
4,988,1440.0,210,terminated,1,0,0,2,1440.0,1,3,0,6,1,2,0,3,1,2,0,0,3,1,2,3,1,2,2
4,989,1709.0,141,terminated,2,0,0,2,1709.0,1,4,0,8,2,2,0,4,2,2,0,0,4,2,2,4,2,2,2
4,990,1695.0,155,terminated,2,0,0,2,1695.0,1,4,1,9,2,2,1,5,2,2,0,0,4,2,2,4,2,2,2
4,991,1695.0,155,terminated,2,0,0,2,1695.0,1,4,1,9,2,2,1,5,2,2,0,0,4,2,2,4,2,2,2
4,992,340.0,300,truncated,1,31,0,1,340.0,0,2,0,4,1,1,0,2,1,1,0,0,2,1,1,2,1,1,1
4,993,619.0,211,terminated,2,2,1,2,619.0,0,4,0,8,2,2,0,4,2,2,0,0,4,2,2,4,2,2,2
4,994,1666.0,184,terminated,2,0,0,2,1666.0,1,4,0,8,2,2,0,4,2,2,0,0,4,2,2,4,2,2,2
4,995,170.0,300,truncated,1,28,0,0,170.0,0,1,0,2,1,0,0,1,1,0,0,0,1,1,0,1,1,0,0
4,996,1481.0,169,terminated,1,0,0,2,1481.0,1,3,1,7,1,2,1,4,1,2,0,0,3,1,2,3,1,2,2
4,997,1750.0,100,terminated,2,0,0,2,1750.0,1,4,0,8,2,2,0,4,2,2,0,0,4,2,2,4,2,2,2
4,998,-266.0,176,terminated,0,34,1,1,-266.0,0,1,0,2,0,1,0,1,0,1,0,0,1,0,1,1,0,1,1
4,999,1481.0,169,terminated,2,0,0,1,1481.0,1,3,0,6,2,1,0,3,2,1,0,0,3,2,1,3,2,1,1
