schema_version,timesteps,episodes,return_mean,return_std,length_mean,length_std,metric/blue_eaten_mean,metric/blue_eaten_std,metric/food_remaining_mean,metric/food_remaining_std,metric/lost_mean,metric/lost_std,metric/orange_eaten_mean,metric/orange_eaten_std,metric/score_mean,metric/score_std,metric/won_mean,metric/won_std,count/pacman%2Fhungry-vegan-penalty-v1/CTD_mean,count/pacman%2Fhungry-vegan-penalty-v1/CTD_std,count/pacman%2Fhungry-vegan-penalty-v1/Hungr_mean,count/pacman%2Fhungry-vegan-penalty-v1/Hungr_std,count/pacman%2Fhungry-vegan-penalty-v1/HungryVeganPenalty_mean,count/pacman%2Fhungry-vegan-penalty-v1/HungryVeganPenalty_std,count/pacman%2Fhungry-vegan-penalty-v1/VegetarianBlue_mean,count/pacman%2Fhungry-vegan-penalty-v1/VegetarianBlue_std,count/pacman%2Fhungry-vegan-penalty-v1/VegetarianOrange_mean,count/pacman%2Fhungry-vegan-penalty-v1/VegetarianOrange_std,count/pacman%2Fhungry-vegan-v0/Hungr_mean,count/pacman%2Fhungry-vegan-v0/Hungr_std,count/pacman%2Fhungry-vegan-v0/HungryVegan_mean,count/pacman%2Fhungry-vegan-v0/HungryVegan_std,count/pacman%2Fhungry-vegan-v0/VegetarianBlue_mean,count/pacman%2Fhungry-vegan-v0/VegetarianBlue_std,count/pacman%2Fhungry-vegan-v0/VegetarianOrange_mean,count/pacman%2Fhungry-vegan-v0/VegetarianOrange_std,count/pacman%2Ftrapped-v1/count_mean,count/pacman%2Ftrapped-v1/count_std,count/pacman%2Fvegan-conflict-v1/OblBlue_mean,count/pacman%2Fvegan-conflict-v1/OblBlue_std,count/pacman%2Fvegan-conflict-v1/VeganConflict_mean,count/pacman%2Fvegan-conflict-v1/VeganConflict_std,count/pacman%2Fvegan-conflict-v1/VegetarianBlue_mean,count/pacman%2Fvegan-conflict-v1/VegetarianBlue_std,count/pacman%2Fvegan-conflict-v1/VegetarianOrange_mean,count/pacman%2Fvegan-conflict-v1/VegetarianOrange_std,count/pacman%2Fvegan-v0/Vegan_mean,count/pacman%2Fvegan-v0/Vegan_std,count/pacman%2Fvegan-v0/VegetarianBlue_mean,count/pacman%2Fvegan-v0/VegetarianBlue_std,count/pacman%2Fvegan-v0/VegetarianOrange_mean,count/pacman%2Fvegan-v0/VegetarianOrange_std,count/pacman%2Fvegetarian-orange-v0/count_mean,count/pacman%2Fvegetarian-orange-v0/count_std
4,0,1000,-560.191,51.97623032694849,64.391,50.91585331701709,0.0,0.0,54.98,0.14,0.992,0.08908422980528036,0.0,0.0,-560.191,51.97623032694849,0.0,0.0,0.0,0.0,0.992,0.08908422980528036,0.992,0.08908422980528036,0.0,0.0,0.0,0.0,0.992,0.08908422980528036,0.992,0.08908422980528036,0.0,0.0,0.0,0.0,0.031,0.3406449764784445,0.0,0.0,0.0,0.0,0.0,0.0,0.0,0.0,0.0,0.0,0.0,0.0,0.0,0.0,0.0,0.0
4,1000000,1000,801.28,408.13820159352883,80.64,20.157886794006956,0.006,0.0772269383052313,2.508,7.653230429041059,0.145,0.35210083782916507,0.004,0.063118935352238,801.28,408.13820159352883,0.855,0.35210083782916507,0.009,0.11366177897604805,1.0,0.0,1.019,0.23798949556650603,0.006,0.0772269383052313,0.004,0.063118935352238,1.0,0.0,1.01,0.1260952021291849,0.006,0.0772269383052313,0.004,0.063118935352238,24.057,11.635882046497377,0.003,0.05469003565550127,0.013,0.16979693754599934,0.006,0.0772269383052313,0.004,0.063118935352238,0.01,0.1260952021291849,0.006,0.0772269383052313,0.004,0.063118935352238,0.004,0.063118935352238
4,2000000,1000,834.13,363.8848459334354,84.81,20.492483988038153,0.005,0.07053367989832943,1.846,6.821017812614185,0.115,0.31902194281898544,0.007,0.08337265738837883,834.13,363.8848459334354,0.885,0.31902194281898544,0.01,0.11789826122551596,1.0,0.0,1.022,0.24802419236840587,0.005,0.07053367989832943,0.007,0.08337265738837883,1.0,0.0,1.012,0.13362634470792054,0.005,0.07053367989832943,0.007,0.08337265738837883,27.39,13.667183323567443,0.021,0.3171103908735884,0.033,0.40238165962180733,0.005,0.07053367989832943,0.007,0.08337265738837883,0.012,0.13362634470792054,0.005,0.07053367989832943,0.007,0.08337265738837883,0.007,0.08337265738837883
4,3000000,1000,851.793,337.582191697074,87.107,20.648039882758848,0.002,0.044676615807377355,1.61,6.269920254676291,0.096,0.2945912422323515,0.003,0.05469003565550127,851.793,337.582191697074,0.904,0.2945912422323515,0.005,0.09473647660748208,1.0,0.0,1.01,0.18947295321496416,0.002,0.044676615807377355,0.003,0.05469003565550127,1.0,0.0,1.005,0.09473647660748208,0.002,0.044676615807377355,0.003,0.05469003565550127,27.886,12.202581857951209,0.003,0.09482088377567464,0.008,0.17302023003105735,0.002,0.044676615807377355,0.003,0.05469003565550127,0.005,0.09473647660748208,0.002,0.044676615807377355,0.003,0.05469003565550127,0.003,0.05469003565550127
4,4000000,1000,804.198,392.0600423353545,84.672,20.526870584675102,0.0,0.0,2.033,6.911722723026438,0.141,0.3480215510568275,0.001,0.03160696125855822,804.198,392.0600423353545,0.859,0.3480215510568275,0.001,0.03160696125855822,1.0,0.0,1.002,0.06321392251711644,0.0,0.0,0.001,0.03160696125855822,1.0,0.0,1.001,0.03160696125855822,0.0,0.0,0.001,0.03160696125855822,27.195,11.248865498351378,0.0,0.0,0.001,0.03160696125855822,0.0,0.0,0.001,0.03160696125855822,0.001,0.03160696125855822,0.0,0.0,0.001,0.03160696125855822,0.001,0.03160696125855822
4,5000000,1000,823.928,367.5066922057338,88.622,21.406053256030173,0.002,0.044676615807377355,1.805,6.532608590754538,0.121,0.32612727576821904,0.006,0.0772269383052313,823.928,367.5066922057338,0.879,0.32612727576821904,0.008,0.0996794863550169,1.0,0.0,1.016,0.1993589727100338,0.002,0.044676615807377355,0.006,0.0772269383052313,1.0,0.0,1.008,0.0996794863550169,0.002,0.044676615807377355,0.006,0.0772269383052313,29.431,13.033312664092733,0.004,0.063118935352238,0.012,0.13362634470792054,0.002,0.044676615807377355,0.006,0.0772269383052313,0.008,0.0996794863550169,0.002,0.044676615807377355,0.006,0.0772269383052313,0.006,0.0772269383052313
4,6000000,1000,854.708,333.43843320169316,85.202,20.199831583456334,0.003,0.05469003565550127,1.479,5.910123433567187,0.096,0.2945912422323515,0.003,0.05469003565550127,854.708,333.43843320169316,0.903,0.29595776725742473,0.006,0.0772269383052313,1.0,0.0,1.012,0.1544538766104626,0.003,0.05469003565550127,0.003,0.05469003565550127,1.0,0.0,1.006,0.0772269383052313,0.003,0.05469003565550127,0.003,0.05469003565550127,27.843,10.394246052504242,0.006,0.13402984742213206,0.012,0.189356806056714,0.003,0.05469003565550127,0.003,0.05469003565550127,0.006,0.0772269383052313,0.003,0.05469003565550127,0.003,0.05469003565550127,0.003,0.05469003565550127
4,7000000,1000,860.668,324.33697873662203,85.492,20.548964353465603,0.005,0.07053367989832943,1.244,5.433825908142439,0.093,0.29043243620504927,0.003,0.05469003565550127,860.668,324.33697873662203,0.907,0.29043243620504927,0.005,0.08351646544245032,1.0,0.0,1.013,0.18119326698307528,0.005,0.07053367989832943,0.003,0.05469003565550127,1.0,0.0,1.008,0.1092520022699813,0.005,0.07053367989832943,0.003,0.05469003565550127,28.0,11.807539963938297,0.006,0.10938007131100254,0.014,0.19443250757010774,0.005,0.07053367989832943,0.003,0.05469003565550127,0.008,0.1092520022699813,0.005,0.07053367989832943,0.003,0.05469003565550127,0.003,0.05469003565550127
4,8000000,1000,843.432,345.69375374166077,87.078,22.566610644932926,0.005,0.07053367989832943,1.559,5.765112227875534,0.105,0.3065534211193866,0.003,0.05469003565550127,843.432,345.69375374166077,0.894,0.3078376195334157,0.007,0.09460972465872629,1.0,0.0,1.015,0.20192820506308673,0.005,0.07053367989832943,0.003,0.05469003565550127,1.0,0.0,1.008,0.1092520022699813,0.005,0.07053367989832943,0.003,0.05469003565550127,30.711,15.667720925520724,0.005,0.09473647660748208,0.013,0.18119326698307528,0.005,0.07053367989832943,0.003,0.05469003565550127,0.008,0.1092520022699813,0.005,0.07053367989832943,0.003,0.05469003565550127,0.003,0.05469003565550127
4,9000000,1000,834.57,360.03368884036394,85.83,22.202997545376615,0.006,0.0772269383052313,1.79,6.515512259216462,0.113,0.3165927984019851,0.003,0.05469003565550127,834.57,360.03368884036394,0.886,0.317811264746862,0.006,0.0772269383052313,1.0,0.0,1.015,0.17542804792848835,0.006,0.0772269383052313,0.003,0.05469003565550127,1.0,0.0,1.009,0.1044940189675945,0.006,0.0772269383052313,0.003,0.05469003565550127,30.03,12.298012034471263,0.011,0.16394816253926117,0.02,0.24,0.006,0.0772269383052313,0.003,0.05469003565550127,0.009,0.1044940189675945,0.006,0.0772269383052313,0.003,0.05469003565550127,0.003,0.05469003565550127
4,10000000,1000,798.644,395.04146524637133,90.196,24.825784660308322,0.005,0.07053367989832943,2.356,7.616381292976343,0.14,0.34698703145794946,0.007,0.08337265738837883,798.644,395.04146524637133,0.86,0.34698703145794946,0.012,0.12592060990957754,1.0,0.0,1.024,0.2518412198191551,0.005,0.07053367989832943,0.007,0.08337265738837883,1.0,0.0,1.012,0.12592060990957754,0.005,0.07053367989832943,0.007,0.08337265738837883,32.228,15.733023104286092,0.003,0.05469003565550127,0.015,0.16963195453687374,0.005,0.07053367989832943,0.007,0.08337265738837883,0.012,0.12592060990957754,0.005,0.07053367989832943,0.007,0.08337265738837883,0.007,0.08337265738837883
4,11000000,1000,812.579,381.55185723437387,87.201,23.105337024159592,0.001,0.03160696125855822,2.042,7.030237264843912,0.13,0.33630343441600474,0.0,0.0,812.579,381.55185723437387,0.87,0.33630343441600474,0.001,0.03160696125855822,1.0,0.0,1.002,0.06321392251711644,0.001,0.03160696125855822,0.0,0.0,1.0,0.0,1.001,0.03160696125855822,0.001,0.03160696125855822,0.0,0.0,29.471,13.416227450367707,0.0,0.0,0.001,0.03160696125855822,0.001,0.03160696125855822,0.0,0.0,0.001,0.03160696125855822,0.001,0.03160696125855822,0.0,0.0,0.0,0.0
4,12000000,1000,834.292,355.4532694124503,86.928,20.829565910023184,0.004,0.063118935352238,1.698,6.405372432575642,0.113,0.3165927984019851,0.002,0.044676615807377355,834.292,355.4532694124503,0.887,0.3165927984019851,0.005,0.08351646544245032,1.0,0.0,1.011,0.16993822406980721,0.004,0.063118935352238,0.002,0.044676615807377355,1.0,0.0,1.006,0.08924124606929242,0.004,0.063118935352238,0.002,0.044676615807377355,28.297,12.502351418833179,0.006,0.13402984742213206,0.012,0.1727888885316414,0.004,0.063118935352238,0.002,0.044676615807377355,0.006,0.08924124606929242,0.004,0.063118935352238,0.002,0.044676615807377355,0.002,0.044676615807377355
4,13000000,1000,836.391,357.64091784777645,88.699,23.500604226274692,0.002,0.044676615807377355,1.971,7.122791517375754,0.106,0.3078376195334157,0.002,0.044676615807377355,836.391,357.64091784777645,0.894,0.3078376195334157,0.004,0.07735631842325487,1.001,0.03160696125855822,1.009,0.15785753070411307,0.002,0.044676615807377355,0.002,0.044676615807377355,1.001,0.03160696125855822,1.005,0.08351646544245032,0.002,0.044676615807377355,0.002,0.044676615807377355,29.728,12.909919287121822,0.003,0.09482088377567464,0.007,0.14474460266275907,0.002,0.044676615807377355,0.002,0.044676615807377355,0.004,0.07735631842325487,0.002,0.044676615807377355,0.002,0.044676615807377355,0.002,0.044676615807377355
4,14000000,1000,857.632,326.0620777950113,85.878,19.331195410527513,0.003,0.05469003565550127,1.369,5.573045756137303,0.094,0.2918287168871494,0.003,0.05469003565550127,857.632,326.0620777950113,0.906,0.2918287168871494,0.004,0.07735631842325487,1.0,0.0,1.01,0.1841195263952197,0.003,0.05469003565550127,0.003,0.05469003565550127,1.0,0.0,1.006,0.10938007131100254,0.003,0.05469003565550127,0.003,0.05469003565550127,29.538,11.099034012021047,0.0,0.0,0.006,0.10938007131100254,0.003,0.05469003565550127,0.003,0.05469003565550127,0.006,0.10938007131100254,0.003,0.05469003565550127,0.003,0.05469003565550127,0.003,0.05469003565550127
4,15000000,1000,838.23,359.4976232188469,84.85,20.968822093765784,0.004,0.063118935352238,1.972,7.152986509144275,0.109,0.3116392144772541,0.005,0.07053367989832943,838.23,359.4976232188469,0.891,0.3116392144772541,0.007,0.08337265738837883,1.0,0.0,1.016,0.18369540005128054,0.004,0.063118935352238,0.005,0.07053367989832943,1.0,0.0,1.009,0.1044940189675945,0.004,0.063118935352238,0.005,0.07053367989832943,28.798,12.959289949684743,0.004,0.09991996797437437,0.013,0.16979693754599934,0.004,0.063118935352238,0.005,0.07053367989832943,0.009,0.1044940189675945,0.004,0.063118935352238,0.005,0.07053367989832943,0.005,0.07053367989832943
4,16000000,1000,809.027,392.836319948907,84.583,22.130004767283715,0.003,0.05469003565550127,2.359,7.699618107412861,0.134,0.3406523154185217,0.003,0.05469003565550127,809.027,392.836319948907,0.866,0.3406523154185217,0.006,0.09981983770774225,1.0,0.0,1.012,0.1996396754154845,0.003,0.05469003565550127,0.003,0.05469003565550127,1.0,0.0,1.006,0.09981983770774225,0.003,0.05469003565550127,0.003,0.05469003565550127,26.864,11.736077027695414,0.007,0.14474460266275907,0.013,0.175587584982538,0.003,0.05469003565550127,0.003,0.05469003565550127,0.006,0.09981983770774225,0.003,0.05469003565550127,0.003,0.05469003565550127,0.003,0.05469003565550127
4,17000000,1000,821.998,374.87435494576044,84.992,21.21965918670703,0.005,0.07053367989832943,1.971,6.9555847345855835,0.124,0.3295815528818323,0.001,0.03160696125855822,821.998,374.87435494576044,0.875,0.33071891388307384,0.003,0.05469003565550127,1.0,0.0,1.009,0.12214335839496145,0.005,0.07053367989832943,0.001,0.03160696125855822,1.0,0.0,1.006,0.0772269383052313,0.005,0.07053367989832943,0.001,0.03160696125855822,29.025,13.186219132109098,0.006,0.10938007131100254,0.012,0.16079800993793425,0.005,0.07053367989832943,0.001,0.03160696125855822,0.006,0.0772269383052313,0.005,0.07053367989832943,0.001,0.03160696125855822,0.001,0.03160696125855822
4,18000000,1000,865.47,315.4941918641293,84.49,19.534735728952157,0.001,0.03160696125855822,1.124,5.029574932337722,0.089,0.28474374444401757,0.0,0.0,865.47,315.4941918641293,0.911,0.28474374444401757,0.001,0.03160696125855822,1.0,0.0,1.002,0.06321392251711644,0.001,0.03160696125855822,0.0,0.0,1.0,0.0,1.001,0.03160696125855822,0.001,0.03160696125855822,0.0,0.0,27.604,11.848256580611343,0.002,0.06321392251711644,0.003,0.09482088377567464,0.001,0.03160696125855822,0.0,0.0,0.001,0.03160696125855822,0.001,0.03160696125855822,0.0,0.0,0.0,0.0
4,19000000,1000,814.861,386.2471277291263,83.019,19.54632034424894,0.005,0.07053367989832943,2.092,7.162090197700668,0.133,0.33957473404244903,0.004,0.063118935352238,814.861,386.2471277291263,0.867,0.33957473404244903,0.009,0.11366177897604805,1.0,0.0,1.018,0.2273235579520961,0.005,0.07053367989832943,0.004,0.063118935352238,1.0,0.0,1.009,0.11366177897604805,0.005,0.07053367989832943,0.004,0.063118935352238,27.106,11.103457299418052,0.004,0.07735631842325487,0.013,0.13722609081366416,0.005,0.07053367989832943,0.004,0.063118935352238,0.009,0.11366177897604805,0.005,0.07053367989832943,0.004,0.063118935352238,0.004,0.063118935352238
4,20000000,1000,801.295,388.824914293053,87.315,19.08878662985157,0.005,0.07053367989832943,1.799,6.241041499621677,0.145,0.35210083782916507,0.003,0.05469003565550127,801.295,388.824914293053,0.855,0.35210083782916507,0.006,0.0772269383052313,1.0,0.0,1.014,0.18385864135253474,0.005,0.07053367989832943,0.003,0.05469003565550127,1.0,0.0,1.008,0.1092520022699813,0.005,0.07053367989832943,0.003,0.05469003565550127,29.0,11.433809513893435,0.003,0.09482088377567464,0.011,0.14449567467574936,0.005,0.07053367989832943,0.003,0.05469003565550127,0.008,0.1092520022699813,0.005,0.07053367989832943,0.003,0.05469003565550127,0.003,0.05469003565550127
