schema_version,timesteps,episodes,return_mean,return_std,length_mean,length_std,metric/success_mean,metric/success_std,count/taxi%2Femergency-v0/Emergency%20Violations_mean,count/taxi%2Femergency-v0/Emergency%20Violations_std,count/taxi%2Femergency-v0/Safety%20Violations_mean,count/taxi%2Femergency-v0/Safety%20Violations_std,count/taxi%2Femergency-v0/Seven-Step%20Safety%20Violations_mean,count/taxi%2Femergency-v0/Seven-Step%20Safety%20Violations_std,count/taxi%2Femergency-v0/Stay%20Violations_mean,count/taxi%2Femergency-v0/Stay%20Violations_std,count/taxi%2Femergency-v0/Three-Step%20Safety%20Violations_mean,count/taxi%2Femergency-v0/Three-Step%20Safety%20Violations_std,count/taxi%2Femergency-v0/Warn%20Violations_mean,count/taxi%2Femergency-v0/Warn%20Violations_std
4,0,1000,-50.0,0.0,50.0,0.0,0.0,0.0,3.693,1.285593637196451,2.693,1.285593637196451,0.168,0.37386628625753354,0.0,0.0,2.525,1.2479483162374956,1.0,0.0
4,250000,1000,-78.944,61.64924057926424,50.0,0.0,0.0,0.0,4.524,2.3011788283399444,2.629,1.1177472880754398,0.168,0.37386628625753354,0.895,2.6072926571445714,2.461,1.1038473626367007,1.0,0.0
4,500000,1000,-68.783,51.9475688651548,50.0,0.0,0.0,0.0,5.066,3.08604018120309,2.569,1.1194815764450972,0.166,0.3720806364217305,1.497,3.521362094417443,2.403,1.1057083702315,1.0,0.0
4,750000,1000,-57.119,31.956108007703317,50.0,0.0,0.0,0.0,4.896,2.9690375544947223,2.497,1.1340154319937625,0.171,0.3765089640367145,1.401,3.353833478275271,2.326,1.1196981736164437,0.998,0.044676615807377355
4,1000000,1000,-54.441,24.839213332954007,49.965,0.7821604694690214,0.002,0.044676615807377355,4.394,2.4188352568953513,2.51,1.0999545445153631,0.166,0.3720806364217305,0.895,2.7048059080089275,2.344,1.0666133319999334,0.989,0.10430244484191155
4,1250000,1000,-52.421,18.546637404122613,50.0,0.0,0.0,0.0,3.845,1.773971533029772,2.482,1.1461570573006128,0.168,0.37386628625753354,0.4,1.6480291259562132,2.314,1.114183108829065,0.963,0.18876175460087247
4,1500000,1000,-51.906,13.66064288384701,49.965,1.1062436440495376,0.001,0.03160696125855822,3.606,1.562934419609473,2.39,1.1652896635600953,0.164,0.3702755730533679,0.283,1.3072532271905088,2.226,1.1388257109847846,0.933,0.25002199903208516
4,1750000,1000,-51.121,6.488633060976711,49.912,1.269746431379116,0.008,0.08908422980528036,3.501,1.6031216422966785,2.438,1.1925418231659635,0.171,0.3765089640367145,0.191,1.2118246572833877,2.267,1.170346529879078,0.872,0.3340898082851376
4,2000000,1000,-51.301,5.662720106097422,49.888,1.6320098038921211,0.006,0.0772269383052313,3.352,1.734962823809202,2.348,1.1928520444715682,0.156,0.36285534307765127,0.216,1.263069277593276,2.192,1.1887539694991558,0.788,0.408724846320847
4,2250000,1000,-51.477,10.132298406580809,49.875,1.9029910667157637,0.006,0.0772269383052313,3.188,1.4030880228980647,2.369,1.1844150454971434,0.161,0.3675309510775929,0.1,0.7549834435270749,2.208,1.169074847903247,0.719,0.44948748592146587
4,2500000,1000,-50.572,6.529687281945438,49.711,2.750905123772901,0.013,0.11327400407860579,2.976,1.6423836336252258,2.277,1.26422743207067,0.162,0.368450810828257,0.118,0.9011525952911638,2.115,1.218103033408915,0.581,0.493395378981198
4,2750000,1000,-51.354,12.265426368455358,49.827,2.137538537664292,0.01,0.099498743710662,2.869,1.4345169918826337,2.24,1.2109500402576483,0.166,0.3720806364217305,0.071,0.6371491191236162,2.074,1.1706938113785346,0.558,0.49662460672020675
4,3000000,1000,-50.17,8.747176687366045,49.573,3.347039139299091,0.02,0.14,2.937,1.448803299278408,2.339,1.205851980966155,0.156,0.36285534307765127,0.068,0.6952524721279314,2.183,1.1804706688435762,0.53,0.4990991885387112
4,3250000,1000,-49.887,6.63311623597838,49.608,3.0368299260906926,0.021,0.14338409953687334,3.018,1.6570081472340443,2.281,1.2272078063636982,0.159,0.36567608617463626,0.159,1.087988510968751,2.122,1.214543535654445,0.578,0.4938785275753543
4,3500000,1000,-49.431,7.700340187290429,49.53,3.119791659710629,0.03,0.1705872210923198,2.839,1.524165017312758,2.18,1.2488394612599332,0.159,0.36567608617463626,0.097,0.8195065588511175,2.021,1.2452144393637588,0.562,0.49614110895994096
4,3750000,1000,-48.172,9.310768818953674,49.003,4.65607033881577,0.06,0.23748684174075835,2.933,1.4623648655516859,2.279,1.1879221354954204,0.158,0.3647410040014695,0.091,0.7659758481832178,2.121,1.1799826269907536,0.563,0.4960151207372614
4,4000000,1000,-48.305,11.97271794539569,49.031,4.52018130167364,0.063,0.24296296014001806,3.109,2.0403722699546765,2.214,1.2025822217212427,0.157,0.3638007696528417,0.319,1.7318311118581973,2.057,1.1831107302361854,0.576,0.494190246767376
4,4250000,1000,-46.919,12.285619194814725,48.338,5.990639031021649,0.092,0.289025950392002,3.039,1.6271075563711208,2.249,1.169187324597731,0.16,0.3666060555964672,0.213,1.0998322599378507,2.089,1.146768939237543,0.577,0.4940354238311257
4,4500000,1000,-46.815,14.235967652393708,48.225,6.051146585565417,0.105,0.3065534211193866,3.022,1.6017228224633624,2.242,1.1633726831931375,0.169,0.3747519179403889,0.198,1.1012701757516181,2.073,1.147898514678018,0.582,0.4932301693935601
4,4750000,1000,-45.299,13.409310161227534,47.807,6.299027782126381,0.137,0.34384734985164567,3.112,1.4413382670282504,2.36,1.135957745693034,0.171,0.3765089640367145,0.164,0.9429231145750963,2.189,1.1159206961070307,0.588,0.49219508327491446
4,5000000,1000,-44.347,13.980722120119546,47.299,7.085732072270303,0.168,0.37386628625753354,3.132,1.5888914374493934,2.309,1.114234714950131,0.148,0.355099985919459,0.213,1.137379004553891,2.161,1.1032130347308267,0.61,0.4877499359302879
4,5250000,1000,-43.989,14.253732107767425,47.154,7.298101396938796,0.176,0.38082016753318093,3.099,1.6034958684075242,2.245,1.141479303360337,0.147,0.3541059163583687,0.236,1.172307126993605,2.098,1.1297769691403698,0.618,0.4858765275252551
4,5500000,1000,-40.546,17.53607379090314,45.163,9.135230210563936,0.28,0.44899888641287294,3.03,1.5156186855538565,2.154,1.1208407558614204,0.15,0.3570714214271425,0.219,1.0681942707204528,2.004,1.129594617550916,0.657,0.47471149132920726
4,5750000,1000,-40.478,17.3258049163668,44.963,9.40263957620412,0.286,0.4518893669915237,3.281,1.7966744279362357,2.235,1.1330379517032958,0.19,0.3923009049186606,0.364,1.5412670112605409,2.045,1.121148964232675,0.682,0.4656994739099455
4,6000000,1000,-38.897,18.4465278846725,44.12,10.099683163347255,0.326,0.4687472666586974,3.039,1.597960888132122,2.1,1.1260550608207398,0.159,0.36567608617463626,0.26,1.1697863052711808,1.941,1.1187130999501167,0.679,0.46686079295653005
4,6250000,1000,-37.625,18.723471232653417,43.37,10.436910462392595,0.374,0.4838636171484688,3.283,2.3385702897283203,2.089,1.108638354018117,0.163,0.3693656724710622,0.531,2.2015991914969444,1.926,1.102961468048635,0.663,0.47268488446321194
4,6500000,1000,-36.09,19.328577288564205,42.519,10.88483527665899,0.409,0.4916492652287808,3.172,1.9468990728848787,2.069,1.1073567627463157,0.149,0.35608847215263795,0.425,1.7777443573247533,1.92,1.0943491216243562,0.678,0.46724297747531746
4,6750000,1000,-37.165,18.68892118341773,43.054,10.785317983258537,0.38,0.4853864439804639,3.378,2.220161255404661,2.088,1.1190424478097334,0.173,0.37824727361872684,0.605,2.074361347499514,1.915,1.1170384953080175,0.685,0.4645158770160607
4,7000000,1000,-35.222,19.79734113460694,42.029,11.441685146865387,0.418,0.4932301693935601,3.161,1.9352206592530992,2.018,1.0805905792667267,0.171,0.3765089640367145,0.503,1.7401123526945035,1.847,1.074053536840692,0.64,0.48
4,7250000,1000,-35.289,19.78326259745849,41.886,11.535813972147782,0.425,0.4943429983321297,3.447,2.485797859842992,2.083,1.1109054865288945,0.156,0.36285534307765127,0.688,2.383412679331886,1.927,1.0916368443763704,0.676,0.468
4,7500000,1000,-32.734,20.486025578427846,40.792,11.590976490356626,0.481,0.49963886958482323,3.105,1.9062987698679343,2.046,1.0430167783885358,0.171,0.3765089640367145,0.418,1.660504742540653,1.875,1.0427727460957157,0.641,0.47970720236410874
4,7750000,1000,-32.693,20.464719665805344,40.766,12.027270845873556,0.479,0.4995588053472784,3.192,2.1088233686110365,1.972,1.0095622813873346,0.147,0.3541059163583687,0.564,1.904705751553242,1.825,0.9850761391892507,0.656,0.4750410508577127
4,8000000,1000,-31.514,20.95742837277513,40.055,12.121962506129114,0.502,0.49999599998399985,3.285,2.2684300738616563,2.017,1.0366826901226815,0.157,0.3638007696528417,0.617,2.2055183064304864,1.86,1.0141005867269774,0.651,0.4766539625346673
4,8250000,1000,-31.474,21.345990817949865,39.859,12.339818434644814,0.503,0.49999099991899854,3.052,2.3789274894372046,1.887,1.060297599733207,0.176,0.38082016753318093,0.556,2.29583623109315,1.711,1.0533180906070112,0.609,0.48797438457361675
4,8500000,1000,-29.62,22.00871645507752,38.692,12.596870087446325,0.545,0.4979708826829135,3.278,2.4873109978448613,1.919,1.0622800948902318,0.153,0.35998749978297856,0.712,2.4056300629980494,1.766,1.0701607355906868,0.647,0.47790270976423643
4,8750000,1000,-27.315,24.341893414440875,37.176,12.807615859323702,0.61,0.4877499359302879,3.012,2.3861802111324284,1.809,1.0346588809844528,0.17,0.37563279941985894,0.598,2.2123281854191523,1.639,1.0328015298207105,0.605,0.4888506929523574
4,9000000,1000,-25.113,21.470869358272385,36.012,12.940164450268783,0.66,0.4737087712930804,2.95,2.2372974768680183,1.813,0.9909747726355096,0.182,0.3858445282753145,0.55,1.9665960439297137,1.631,0.993397704849372,0.587,0.4923728262201317
4,9250000,1000,-23.907,21.571702552186277,35.76,12.833954963299504,0.675,0.4683748498798799,2.809,2.017057014563545,1.774,1.0182946528387546,0.178,0.38251274488570963,0.451,1.758294343959509,1.596,1.020188217928437,0.584,0.4928934976239796
4,9500000,1000,-22.188,21.417624891663408,34.569,12.96191494340246,0.698,0.4591252552408765,2.872,2.384872323626571,1.674,0.9683615027457463,0.185,0.38829756630707846,0.614,2.20658197219138,1.489,0.9756428649869787,0.584,0.4928934976239796
4,9750000,1000,-22.702,21.520064962727226,34.525,13.062977264008385,0.686,0.46411636471902173,2.781,2.4488852566014603,1.674,1.0108036406740926,0.192,0.3938730760029175,0.559,2.209189670444799,1.482,0.9887749996839523,0.548,0.4976906669810074
4,10000000,1000,-19.512,20.755863171643814,32.826,12.957535413804587,0.755,0.43008720046055776,2.573,1.9921523536115404,1.651,0.9975966118627309,0.169,0.3747519179403889,0.391,1.6673688853999884,1.482,0.9857362730467009,0.531,0.49903807469971667
4,10250000,1000,-18.018,20.475978023039584,31.8,13.012225021109955,0.784,0.4115142767875739,2.522,2.1150687932074455,1.558,1.0122430538166216,0.164,0.3702755730533679,0.448,1.8317467073806901,1.394,0.9760963067238806,0.516,0.4997439344304241
4,10500000,1000,-15.772,19.70756240634544,30.52,12.697149286355579,0.82,0.3841874542459709,2.404,2.2910224791564135,1.49,0.9283856957105705,0.179,0.3833523183704515,0.449,2.02222624846974,1.311,0.8979303981935348,0.465,0.4987734956871706
4,10750000,1000,-14.854,19.223857157188824,30.283,12.351231153208978,0.828,0.3773804446443933,2.202,1.7138249618907995,1.508,0.9369823904428514,0.168,0.37386628625753354,0.214,1.2602396597473038,1.34,0.8957678270623477,0.48,0.49959983987187184
4,11000000,1000,-14.184,18.408045632277208,30.003,12.129673985726079,0.854,0.35310621631458144,2.251,1.875099730681011,1.484,0.9228997778740659,0.178,0.38251274488570963,0.304,1.5137978729011348,1.306,0.8811152024565233,0.463,0.49862912068991716
4,11250000,1000,-12.459,17.98138812772807,29.025,11.920502296463853,0.877,0.32843720861071757,2.079,1.7142808988027605,1.425,0.9297176990893526,0.189,0.391508620594745,0.238,1.188005050494315,1.236,0.8968299727373077,0.416,0.4928934976239796
4,11500000,1000,-11.923,17.43711762304768,28.612,11.719447768559746,0.882,0.32260812141048156,2.107,1.942562997691452,1.422,0.8977282439580477,0.187,0.38991152842664195,0.276,1.5619935979382247,1.235,0.8807809035168734,0.409,0.4916492652287808
4,11750000,1000,-10.169,17.080645157604557,27.302,11.372809503372507,0.906,0.2918287168871494,1.911,1.6718489764329791,1.331,0.8703097149865673,0.179,0.3833523183704515,0.201,1.162152743833615,1.152,0.8514082452032045,0.379,0.48513812466142053
4,12000000,1000,-9.832,16.93516389055624,27.211,11.481919656573112,0.903,0.29595776725742473,1.935,1.85601050643578,1.332,0.8483961338902953,0.175,0.3799671038392666,0.263,1.485204026388294,1.157,0.8089196499034994,0.34,0.4737087712930804
4,12250000,1000,-8.611,15.284753154696348,26.662,10.619028015783742,0.932,0.251745903640953,1.829,1.9057174502008423,1.276,0.8196487052390189,0.195,0.3962007067131506,0.24,1.6390240998838304,1.081,0.7709987029820479,0.313,0.4637143517295966
4,12500000,1000,-7.962,15.418513417317508,26.181,10.71747353623978,0.933,0.25002199903208516,1.736,1.6322695855770883,1.282,0.8511615592823727,0.189,0.391508620594745,0.168,1.101715026674321,1.093,0.7888922613386444,0.286,0.4518893669915237
4,12750000,1000,-6.689,14.533350577206896,25.202,10.346264833262293,0.942,0.23374344910606587,1.609,1.3297063585619195,1.245,0.8203505348325191,0.176,0.38082016753318093,0.08,0.7372923436466704,1.069,0.777328116048815,0.284,0.4509368026675135
4,13000000,1000,-4.779,12.827866502267632,23.988,9.487984822922094,0.965,0.18377975949489106,1.494,1.394261094630414,1.159,0.7705316346523353,0.188,0.3907121702737195,0.1,0.9186947262284682,0.971,0.7253681823736137,0.235,0.4239988207530771
4,13250000,1000,-4.873,12.220592088765585,23.98,9.34749164214657,0.974,0.15913516267626085,1.469,1.2494154633267511,1.148,0.7563702796911047,0.177,0.3816687045069323,0.076,0.7630360410884928,0.971,0.6856814129025228,0.245,0.43008720046055776
4,13500000,1000,-6.204,14.117449628031261,24.99,9.98167821561084,0.95,0.21794494717703367,1.599,1.4374279112358992,1.239,0.8073902402184461,0.188,0.3907121702737195,0.105,0.8910527481580426,1.051,0.7644599400884261,0.255,0.4358612164439502
4,13750000,1000,-5.592,13.371220437940584,24.684,9.768528241244942,0.953,0.21163884331568247,1.489,1.3423408658012317,1.17,0.7918964578781749,0.16,0.3666060555964672,0.096,0.8489899881624047,1.01,0.7279423054061359,0.223,0.41625833324991823
4,14000000,1000,-4.898,13.107921116637833,23.942,9.364007475434864,0.959,0.19829019138626097,1.407,1.226112148214836,1.146,0.7763272505844426,0.192,0.3938730760029175,0.061,0.7478495838067973,0.954,0.7041903151847517,0.2,0.4
4,14250000,1000,-3.561,11.25132343326775,23.211,8.589439970102823,0.975,0.15612494995995996,1.359,1.166241398682108,1.121,0.7445528859657989,0.176,0.38082016753318093,0.068,0.6460464379593777,0.945,0.6678135967468767,0.17,0.37563279941985894
4,14500000,1000,-3.54,10.995562741397094,23.211,8.571025551239478,0.976,0.15304901175767194,1.365,1.2213824134970996,1.097,0.7277300323609024,0.164,0.3702755730533679,0.078,0.7279532952051251,0.933,0.6591744837294599,0.19,0.3923009049186606
4,14750000,1000,-3.384,11.825419400596328,22.878,8.265900797856215,0.978,0.14668333238647124,1.313,1.0700612132023102,1.116,0.7159217834372691,0.189,0.391508620594745,0.051,0.5407393087246386,0.927,0.6478201911024386,0.146,0.35310621631458144
4,15000000,1000,-3.273,12.386301748302436,22.878,9.09291570399726,0.966,0.18122913673027305,1.33,1.3050287353158168,1.097,0.7691495303255408,0.171,0.3765089640367145,0.091,0.8214128073021506,0.926,0.6946394748356877,0.142,0.34905013966477655
4,15250000,1000,-2.939,10.57550372322756,22.796,8.012389406413046,0.982,0.13295111883696203,1.28,1.1813551540497886,1.077,0.6950330927373171,0.17,0.37563279941985894,0.084,0.7272853635265871,0.907,0.6069192697550474,0.119,0.3237885112229895
4,15500000,1000,-2.708,11.14687113050115,22.535,7.895110828861112,0.986,0.11749042514179613,1.274,1.2210339880609384,1.071,0.7056621004418474,0.179,0.3833523183704515,0.088,0.8296119574837383,0.892,0.6374448995795636,0.115,0.31902194281898544
4,15750000,1000,-2.391,10.219105587085398,22.251,7.904682093544307,0.984,0.12547509713086497,1.19,0.9622369770487933,1.056,0.699188100585243,0.168,0.37386628625753354,0.028,0.37578717380985743,0.888,0.6367542697147778,0.106,0.3078376195334157
4,16000000,1000,-2.234,9.319830685157322,22.232,7.4708885683029695,0.989,0.10430244484191155,1.186,0.9194585363136284,1.063,0.6863169821591186,0.185,0.38829756630707846,0.026,0.3915660863762336,0.878,0.6009292803650027,0.097,0.29595776725742473
4,16250000,1000,-2.823,10.866262973074045,22.695,8.292404657275235,0.977,0.14990330216509576,1.205,0.913769664631082,1.087,0.7344596653322768,0.184,0.3874841932259947,0.017,0.28759520162895624,0.903,0.6630165910442966,0.101,0.3013287241535397
4,16500000,1000,-2.357,11.190243563032933,22.316,7.893297409828164,0.984,0.12547509713086497,1.2,1.0421132376090423,1.059,0.6953553048621978,0.165,0.3711805490593493,0.043,0.5451155840736899,0.894,0.6039569521083435,0.098,0.2973146481423342
4,16750000,1000,-1.754,10.656898423087272,22.022,7.512756884127158,0.991,0.09444045743218317,1.166,0.9002466328734587,1.063,0.6863169821591186,0.192,0.3938730760029175,0.019,0.332624412814213,0.871,0.6199669346021609,0.084,0.27738781516137295
4,17000000,1000,-1.473,8.104645026156296,21.726,6.946720377271565,0.995,0.07053367989832943,1.121,0.8187545419721346,1.032,0.6715474666767793,0.184,0.3874841932259947,0.01,0.1997498435543818,0.848,0.5838629976287245,0.079,0.26973876250921003
4,17250000,1000,-1.275,8.601126379724926,21.693,7.206160628240256,0.99,0.099498743710662,1.121,0.8799767042371065,1.022,0.6689663668675728,0.183,0.38666652298847903,0.019,0.3444401254209503,0.839,0.585729459733758,0.08,0.2712931993250107
4,17500000,1000,-1.188,8.030731971620021,21.726,6.889624372924841,0.994,0.0772269383052313,1.115,0.7872578992934908,1.032,0.650366050774485,0.18,0.3841874542459709,0.017,0.28055480747975076,0.852,0.5727966480348851,0.066,0.24828209762284514
4,17750000,1000,-1.894,8.6854340133352,22.384,7.496968987530894,0.99,0.099498743710662,1.168,0.8796453830948014,1.081,0.6974517904486303,0.186,0.3891066691795452,0.023,0.32629894268906234,0.895,0.5915868490762789,0.064,0.24475293665245368
4,18000000,1000,-1.364,8.175909979934955,21.95,7.284332502021033,0.994,0.0772269383052313,1.156,0.8886304068621554,1.059,0.6910274958350066,0.183,0.38666652298847903,0.022,0.3943551698659471,0.876,0.597180039853979,0.075,0.26339134382131846
4,18250000,1000,-1.152,7.6298686751476925,21.756,6.922316375318308,0.996,0.063118935352238,1.126,0.86030459722124,1.036,0.666861304920296,0.183,0.38666652298847903,0.024,0.386554006576054,0.853,0.5808536820921427,0.066,0.24828209762284514
4,18500000,1000,-1.192,8.3462048860545,21.577,6.974673540747266,0.991,0.09444045743218317,1.111,0.8177279498708602,1.041,0.6643184477342173,0.176,0.38082016753318093,0.02,0.3515679166249389,0.865,0.5803231858197637,0.05,0.21794494717703367
4,18750000,1000,-1.419,10.928652204183278,21.822,7.205158985060635,0.993,0.08337265738837883,1.092,0.8009594246901649,1.025,0.6636075647549536,0.164,0.3702755730533679,0.013,0.25066112582528627,0.861,0.6013975390704555,0.054,0.22601769842204836
4,19000000,1000,-1.099,7.817876885702409,21.559,6.739771435293633,0.994,0.0772269383052313,1.061,0.7545057985197993,1.006,0.6541895749704362,0.174,0.3791094828674165,0.009,0.21194102953416075,0.832,0.5637162406743308,0.046,0.2094850830011531
4,19250000,1000,-0.731,6.892941244490627,21.419,6.502264144127029,0.999,0.03160696125855822,1.095,0.8955305689924828,1.02,0.6321392251711643,0.173,0.37824727361872684,0.03,0.5339475629684998,0.847,0.5546088711876145,0.045,0.2073041244162788
4,19500000,1000,-0.748,6.9991782374790255,21.436,6.604688031996666,0.999,0.03160696125855822,1.05,0.7794228634059948,1.001,0.641092037074241,0.166,0.3720806364217305,0.014,0.29967315528755656,0.835,0.5672521485195098,0.035,0.18377975949489106
4,19750000,1000,-0.493,6.855942750636123,21.139,6.332430733928323,0.998,0.044676615807377355,1.038,0.7723703774744343,0.989,0.6487518786099968,0.177,0.3816687045069323,0.014,0.29967315528755656,0.812,0.571538275183736,0.035,0.18377975949489106
4,20000000,1000,-1.38,8.884458340270385,21.867,7.261495093987188,0.985,0.12155245781143217,1.056,0.7815778911919145,1.0,0.6511528238439882,0.175,0.3799671038392666,0.016,0.3282438118228583,0.825,0.5730401382102305,0.04,0.19595917942265426
4,20250000,1000,-0.704,7.202942731967262,21.371,6.539828667480517,0.996,0.063118935352238,1.049,0.8065971733151561,0.999,0.647301320869964,0.175,0.3799671038392666,0.02,0.3789459064299283,0.824,0.5665897987080247,0.03,0.1705872210923198
4,20500000,1000,-0.525,7.073427387059261,21.285,6.514121199363733,0.996,0.063118935352238,1.021,0.6946646673035847,0.984,0.6306694855469067,0.164,0.3702755730533679,0.007,0.15795885540228505,0.82,0.5617828762075255,0.03,0.1705872210923198
4,20750000,1000,-0.691,6.9032976902347185,21.367,6.330269425545803,0.998,0.044676615807377355,1.054,0.747719198630074,1.009,0.6363324602752872,0.188,0.3907121702737195,0.007,0.2212487288099075,0.821,0.5522309299559379,0.038,0.19119623427254
4,21000000,1000,-0.835,7.261664754035399,21.436,6.675769918144273,0.997,0.05469003565550127,1.041,0.7052084798128848,0.996,0.6355973568226979,0.181,0.38501818138887933,0.004,0.09991996797437437,0.815,0.5628276823327012,0.041,0.19829019138626097
4,21250000,1000,-0.646,7.243112866716906,21.28,6.418068245196525,0.996,0.063118935352238,1.036,0.6918843834052045,1.002,0.6082729650411893,0.17,0.37563279941985894,0.007,0.2212487288099075,0.832,0.5456885558631407,0.027,0.16208331191088118
4,21500000,1000,-0.57,7.495271842968739,21.111,6.486191409448229,0.995,0.07053367989832943,1.005,0.6992674738610398,0.977,0.6437942217820847,0.176,0.38082016753318093,0.0,0.0,0.801,0.5808605684671666,0.028,0.16497272501841023
4,21750000,1000,-0.654,6.9249031762184226,21.267,6.309652209115808,0.997,0.05469003565550127,1.026,0.6732933981556629,0.99,0.616360284249399,0.173,0.37824727361872684,0.0,0.0,0.817,0.5509183242550569,0.036,0.18629009635512028
4,22000000,1000,-0.328,6.455417569762625,21.097,6.1891510726431616,0.999,0.03160696125855822,1.031,0.7589723315114986,0.978,0.6257123939958358,0.18,0.3841874542459709,0.008,0.25285569006846575,0.798,0.5524454724223921,0.045,0.2073041244162788
4,22250000,1000,-0.325,6.481772519920766,21.073,5.994970475323461,0.999,0.03160696125855822,1.035,0.7847133234500355,0.983,0.6424258712100565,0.189,0.391508620594745,0.013,0.2980452985705361,0.794,0.5581791827003225,0.039,0.19359493795035035
4,22500000,1000,-1.088,7.854823740861407,21.689,6.711205480388751,0.991,0.09444045743218317,1.042,0.7072736387000438,1.006,0.6418442178597545,0.192,0.3938730760029175,0.0,0.0,0.814,0.5633861908140809,0.036,0.18629009635512028
4,22750000,1000,-0.282,6.7186662366871595,20.946,6.039957284617168,0.997,0.05469003565550127,1.007,0.6625337727240778,0.972,0.6158051639926382,0.169,0.3747519179403889,0.0,0.0,0.803,0.5551495294062673,0.035,0.18377975949489106
4,23000000,1000,-0.781,8.082019487727061,21.436,6.737648254398563,0.989,0.10430244484191155,1.063,0.7583079849243314,1.02,0.664529909033446,0.185,0.38829756630707846,0.012,0.24870866490735702,0.835,0.5947898788647971,0.031,0.17331762749357033
4,23250000,1000,-0.82,6.703849640318613,21.559,6.373736659134891,0.999,0.03160696125855822,1.04,0.6916646586316233,1.002,0.624496597268552,0.182,0.3858445282753145,0.006,0.13402984742213206,0.82,0.5509990925582364,0.032,0.176
4,23500000,1000,-0.788,6.973597063209201,21.485,6.342221613914165,0.996,0.063118935352238,1.033,0.6766912146614584,0.998,0.6099147481410824,0.177,0.3816687045069323,0.003,0.09482088377567464,0.821,0.5375490675277932,0.032,0.176
4,23750000,1000,-0.796,7.062604618694154,21.565,6.572805717499947,0.997,0.05469003565550127,1.047,0.7904372207835357,0.992,0.6260479214884432,0.175,0.3799671038392666,0.016,0.35741292645901884,0.817,0.554536743597753,0.039,0.19359493795035035
4,24000000,1000,-0.477,6.31691942326321,21.267,6.1781640476763,1.0,0.0,1.036,0.7132348841721078,1.001,0.6204828764760555,0.176,0.38082016753318093,0.009,0.2547920720901653,0.825,0.5606915373001451,0.026,0.15913516267626085
4,24250000,1000,-1.014,8.12254910726922,21.594,6.741006156353812,0.988,0.10888526071052959,1.081,0.7296841782579638,1.057,0.6897470550861381,0.195,0.3962007067131506,0.0,0.0,0.862,0.6123365087923469,0.024,0.15304901175767194
4,24500000,1000,-0.887,7.219711282315934,21.488,6.7150469841989935,0.998,0.044676615807377355,1.049,0.7004277264643369,1.002,0.606626738612798,0.173,0.37824727361872684,0.017,0.29446731567357354,0.829,0.5308097587648517,0.03,0.1705872210923198
4,24750000,1000,-0.463,6.8749277087108345,21.184,6.317130994367617,0.997,0.05469003565550127,1.003,0.656499047981031,0.979,0.6168946425444137,0.182,0.3858445282753145,0.0,0.0,0.797,0.560170509755735,0.024,0.15304901175767194
4,25000000,1000,-0.978,8.211913053606937,21.498,7.02552460674646,0.992,0.08908422980528036,1.042,0.7551397221706722,1.001,0.6610589988798277,0.181,0.38501818138887933,0.008,0.25285569006846575,0.82,0.5758472019555188,0.033,0.17863650242881493
4,25250000,1000,-0.199,6.774319080173298,20.905,6.166520493763075,0.996,0.063118935352238,1.004,0.6855537907414706,0.97,0.6333245613427605,0.179,0.3833523183704515,0.001,0.03160696125855822,0.791,0.5597490509147827,0.033,0.17863650242881493
4,25500000,1000,-0.325,6.528504805849499,21.073,6.145378019292223,0.998,0.044676615807377355,1.037,0.7359558410665683,0.99,0.6114736298484179,0.176,0.38082016753318093,0.015,0.3358198922041397,0.814,0.5508212051110596,0.032,0.176
4,25750000,1000,-0.355,6.5378111780625785,21.085,6.171853449329464,0.999,0.03160696125855822,1.011,0.6564137414771266,0.981,0.6088012812075875,0.184,0.3874841932259947,0.001,0.03160696125855822,0.797,0.5308399005349919,0.029,0.16780643611018023
4,26000000,1000,-0.472,7.200917719291063,21.097,6.444190484459627,0.996,0.063118935352238,1.011,0.7489185536491936,0.973,0.6405240042340333,0.17,0.37563279941985894,0.009,0.284462651327024,0.803,0.5605274301940986,0.029,0.16780643611018023
4,26250000,1000,-0.423,6.87474152241377,21.111,6.282728626958194,0.997,0.05469003565550127,0.999,0.6363953173932064,0.975,0.598644301735179,0.178,0.38251274488570963,0.003,0.05469003565550127,0.797,0.5364615550065074,0.021,0.14338409953687334
4,26500000,1000,-0.537,7.259520025456228,21.285,6.541083625822254,0.995,0.07053367989832943,1.003,0.6379584625976835,0.989,0.6155314776678769,0.178,0.38251274488570963,0.0,0.0,0.811,0.561497105958704,0.014,0.11749042514179613
4,26750000,1000,-0.324,6.778718462954484,21.033,6.150765074362701,0.997,0.05469003565550127,0.997,0.648838192464038,0.978,0.6176698147068546,0.176,0.38082016753318093,0.0,0.0,0.802,0.5520833270440251,0.019,0.13652472303579305
4,27000000,1000,-0.693,7.060648058075123,21.297,6.4552917052601115,0.997,0.05469003565550127,0.996,0.627681447869857,0.977,0.5970519240401123,0.175,0.3799671038392666,0.0,0.0,0.802,0.5355333789783789,0.019,0.13652472303579305
4,27250000,1000,-0.315,6.831235247010602,21.033,6.051769245435586,0.996,0.063118935352238,1.0,0.6131883886702356,0.982,0.584530580893763,0.188,0.3907121702737195,0.003,0.09482088377567464,0.794,0.5287381204339252,0.015,0.12155245781143217
4,27500000,1000,-0.198,6.860378706747901,20.946,6.354611239092444,0.997,0.05469003565550127,0.995,0.684817493935428,0.971,0.6165703528389928,0.183,0.38666652298847903,0.007,0.2212487288099075,0.788,0.5648504226784291,0.017,0.12927103310486848
4,27750000,1000,0.026,6.341870701930149,20.806,6.099210112793295,1.0,0.0,0.979,0.6328973060457754,0.968,0.6123528394643075,0.181,0.38501818138887933,0.0,0.0,0.787,0.552839036248346,0.011,0.10430244484191155
4,28000000,1000,-0.602,7.103632591850454,21.371,6.555864473889008,0.996,0.063118935352238,0.991,0.6549190789708298,0.978,0.6320727806194474,0.191,0.393089048435593,0.0,0.0,0.787,0.5600276778874416,0.013,0.11327400407860579
4,28250000,1000,-0.449,6.92166157797389,21.239,6.4649732404705285,0.997,0.05469003565550127,0.983,0.6486223862926719,0.966,0.6089696215740158,0.165,0.3711805490593493,0.004,0.09991996797437437,0.801,0.5508166664145158,0.013,0.11327400407860579
4,28500000,1000,-0.284,6.866537992321895,21.053,6.379356629002646,0.997,0.05469003565550127,1.012,0.8098493687100089,0.973,0.5884479586165628,0.182,0.3858445282753145,0.02,0.5114684741017769,0.791,0.5360214547944886,0.019,0.13652472303579305
4,28750000,1000,0.099,6.780648862756425,20.682,6.168701321996389,0.996,0.063118935352238,0.984,0.6354085300025488,0.962,0.5954460512926423,0.176,0.38082016753318093,0.004,0.07735631842325487,0.786,0.5515469155022082,0.018,0.13295111883696203
4,29000000,1000,-0.507,7.19610665568542,21.267,6.6482863205490785,0.996,0.063118935352238,1.001,0.6188691299459038,0.983,0.5938947718241002,0.192,0.3938730760029175,0.002,0.06321392251711644,0.791,0.5378838164510994,0.016,0.12547509713086497
4,29250000,1000,-0.434,6.694598120873276,21.215,6.2965685099107755,0.998,0.044676615807377355,0.996,0.6033108651433355,0.987,0.587223126247596,0.18,0.3841874542459709,0.0,0.0,0.807,0.5364242723814797,0.009,0.09444045743218317
4,29500000,1000,0.003,6.599317464707998,20.787,6.082403390108222,0.997,0.05469003565550127,0.984,0.6258945598101968,0.965,0.5964687753772195,0.185,0.38829756630707846,0.002,0.06321392251711644,0.78,0.5362835071116769,0.017,0.12927103310486848
4,29750000,1000,0.066,6.454428247335313,20.703,5.852075785565324,0.997,0.05469003565550127,0.999,0.628489458941039,0.98,0.6029925372672534,0.18,0.3841874542459709,0.0,0.0,0.8,0.5440588203494178,0.019,0.13652472303579305
4,30000000,1000,-0.087,6.464938592129085,20.919,6.080003207235996,0.998,0.044676615807377355,0.997,0.6472951413381689,0.973,0.5798887824402194,0.192,0.3938730760029175,0.009,0.21194102953416075,0.781,0.5320140975575741,0.015,0.12155245781143217
4,30250000,1000,0.108,6.333587924707448,20.724,5.97694102363408,0.998,0.044676615807377355,0.98,0.6384355879804947,0.964,0.6104948812234219,0.175,0.3799671038392666,0.0,0.0,0.789,0.5625646629499581,0.016,0.12547509713086497
4,30500000,1000,-0.255,7.135543076739149,20.919,6.348735228374231,0.995,0.07053367989832943,0.991,0.6204184072059757,0.971,0.5934298610619455,0.179,0.3833523183704515,0.0,0.0,0.792,0.5483940189316437,0.02,0.14
4,30750000,1000,-0.22,6.347566462826522,21.085,6.0783036284805645,0.999,0.03160696125855822,1.001,0.6090968724267102,0.984,0.5896982279098353,0.184,0.3874841932259947,0.0,0.0,0.8,0.5310367218940701,0.017,0.12927103310486848
4,31000000,1000,-0.321,7.162538586283497,21.111,6.661732432333199,0.997,0.05469003565550127,1.001,0.7259469677600424,0.968,0.609077991721914,0.183,0.38666652298847903,0.014,0.3159177108045701,0.785,0.55024994320763,0.019,0.13652472303579305
4,31250000,1000,-0.295,7.016977625730326,21.085,6.465274549468105,0.997,0.05469003565550127,1.015,0.6713977956472601,0.984,0.588,0.179,0.3833523183704515,0.011,0.22108595613471246,0.805,0.5467860641969581,0.02,0.14
4,31500000,1000,-0.144,6.566830590170573,20.946,6.245084787254694,0.999,0.03160696125855822,0.982,0.6177993201679652,0.964,0.5888157606586291,0.184,0.3874841932259947,0.0,0.0,0.78,0.5436910887627274,0.018,0.13295111883696203
4,31750000,1000,0.03,6.169529965888811,20.865,6.108254660703007,1.0,0.0,0.992,0.6371310697179977,0.972,0.5943197792434641,0.165,0.3711805490593493,0.004,0.12642784503423288,0.807,0.5364242723814797,0.016,0.12547509713086497
4,32000000,1000,-0.069,6.682682021464137,20.787,6.151717727594464,0.997,0.05469003565550127,0.977,0.6003923717037051,0.965,0.5811841360532821,0.18,0.3841874542459709,0.0,0.0,0.785,0.5336431391857296,0.012,0.10888526071052959
4,32250000,1000,-0.055,7.488122261288206,20.782,6.60109657556985,0.993,0.08337265738837883,0.95,0.6461423991660042,0.932,0.591080366786108,0.172,0.3773804446443933,0.005,0.15803480629279107,0.76,0.5480875842417888,0.013,0.11327400407860579
4,32500000,1000,-0.117,6.662380280350259,20.865,6.157497462443651,0.997,0.05469003565550127,0.984,0.636980376463828,0.966,0.6023653376481751,0.175,0.3799671038392666,0.0,0.0,0.791,0.5507440421829364,0.018,0.13295111883696203
4,32750000,1000,0.039,6.701304276034628,20.709,6.152423831304212,0.997,0.05469003565550127,0.983,0.6282602963740427,0.965,0.5947898788647971,0.189,0.391508620594745,0.0,0.0,0.776,0.5438970490819012,0.018,0.13295111883696203
4,33000000,1000,-0.137,6.807659730039392,20.864,6.141132143180116,0.996,0.063118935352238,0.968,0.6107176106843489,0.958,0.5934947346017486,0.168,0.37386628625753354,0.0,0.0,0.79,0.5458021619598076,0.01,0.099498743710662
4,33250000,1000,0.023,6.459138564855224,20.851,6.144167885076058,0.998,0.044676615807377355,0.981,0.612077609458147,0.969,0.5899483028198318,0.18,0.3841874542459709,0.001,0.03160696125855822,0.789,0.5444988521567332,0.011,0.10430244484191155
4,33500000,1000,0.06,6.221125300136624,20.709,5.793126875876274,0.998,0.044676615807377355,0.982,0.603055552996571,0.968,0.5770407264656455,0.176,0.38082016753318093,0.0,0.0,0.792,0.5317292544143118,0.014,0.11749042514179613
4,33750000,1000,-0.135,6.628783825106986,20.883,6.142418986034737,0.998,0.044676615807377355,0.994,0.618032361612238,0.984,0.6014515774357899,0.183,0.38666652298847903,0.0,0.0,0.801,0.5526291704208166,0.01,0.099498743710662
4,34000000,1000,-0.041,6.612361076045379,20.81,6.2185126839140565,0.998,0.044676615807377355,0.984,0.6113460558472591,0.964,0.5922026680115516,0.169,0.3747519179403889,0.005,0.09473647660748208,0.795,0.5467860641969581,0.015,0.12155245781143217
4,34250000,1000,0.06,6.630565586735418,20.73,6.270334919284615,0.998,0.044676615807377355,0.97,0.6253798845501828,0.954,0.596560139466257,0.183,0.38666652298847903,0.005,0.11390785749894518,0.771,0.5626357613945278,0.011,0.10430244484191155
4,34500000,1000,0.35,6.13738543681265,20.44,5.728385461890636,0.998,0.044676615807377355,0.959,0.6255549536211826,0.939,0.5926879448748725,0.174,0.3791094828674165,0.008,0.1092520022699813,0.765,0.5438520019269948,0.012,0.10888526071052959
4,34750000,1000,0.489,6.142465221716766,20.322,5.859890442661876,0.999,0.03160696125855822,0.948,0.6158701161771043,0.926,0.5696700799585669,0.171,0.3765089640367145,0.005,0.15803480629279107,0.755,0.5319539453749732,0.017,0.12927103310486848
4,35000000,1000,0.416,5.990404326921515,20.395,5.783163061854646,1.0,0.0,0.947,0.6100745856040882,0.933,0.5886518495681466,0.172,0.3773804446443933,0.002,0.06321392251711644,0.761,0.5512522108799202,0.012,0.10888526071052959
4,35250000,1000,-0.156,6.733918918430782,20.946,6.270493122554238,0.997,0.05469003565550127,0.979,0.6233450088033111,0.964,0.5888157606586291,0.168,0.37386628625753354,0.005,0.11390785749894518,0.796,0.5498945353429147,0.01,0.099498743710662
4,35500000,1000,0.042,6.3391037221361195,20.79,6.0578791668371865,0.999,0.03160696125855822,0.962,0.6054386839309164,0.952,0.5811161673882426,0.164,0.3702755730533679,0.0,0.0,0.788,0.5450284396249429,0.01,0.099498743710662
4,35750000,1000,-0.087,6.681274653836646,20.919,6.30622224473575,0.998,0.044676615807377355,0.981,0.647023183510452,0.956,0.5675068281527544,0.177,0.3816687045069323,0.009,0.2547920720901653,0.779,0.5368044336627633,0.016,0.12547509713086497
4,36000000,1000,0.063,6.467072830887248,20.79,6.23409175421729,0.999,0.03160696125855822,0.974,0.6350779479717431,0.964,0.6153893076744184,0.174,0.3791094828674165,0.0,0.0,0.79,0.5566866263886712,0.01,0.099498743710662
4,36250000,1000,0.323,6.0944787307857595,20.509,5.840198541145669,0.999,0.03160696125855822,0.953,0.6072816480019794,0.938,0.5866481057669921,0.161,0.3675309510775929,0.0,0.0,0.777,0.5415450119796138,0.015,0.12155245781143217
4,36500000,1000,0.34,5.872852799108794,20.555,5.748301923176966,1.0,0.0,0.97,0.6042350536008317,0.953,0.5768804035499906,0.174,0.3791094828674165,0.0,0.0,0.779,0.5405173447725798,0.017,0.12927103310486848
4,36750000,1000,0.155,6.544843390028519,20.584,6.0611008901023915,0.998,0.044676615807377355,0.959,0.5960864031329687,0.947,0.5815419159441562,0.177,0.3816687045069323,0.0,0.0,0.77,0.5320714237769212,0.012,0.10888526071052959
4,37000000,1000,-0.078,6.533905111034288,20.826,6.106695014490244,0.998,0.044676615807377355,0.98,0.599666574022598,0.962,0.5749399968692385,0.164,0.3702755730533679,0.001,0.03160696125855822,0.798,0.5377694673370738,0.017,0.12927103310486848
4,37250000,1000,0.072,6.100394741326171,20.865,6.076905051093031,1.0,0.0,0.985,0.5939486509791903,0.972,0.5755136835905815,0.166,0.3720806364217305,0.0,0.0,0.806,0.5332579113337185,0.013,0.11327400407860579
4,37500000,1000,-0.142,6.771103012065316,21.016,6.445288511773542,0.998,0.044676615807377355,0.993,0.5890254663425003,0.976,0.5580537608510492,0.183,0.38666652298847903,0.001,0.03160696125855822,0.793,0.5235943086016119,0.016,0.12547509713086497
4,37750000,1000,0.132,6.591856794560998,20.637,6.186859542611259,0.998,0.044676615807377355,0.966,0.6040231783632148,0.948,0.5790474937343223,0.184,0.3874841932259947,0.001,0.03160696125855822,0.764,0.5369394751738784,0.017,0.12927103310486848
4,38000000,1000,-0.099,7.084292413501859,20.826,6.477323830101441,0.996,0.063118935352238,0.965,0.5914177880314389,0.951,0.5697359037308426,0.161,0.3675309510775929,0.0,0.0,0.79,0.5309425580983314,0.014,0.11749042514179613
4,38250000,1000,0.239,6.560173701968569,20.509,6.003991922046531,0.997,0.05469003565550127,0.955,0.6348031190849648,0.938,0.5675878786584506,0.165,0.3711805490593493,0.007,0.2212487288099075,0.773,0.5210287899914936,0.01,0.099498743710662
4,38500000,1000,0.209,6.5249765516820055,20.539,6.194713794841534,0.999,0.03160696125855822,0.947,0.6051371745315272,0.933,0.5818169815328528,0.166,0.3720806364217305,0.0,0.0,0.767,0.5391762235113859,0.014,0.11749042514179613
4,38750000,1000,0.15,6.614945200075357,20.703,6.414888229735573,0.999,0.03160696125855822,0.949,0.6069588124411738,0.934,0.5810714241812275,0.162,0.368450810828257,0.003,0.09482088377567464,0.772,0.5459084172276518,0.012,0.10888526071052959
4,39000000,1000,0.362,5.941965668026028,20.47,5.687099436443853,0.999,0.03160696125855822,0.972,0.6010124790717744,0.958,0.5746616395758464,0.176,0.38082016753318093,0.003,0.09482088377567464,0.782,0.531484712856353,0.011,0.10430244484191155
4,39250000,1000,0.195,6.194108087529632,20.658,5.933046097916314,0.999,0.03160696125855822,0.965,0.604793353138078,0.945,0.5691880181451469,0.173,0.37824727361872684,0.004,0.09991996797437437,0.772,0.5366712215127619,0.016,0.12547509713086497
4,39500000,1000,0.009,6.591882811458347,20.802,6.213275786571847,0.998,0.044676615807377355,0.974,0.6444563600430987,0.95,0.568770604022395,0.185,0.38829756630707846,0.007,0.2212487288099075,0.765,0.5308248298638638,0.017,0.12927103310486848
4,39750000,1000,-0.003,7.272069237844205,20.751,6.4242508512666285,0.994,0.0772269383052313,0.977,0.6422390520670632,0.956,0.5657419906635887,0.185,0.38829756630707846,0.007,0.2212487288099075,0.771,0.5334407183558451,0.014,0.11749042514179613
4,40000000,1000,0.153,6.388864609615703,20.658,6.128053198202509,0.999,0.03160696125855822,0.975,0.6696080943357838,0.946,0.577134299795117,0.165,0.3711805490593493,0.012,0.24870866490735702,0.781,0.5523033586716634,0.017,0.12927103310486848
4,40250000,1000,0.087,6.549765721001019,20.703,6.166910977142446,0.998,0.044676615807377355,0.961,0.6012312367134629,0.943,0.5689912125859239,0.173,0.37824727361872684,0.001,0.03160696125855822,0.77,0.5339475629684998,0.017,0.12927103310486848
4,40500000,1000,0.185,6.31195492696201,20.584,5.903468810792516,0.998,0.044676615807377355,0.953,0.5803369710780109,0.94,0.5589275444992848,0.173,0.37824727361872684,0.001,0.03160696125855822,0.767,0.535454012964699,0.012,0.10888526071052959
4,40750000,1000,0.378,6.779905309073277,20.37,6.122180983930481,0.996,0.063118935352238,0.946,0.6075228390768531,0.922,0.5476458709786827,0.167,0.3729758705332022,0.004,0.12642784503423288,0.755,0.5281808402431879,0.02,0.14
4,41000000,1000,0.167,6.94874888019419,20.665,6.2687139829473795,0.995,0.07053367989832943,0.97,0.6760917097554148,0.938,0.5693469943716222,0.176,0.38082016753318093,0.012,0.282588039378881,0.762,0.5434666503107619,0.02,0.14
4,41250000,1000,0.114,6.8512045656220195,20.613,6.2961282547292505,0.997,0.05469003565550127,0.952,0.5980769181301014,0.931,0.5515786435314551,0.176,0.38082016753318093,0.004,0.12642784503423288,0.755,0.526284143785465,0.017,0.12927103310486848
4,41500000,1000,0.423,6.401411641192902,20.346,6.06302597718334,0.999,0.03160696125855822,0.943,0.5897041631191016,0.923,0.5630905788592099,0.173,0.37824727361872684,0.001,0.03160696125855822,0.75,0.5361902647381804,0.019,0.13652472303579305
4,41750000,1000,0.135,6.803732431540793,20.613,6.27002639547873,0.997,0.05469003565550127,0.936,0.5881360386849287,0.917,0.565783527508534,0.175,0.3799671038392666,0.001,0.03160696125855822,0.742,0.5361305811087445,0.018,0.13295111883696203
4,42000000,1000,-0.115,6.510896635640901,20.905,6.227678138760866,0.999,0.03160696125855822,0.975,0.6069390414201413,0.958,0.5763991672443672,0.179,0.3833523183704515,0.0,0.0,0.779,0.542364268734584,0.017,0.12927103310486848
4,42250000,1000,0.021,6.500966005141082,20.79,6.147186348240957,0.998,0.044676615807377355,0.985,0.6072684743999148,0.957,0.5524047429195372,0.178,0.38251274488570963,0.004,0.12642784503423288,0.779,0.5216886044375514,0.024,0.15304901175767194
4,42500000,1000,0.244,6.3290176172925925,20.567,6.069720833778107,0.999,0.03160696125855822,0.968,0.6156102663211522,0.945,0.5830737517673044,0.182,0.3858445282753145,0.0,0.0,0.763,0.5374299954412668,0.023,0.14990330216509576
4,42750000,1000,0.41,6.140350152882163,20.422,5.8891354204161415,0.999,0.03160696125855822,0.971,0.610048358738879,0.947,0.5711313334076498,0.182,0.3858445282753145,0.003,0.09482088377567464,0.765,0.5420101475064835,0.021,0.14338409953687334
4,43000000,1000,0.307,6.346554261959792,20.567,6.130376089604944,0.999,0.03160696125855822,0.987,0.6594171668981632,0.961,0.5894734938909467,0.191,0.393089048435593,0.007,0.2212487288099075,0.77,0.5413871073455665,0.019,0.13652472303579305
4,43250000,1000,0.373,6.021949103072858,20.567,5.9366245459857065,1.0,0.0,0.954,0.6098229251184314,0.94,0.5953150426454886,0.184,0.3874841932259947,0.0,0.0,0.756,0.537088447092283,0.014,0.11749042514179613
4,43500000,1000,0.171,6.4232202982616124,20.682,6.182626949768197,0.999,0.03160696125855822,0.978,0.5995965310106455,0.956,0.5745119668031293,0.18,0.3841874542459709,0.0,0.0,0.776,0.523281950768417,0.022,0.14668333238647124
4,43750000,1000,0.434,6.199971290256109,20.419,6.08698932149548,1.0,0.0,0.958,0.572918842420111,0.941,0.549107457607343,0.179,0.3833523183704515,0.0,0.0,0.762,0.5247437469851356,0.017,0.12927103310486848
4,44000000,1000,0.441,6.388624186787011,20.319,5.938959420639276,0.998,0.044676615807377355,0.961,0.5792054903054701,0.946,0.563102122176786,0.185,0.38829756630707846,0.0,0.0,0.761,0.532802965457213,0.015,0.12155245781143217
4,44250000,1000,0.598,5.824121908064768,20.234,5.687463758126288,1.0,0.0,0.931,0.6018629412083785,0.918,0.5790302237362053,0.181,0.38501818138887933,0.0,0.0,0.737,0.5364988350406736,0.013,0.11327400407860579
4,44500000,1000,0.424,6.150790518299254,20.408,6.0298868977784315,1.0,0.0,0.943,0.5997924641073777,0.927,0.5671604711190652,0.172,0.3773804446443933,0.006,0.13402984742213206,0.755,0.5412716508371743,0.01,0.099498743710662
4,44750000,1000,0.34,7.291392185310018,20.345,6.312842069939656,0.993,0.08337265738837883,0.929,0.5932613252184908,0.913,0.5687099436443854,0.183,0.38666652298847903,0.0,0.0,0.73,0.5339475629684998,0.016,0.12547509713086497
4,45000000,1000,0.655,6.077332885402938,20.198,5.857029622598813,0.999,0.03160696125855822,0.927,0.577642623081088,0.912,0.5552080691056281,0.174,0.3791094828674165,0.002,0.06321392251711644,0.738,0.517064792845152,0.013,0.11327400407860579
4,45250000,1000,0.239,6.7372011250963855,20.509,6.10818459118583,0.996,0.063118935352238,0.926,0.5679119650086623,0.914,0.5555213767264047,0.178,0.38251274488570963,0.002,0.06321392251711644,0.736,0.5313228773542505,0.01,0.099498743710662
4,45500000,1000,0.162,6.486428601318294,20.691,6.1706984207624345,0.998,0.044676615807377355,0.976,0.6045031017290151,0.961,0.5826482643928497,0.179,0.3833523183704515,0.0,0.0,0.782,0.537099618320475,0.015,0.12155245781143217
4,45750000,1000,0.328,6.173525410978722,20.567,5.950421077537286,0.999,0.03160696125855822,0.97,0.5823229344616268,0.958,0.5641240998220162,0.183,0.38666652298847903,0.0,0.0,0.775,0.5295044853445531,0.012,0.10888526071052959
4,46000000,1000,0.423,6.944067323982393,20.346,6.191307131777586,0.995,0.07053367989832943,0.93,0.6535288822997802,0.911,0.5559487386441307,0.165,0.3711805490593493,0.012,0.2680596948442641,0.746,0.534307027840735,0.007,0.08337265738837883
4,46250000,1000,0.558,6.149035371503404,20.358,6.068594235900107,1.0,0.0,0.938,0.5967880695858455,0.92,0.5741080037762929,0.173,0.37824727361872684,0.001,0.03160696125855822,0.747,0.5431307393252568,0.017,0.12927103310486848
4,46500000,1000,0.513,6.267521918589515,20.382,5.914733806351728,0.998,0.044676615807377355,0.946,0.5874385074201384,0.931,0.5641267588051465,0.162,0.368450810828257,0.0,0.0,0.769,0.5288090392570838,0.015,0.12155245781143217
4,46750000,1000,0.413,6.3810995134067605,20.44,6.095276859995779,0.999,0.03160696125855822,0.95,0.5757603668193912,0.93,0.5613376880274475,0.161,0.3675309510775929,0.006,0.0772269383052313,0.769,0.540036109903773,0.014,0.11749042514179613
4,47000000,1000,0.432,6.408383259450077,20.463,6.0755765981509935,0.998,0.044676615807377355,0.955,0.5873457244247208,0.942,0.5680105632820572,0.172,0.3773804446443933,0.002,0.06321392251711644,0.77,0.5450688029964658,0.011,0.10430244484191155
4,47250000,1000,0.753,5.9003382106452165,20.163,5.696879057870195,0.999,0.03160696125855822,0.939,0.5790328142687597,0.921,0.5520498165926695,0.171,0.3765089640367145,0.005,0.08351646544245032,0.75,0.5324471804789654,0.013,0.11327400407860579
4,47500000,1000,0.685,6.002813923486218,20.273,5.714584061854371,0.998,0.044676615807377355,0.94,0.6053098380168622,0.92,0.5528109984434101,0.167,0.3729758705332022,0.006,0.1896417675513493,0.753,0.5385081243583981,0.014,0.11749042514179613
4,47750000,1000,0.496,6.2603501499516785,20.441,5.96108371019901,0.998,0.044676615807377355,0.954,0.5638120254127257,0.948,0.550723160943863,0.17,0.37563279941985894,0.0,0.0,0.778,0.5335878559337721,0.006,0.0772269383052313
4,48000000,1000,0.3,6.56140228914521,20.658,6.30135191843782,0.998,0.044676615807377355,0.977,0.5903143230517112,0.965,0.5672521485195098,0.183,0.38666652298847903,0.0,0.0,0.782,0.540810502856592,0.012,0.10888526071052959
4,48250000,1000,0.353,6.277132386687412,20.584,5.980212705247197,0.998,0.044676615807377355,0.959,0.5944064266139794,0.945,0.5656633274307253,0.17,0.37563279941985894,0.002,0.06321392251711644,0.775,0.5351401685539967,0.012,0.10888526071052959
4,48500000,1000,0.658,6.169362689938078,20.258,5.6883596932683504,0.997,0.05469003565550127,0.944,0.595704624793194,0.927,0.5741698355016571,0.172,0.3773804446443933,0.004,0.08935323161475471,0.755,0.5375639496841282,0.013,0.11327400407860579
4,48750000,1000,0.515,5.628834248758796,20.485,5.628834248758796,1.0,0.0,0.969,0.5727468899959213,0.952,0.5382341497898475,0.169,0.3747519179403889,0.0,0.0,0.783,0.527172647241869,0.017,0.12927103310486848
4,49000000,1000,0.428,6.109731254318802,20.509,5.918100962302012,0.999,0.03160696125855822,0.947,0.598490601429964,0.93,0.5666568626602876,0.169,0.3747519179403889,0.002,0.06321392251711644,0.761,0.5365435676624966,0.015,0.12155245781143217
4,49250000,1000,0.518,5.8693846355474095,20.419,5.793223541345526,1.0,0.0,0.943,0.5654652951331319,0.929,0.5495079617257607,0.171,0.3765089640367145,0.0,0.0,0.758,0.5361305811087445,0.014,0.11749042514179613
4,49500000,1000,0.407,5.924301731005942,20.509,5.846530509627056,1.0,0.0,0.944,0.5682112283297471,0.928,0.5521014399546518,0.167,0.3729758705332022,0.0,0.0,0.761,0.532802965457213,0.016,0.12547509713086497
4,49750000,1000,0.106,6.586255688932825,20.81,6.287439860547376,0.998,0.044676615807377355,0.971,0.6034558807402576,0.944,0.555755341854669,0.163,0.3693656724710622,0.006,0.1412940196894405,0.781,0.5263449439293589,0.021,0.14338409953687334
4,50000000,1000,0.3,6.413579343860961,20.637,6.123824866862213,0.998,0.044676615807377355,0.976,0.6240384603532061,0.947,0.5658542215093919,0.183,0.38666652298847903,0.007,0.15795885540228505,0.764,0.5498217893099545,0.022,0.14668333238647124
