schema_version,episode,return,length,termination,metric/score,count/gardener%2Fcollect-one-v0/count,count/gardener%2Fdrain-v0/Drain,count/gardener%2Fdrain-v0/Drain%2F0,count/gardener%2Fdrain-v0/Drain%2F1,count/gardener%2Fdrain-v0/Drain%2F2,count/gardener%2Fdrain-v0/Drain%2F3,count/gardener%2Fno-collect-v0/NoCollect,count/gardener%2Fno-collect-v0/NoCollect%2F0,count/gardener%2Fno-collect-v0/NoCollect%2F1,count/gardener%2Fpermission-aware-v0/Collected,count/gardener%2Fpermission-aware-v0/Collected%2F0,count/gardener%2Fpermission-aware-v0/Collected%2F1,count/gardener%2Fpermission-aware-v0/Permitted,count/gardener%2Fpermission-aware-v0/Permitted%2F0,count/gardener%2Fpermission-aware-v0/Permitted%2F1,count/gardener%2Fpermission-aware-v0/Unpermitted,count/gardener%2Fpermission-aware-v0/Unpermitted%2F0,count/gardener%2Fpermission-aware-v0/Unpermitted%2F1,count/gardener%2Frescue-v2/Rescue,count/gardener%2Frescue-v2/Rescue%2F0,count/gardener%2Frescue-v2/Rescue%2F1
4,0,275.30000000000086,247,terminated,300,0,2,1,1,0,0,1,0,1,1,0,1,1,0,1,0,0,0,1,1,0
4,1,277.7000000000008,223,terminated,300,0,1,0,0,0,1,2,1,1,2,1,1,0,0,0,2,1,1,0,0,0
4,2,281.90000000000055,181,terminated,300,0,3,0,1,0,2,2,1,1,2,1,1,1,0,1,1,1,0,1,1,0
4,3,280.8000000000002,192,terminated,300,1,0,0,0,0,0,0,0,0,0,0,0,0,0,0,0,0,0,0,0,0
4,4,275.7000000000008,243,terminated,300,0,1,1,0,0,0,2,1,1,2,1,1,0,0,0,2,1,1,0,0,0
4,5,277.3000000000007,227,terminated,300,0,0,0,0,0,0,1,1,0,1,1,0,0,0,0,1,1,0,0,0,0
4,6,275.8000000000008,242,terminated,300,0,1,1,0,0,0,1,1,0,1,1,0,0,0,0,1,1,0,0,0,0
4,7,278.0000000000008,220,terminated,300,0,2,2,0,0,0,2,1,1,2,1,1,0,0,0,2,1,1,1,1,0
4,8,288.80000000000047,162,terminated,300,0,2,1,0,0,1,1,0,1,1,0,1,0,0,0,1,0,1,1,1,0
4,9,281.70000000000016,183,terminated,300,0,1,1,0,0,0,2,1,1,2,1,1,0,0,0,2,1,1,1,0,1
4,10,276.3000000000005,237,terminated,300,0,0,0,0,0,0,2,1,1,2,1,1,1,1,0,1,0,1,0,0,0
4,11,276.6000000000008,234,terminated,300,1,0,0,0,0,0,0,0,0,0,0,0,0,0,0,0,0,0,0,0,0
4,12,267.3000000000008,327,terminated,300,0,1,0,0,1,0,1,1,0,1,1,0,0,0,0,1,1,0,1,0,1
4,13,281.8000000000003,182,terminated,300,0,1,0,0,0,1,1,1,0,1,1,0,0,0,0,1,1,0,1,0,1
4,14,281.20000000000016,188,terminated,300,0,2,1,1,0,0,1,0,1,1,0,1,0,0,0,1,0,1,2,2,0
4,15,284.8000000000001,202,terminated,300,1,0,0,0,0,0,0,0,0,0,0,0,0,0,0,0,0,0,0,0,0
4,16,280.6000000000002,244,terminated,300,0,0,0,0,0,0,2,1,1,2,1,1,1,1,0,1,0,1,0,0,0
4,17,277.3000000000007,227,terminated,300,0,1,0,1,0,0,1,1,0,1,1,0,1,1,0,0,0,0,1,0,1
4,18,278.8000000000004,212,terminated,300,0,0,0,0,0,0,2,1,1,2,1,1,0,0,0,2,1,1,0,0,0
4,19,277.1,229,terminated,300,0,0,0,0,0,0,2,1,1,2,1,1,1,1,0,1,0,1,0,0,0
4,20,273.100000000001,269,terminated,300,1,0,0,0,0,0,0,0,0,0,0,0,0,0,0,0,0,0,0,0,0
4,21,281.00000000000045,190,terminated,300,1,2,2,0,0,0,0,0,0,0,0,0,0,0,0,0,0,0,2,1,1
4,22,278.40000000000066,216,terminated,300,0,0,0,0,0,0,2,1,1,2,1,1,1,1,0,1,0,1,0,0,0
4,23,278.30000000000064,267,terminated,300,1,0,0,0,0,0,0,0,0,0,0,0,0,0,0,0,0,0,0,0,0
4,24,277.40000000000083,226,terminated,300,1,0,0,0,0,0,0,0,0,0,0,0,0,0,0,0,0,0,0,0,0
4,25,276.7000000000007,233,terminated,300,0,1,0,0,0,1,1,1,0,1,1,0,0,0,0,1,1,0,0,0,0
4,26,282.10000000000025,179,terminated,300,0,0,0,0,0,0,2,1,1,2,1,1,0,0,0,2,1,1,0,0,0
4,27,285.20000000000005,198,terminated,300,0,0,0,0,0,0,2,1,1,2,1,1,0,0,0,2,1,1,0,0,0
4,28,279.2000000000006,208,terminated,300,0,1,1,0,0,0,2,1,1,2,1,1,0,0,0,2,1,1,1,1,0
4,29,287.10000000000014,179,terminated,300,0,2,1,0,1,0,1,0,1,1,0,1,0,0,0,1,0,1,2,1,1
4,30,280.10000000000065,199,terminated,300,0,0,0,0,0,0,1,0,1,1,0,1,0,0,0,1,0,1,0,0,0
4,31,280.4000000000006,196,terminated,300,0,3,0,2,1,0,2,1,1,2,1,1,2,1,1,0,0,0,1,1,0
4,32,285.2999999999997,197,terminated,300,0,2,2,0,0,0,1,1,0,1,1,0,1,1,0,0,0,0,3,2,1
4,33,278.60000000000065,214,terminated,300,0,0,0,0,0,0,2,1,1,2,1,1,1,0,1,1,1,0,0,0,0
4,34,271.50000000000097,335,terminated,300,1,0,0,0,0,0,0,0,0,0,0,0,0,0,0,0,0,0,0,0,0
4,35,280.10000000000025,249,terminated,300,0,0,0,0,0,0,2,1,1,2,1,1,0,0,0,2,1,1,0,0,0
4,36,283.70000000000005,213,terminated,300,0,1,1,0,0,0,1,0,1,1,0,1,0,0,0,1,0,1,0,0,0
4,37,275.5000000000005,245,terminated,300,0,2,0,1,1,0,2,1,1,2,1,1,2,1,1,0,0,0,1,0,1
4,38,281.8000000000001,182,terminated,300,0,1,1,0,0,0,2,1,1,2,1,1,1,1,0,1,0,1,1,1,0
4,39,277.6000000000005,274,terminated,300,0,2,1,0,1,0,2,1,1,2,1,1,0,0,0,2,1,1,1,0,1
4,40,272.7000000000007,273,terminated,300,0,0,0,0,0,0,1,1,0,1,1,0,1,1,0,0,0,0,0,0,0
4,41,278.8000000000005,262,terminated,300,1,0,0,0,0,0,0,0,0,0,0,0,0,0,0,0,0,0,0,0,0
4,42,278.4000000000006,266,terminated,300,0,0,0,0,0,0,2,1,1,2,1,1,0,0,0,2,1,1,0,0,0
4,43,279.3000000000004,207,terminated,300,1,1,0,0,1,0,0,0,0,0,0,0,0,0,0,0,0,0,1,0,1
4,44,280.5000000000008,245,terminated,300,1,0,0,0,0,0,0,0,0,0,0,0,0,0,0,0,0,0,0,0,0
4,45,281.2000000000008,188,terminated,300,0,4,3,0,0,1,2,1,1,2,1,1,1,1,0,1,0,1,3,1,2
4,46,280.7000000000003,243,terminated,300,0,1,0,0,1,0,1,1,0,1,1,0,1,1,0,0,0,0,0,0,0
4,47,276.4000000000005,236,terminated,300,0,3,0,0,0,3,1,1,0,1,1,0,1,1,0,0,0,0,4,1,3
4,48,282.30000000000064,177,terminated,300,0,2,0,2,0,0,1,1,0,1,1,0,1,1,0,0,0,0,2,0,2
4,49,283.10000000000065,219,terminated,300,1,1,0,0,0,1,0,0,0,0,0,0,0,0,0,0,0,0,2,1,1
4,50,281.0000000000003,190,terminated,300,0,2,2,0,0,0,1,0,1,1,0,1,0,0,0,1,0,1,2,2,0
4,51,280.1000000000002,199,terminated,300,0,1,0,1,0,0,2,1,1,2,1,1,1,0,1,1,1,0,1,1,0
4,52,280.3000000000001,197,terminated,300,0,2,0,1,1,0,1,1,0,1,1,0,0,0,0,1,1,0,1,0,1
4,53,273.5000000000009,265,terminated,300,1,0,0,0,0,0,0,0,0,0,0,0,0,0,0,0,0,0,0,0,0
4,54,271.50000000000114,335,terminated,300,1,0,0,0,0,0,0,0,0,0,0,0,0,0,0,0,0,0,0,0,0
4,55,277.2000000000008,228,terminated,300,0,1,0,1,0,0,1,1,0,1,1,0,0,0,0,1,1,0,0,0,0
4,56,274.9000000000006,251,terminated,300,1,1,1,0,0,0,0,0,0,0,0,0,0,0,0,0,0,0,1,0,1
4,57,279.2000000000009,258,terminated,300,0,0,0,0,0,0,1,1,0,1,1,0,0,0,0,1,1,0,0,0,0
4,58,283.0000000000004,220,terminated,300,0,0,0,0,0,0,2,1,1,2,1,1,0,0,0,2,1,1,0,0,0
4,59,281.8000000000005,182,terminated,300,0,2,0,0,1,1,1,0,1,1,0,1,0,0,0,1,0,1,2,2,0
4,60,280.0000000000006,200,terminated,300,0,2,1,0,0,1,1,0,1,1,0,1,0,0,0,1,0,1,1,0,1
4,61,275.4000000000005,246,terminated,300,1,0,0,0,0,0,0,0,0,0,0,0,0,0,0,0,0,0,0,0,0
4,62,278.8000000000002,212,terminated,300,0,2,0,2,0,0,1,0,1,1,0,1,0,0,0,1,0,1,2,0,2
4,63,275.90000000000066,241,terminated,300,0,0,0,0,0,0,1,0,1,1,0,1,0,0,0,1,0,1,0,0,0
4,64,278.4000000000005,216,terminated,300,1,2,0,0,1,1,0,0,0,0,0,0,0,0,0,0,0,0,2,2,0
4,65,273.00000000000074,270,terminated,300,1,0,0,0,0,0,0,0,0,0,0,0,0,0,0,0,0,0,0,0,0
4,66,281.00000000000057,190,terminated,300,0,2,1,0,1,0,1,1,0,1,1,0,0,0,0,1,1,0,2,1,1
4,67,279.30000000000064,207,terminated,300,0,1,0,1,0,0,1,0,1,1,0,1,0,0,0,1,0,1,1,0,1
4,68,273.70000000000107,263,terminated,300,1,0,0,0,0,0,0,0,0,0,0,0,0,0,0,0,0,0,0,0,0
4,69,274.0000000000004,260,terminated,300,1,1,1,0,0,0,0,0,0,0,0,0,0,0,0,0,0,0,1,1,0
4,70,277.4000000000009,226,terminated,300,1,0,0,0,0,0,0,0,0,0,0,0,0,0,0,0,0,0,0,0,0
4,71,285.90000000000015,191,terminated,300,0,1,1,0,0,0,1,1,0,1,1,0,0,0,0,1,1,0,0,0,0
4,72,286.40000000000055,186,terminated,300,0,1,0,0,1,0,1,1,0,1,1,0,0,0,0,1,1,0,1,0,1
4,73,280.80000000000024,192,terminated,300,0,3,0,1,2,0,2,1,1,2,1,1,0,0,0,2,1,1,1,1,0
4,74,280.1000000000005,199,terminated,300,0,2,0,1,1,0,1,0,1,1,0,1,0,0,0,1,0,1,0,0,0
4,75,285.1000000000004,199,terminated,300,0,1,0,0,0,1,1,0,1,1,0,1,0,0,0,1,0,1,1,1,0
4,76,285.40000000000003,196,terminated,300,1,0,0,0,0,0,0,0,0,0,0,0,0,0,0,0,0,0,0,0,0
4,77,275.900000000001,291,terminated,300,1,0,0,0,0,0,0,0,0,0,0,0,0,0,0,0,0,0,0,0,0
4,78,280.7000000000002,243,terminated,300,0,1,1,0,0,0,1,0,1,1,0,1,1,0,1,0,0,0,0,0,0
4,79,287.10000000000025,179,terminated,300,0,0,0,0,0,0,1,0,1,1,0,1,0,0,0,1,0,1,0,0,0
4,80,281.20000000000067,188,terminated,300,1,0,0,0,0,0,0,0,0,0,0,0,0,0,0,0,0,0,0,0,0
4,81,277.90000000000026,221,terminated,300,0,0,0,0,0,0,1,0,1,1,0,1,0,0,0,1,0,1,0,0,0
4,82,284.40000000000066,206,terminated,300,1,0,0,0,0,0,0,0,0,0,0,0,0,0,0,0,0,0,0,0,0
4,83,280.7000000000005,243,terminated,300,0,2,1,0,0,1,1,0,1,1,0,1,0,0,0,1,0,1,2,1,1
4,84,285.0000000000001,200,terminated,300,0,1,0,1,0,0,1,0,1,1,0,1,0,0,0,1,0,1,1,1,0
4,85,279.7000000000008,203,terminated,300,0,1,0,1,0,0,1,1,0,1,1,0,0,0,0,1,1,0,1,0,1
4,86,279.90000000000066,201,terminated,300,0,2,1,1,0,0,2,1,1,2,1,1,1,0,1,1,1,0,2,1,1
4,87,280.20000000000044,198,terminated,300,0,0,0,0,0,0,1,1,0,1,1,0,0,0,0,1,1,0,0,0,0
4,88,284.7000000000004,203,terminated,300,1,0,0,0,0,0,0,0,0,0,0,0,0,0,0,0,0,0,0,0,0
4,89,274.40000000000094,256,terminated,300,0,5,2,2,0,1,2,1,1,2,1,1,0,0,0,2,1,1,3,3,0
4,90,280.0000000000005,250,terminated,300,0,2,0,0,2,0,2,1,1,2,1,1,1,1,0,1,0,1,1,1,0
4,91,272.8000000000009,272,terminated,300,0,3,2,0,1,0,2,1,1,2,1,1,0,0,0,2,1,1,2,1,1
4,92,284.60000000000065,204,terminated,300,0,0,0,0,0,0,1,1,0,1,1,0,0,0,0,1,1,0,0,0,0
4,93,275.80000000000086,242,terminated,300,0,0,0,0,0,0,2,1,1,2,1,1,1,1,0,1,0,1,0,0,0
4,94,282.0000000000007,230,terminated,300,0,0,0,0,0,0,1,0,1,1,0,1,0,0,0,1,0,1,0,0,0
4,95,284.30000000000035,207,terminated,300,1,0,0,0,0,0,0,0,0,0,0,0,0,0,0,0,0,0,0,0,0
4,96,276.70000000000033,233,terminated,300,0,1,0,1,0,0,2,1,1,2,1,1,0,0,0,2,1,1,0,0,0
4,97,283.10000000000036,219,terminated,300,0,1,0,0,1,0,1,0,1,1,0,1,0,0,0,1,0,1,0,0,0
4,98,284.50000000000057,205,terminated,300,0,3,0,3,0,0,2,1,1,2,1,1,0,0,0,2,1,1,3,1,2
4,99,276.70000000000084,233,terminated,300,0,0,0,0,0,0,1,0,1,1,0,1,1,0,1,0,0,0,0,0,0
4,100,285.2000000000001,198,terminated,300,0,1,0,1,0,0,2,1,1,2,1,1,1,0,1,1,1,0,1,1,0
4,101,279.60000000000076,254,terminated,300,0,1,0,0,1,0,1,1,0,1,1,0,0,0,0,1,1,0,1,1,0
4,102,285.8000000000005,192,terminated,300,0,0,0,0,0,0,1,1,0,1,1,0,0,0,0,1,1,0,0,0,0
4,103,279.20000000000067,208,terminated,300,1,0,0,0,0,0,0,0,0,0,0,0,0,0,0,0,0,0,0,0,0
4,104,282.8000000000003,172,terminated,300,0,3,3,0,0,0,1,1,0,1,1,0,0,0,0,1,1,0,2,0,2
4,105,281.6000000000007,234,terminated,300,0,0,0,0,0,0,1,1,0,1,1,0,1,1,0,0,0,0,0,0,0
4,106,284.4000000000003,206,terminated,300,0,1,0,0,0,1,1,1,0,1,1,0,0,0,0,1,1,0,1,0,1
4,107,276.5000000000005,235,terminated,300,0,2,2,0,0,0,2,1,1,2,1,1,1,0,1,1,1,0,1,0,1
4,108,279.4000000000006,206,terminated,300,0,0,0,0,0,0,1,1,0,1,1,0,0,0,0,1,1,0,0,0,0
4,109,286.8000000000002,182,terminated,300,1,0,0,0,0,0,0,0,0,0,0,0,0,0,0,0,0,0,0,0,0
4,110,280.0000000000004,200,terminated,300,0,2,0,1,1,0,1,1,0,1,1,0,0,0,0,1,1,0,1,1,0
4,111,280.8000000000005,192,terminated,300,0,0,0,0,0,0,1,1,0,1,1,0,0,0,0,1,1,0,0,0,0
4,112,282.70000000000084,223,terminated,300,0,1,0,0,1,0,1,1,0,1,1,0,0,0,0,1,1,0,1,0,1
4,113,283.10000000000053,219,terminated,300,0,4,1,0,1,2,1,1,0,1,1,0,0,0,0,1,1,0,3,1,2
4,114,279.99999999999994,200,terminated,300,0,1,0,0,0,1,2,1,1,2,1,1,0,0,0,2,1,1,0,0,0
4,115,278.30000000000075,217,terminated,300,0,2,0,0,0,2,1,1,0,1,1,0,0,0,0,1,1,0,1,1,0
4,116,269.0000000000009,310,terminated,300,0,1,1,0,0,0,1,0,1,1,0,1,0,0,0,1,0,1,0,0,0
4,117,284.3000000000005,207,terminated,300,0,3,2,1,0,0,1,1,0,1,1,0,1,1,0,0,0,0,3,2,1
4,118,280.7000000000009,243,terminated,300,1,0,0,0,0,0,0,0,0,0,0,0,0,0,0,0,0,0,0,0,0
4,119,272.60000000000065,274,terminated,300,0,0,0,0,0,0,1,0,1,1,0,1,1,0,1,0,0,0,0,0,0
4,120,255.50000000000188,445,terminated,300,1,0,0,0,0,0,0,0,0,0,0,0,0,0,0,0,0,0,0,0,0
4,121,287.0000000000003,180,terminated,300,0,3,1,1,0,1,2,1,1,2,1,1,0,0,0,2,1,1,2,2,0
4,122,280.9000000000007,241,terminated,300,0,1,0,0,0,1,2,1,1,2,1,1,0,0,0,2,1,1,0,0,0
4,123,274.30000000000103,257,terminated,300,0,1,0,0,0,1,1,1,0,1,1,0,0,0,0,1,1,0,1,0,1
4,124,285.5000000000004,195,terminated,300,1,0,0,0,0,0,0,0,0,0,0,0,0,0,0,0,0,0,0,0,0
4,125,277.20000000000044,228,terminated,300,0,1,0,0,1,0,1,1,0,1,1,0,0,0,0,1,1,0,0,0,0
4,126,280.50000000000006,195,terminated,300,1,1,1,0,0,0,0,0,0,0,0,0,0,0,0,0,0,0,1,1,0
4,127,279.70000000000044,203,terminated,300,1,0,0,0,0,0,0,0,0,0,0,0,0,0,0,0,0,0,0,0,0
4,128,284.2000000000006,208,terminated,300,1,0,0,0,0,0,0,0,0,0,0,0,0,0,0,0,0,0,0,0,0
4,129,277.1000000000004,279,terminated,300,0,0,0,0,0,0,2,1,1,2,1,1,0,0,0,2,1,1,0,0,0
4,130,277.5000000000005,225,terminated,300,0,2,0,1,1,0,2,1,1,2,1,1,1,1,0,1,0,1,1,1,0
4,131,275.100000000001,249,terminated,300,0,0,0,0,0,0,1,1,0,1,1,0,0,0,0,1,1,0,0,0,0
4,132,279.0000000000008,210,terminated,300,1,0,0,0,0,0,0,0,0,0,0,0,0,0,0,0,0,0,0,0,0
4,133,279.00000000000045,210,terminated,300,0,2,1,0,1,0,1,0,1,1,0,1,1,0,1,0,0,0,2,2,0
4,134,280.7000000000001,193,terminated,300,0,1,0,1,0,0,2,1,1,2,1,1,0,0,0,2,1,1,0,0,0
4,135,277.1000000000006,229,terminated,300,0,0,0,0,0,0,1,0,1,1,0,1,0,0,0,1,0,1,0,0,0
4,136,283.8000000000004,212,terminated,300,1,0,0,0,0,0,0,0,0,0,0,0,0,0,0,0,0,0,0,0,0
4,137,282.60000000000014,174,terminated,300,0,1,1,0,0,0,2,1,1,2,1,1,0,0,0,2,1,1,1,1,0
4,138,277.5000000000004,225,terminated,300,0,1,0,1,0,0,1,0,1,1,0,1,0,0,0,1,0,1,0,0,0
4,139,286.9000000000002,181,terminated,300,0,4,2,2,0,0,1,1,0,1,1,0,0,0,0,1,1,0,4,2,2
4,140,275.00000000000097,250,terminated,300,0,2,0,0,0,2,1,1,0,1,1,0,1,1,0,0,0,0,1,1,0
4,141,275.0000000000004,250,terminated,300,0,1,1,0,0,0,1,1,0,1,1,0,0,0,0,1,1,0,0,0,0
4,142,285.2000000000001,198,terminated,300,0,1,0,0,1,0,1,0,1,1,0,1,0,0,0,1,0,1,1,1,0
4,143,282.8000000000004,172,terminated,300,0,1,0,0,1,0,1,0,1,1,0,1,0,0,0,1,0,1,0,0,0
4,144,284.10000000000053,209,terminated,300,0,0,0,0,0,0,1,0,1,1,0,1,0,0,0,1,0,1,0,0,0
4,145,282.10000000000053,179,terminated,300,0,2,1,1,0,0,2,1,1,2,1,1,1,1,0,1,0,1,2,2,0
4,146,278.6000000000008,214,terminated,300,0,0,0,0,0,0,1,1,0,1,1,0,0,0,0,1,1,0,0,0,0
4,147,284.5000000000003,205,terminated,300,0,1,0,1,0,0,2,1,1,2,1,1,2,1,1,0,0,0,0,0,0
4,148,270.40000000000026,296,terminated,300,0,2,2,0,0,0,1,1,0,1,1,0,0,0,0,1,1,0,2,0,2
4,149,286.5000000000004,185,terminated,300,0,1,1,0,0,0,1,0,1,1,0,1,0,0,0,1,0,1,1,1,0
4,150,280.3999999999999,196,terminated,300,0,2,1,0,1,0,2,1,1,2,1,1,1,0,1,1,1,0,1,0,1
4,151,277.70000000000056,223,terminated,300,0,0,0,0,0,0,1,1,0,1,1,0,0,0,0,1,1,0,0,0,0
4,152,276.8000000000003,232,terminated,300,1,0,0,0,0,0,0,0,0,0,0,0,0,0,0,0,0,0,0,0,0
4,153,281.0000000000005,240,terminated,300,0,3,1,0,1,1,2,1,1,2,1,1,0,0,0,2,1,1,1,0,1
4,154,275.70000000000056,243,terminated,300,1,0,0,0,0,0,0,0,0,0,0,0,0,0,0,0,0,0,0,0,0
4,155,279.4000000000002,206,terminated,300,0,0,0,0,0,0,1,0,1,1,0,1,0,0,0,1,0,1,0,0,0
4,156,276.2000000000008,238,terminated,300,0,0,0,0,0,0,1,1,0,1,1,0,0,0,0,1,1,0,0,0,0
4,157,280.10000000000036,199,terminated,300,0,0,0,0,0,0,1,1,0,1,1,0,0,0,0,1,1,0,0,0,0
4,158,282.20000000000067,228,terminated,300,0,1,0,0,0,1,2,1,1,2,1,1,2,1,1,0,0,0,0,0,0
4,159,282.0000000000002,230,terminated,300,0,3,0,3,0,0,1,1,0,1,1,0,0,0,0,1,1,0,3,3,0
4,160,277.4000000000004,226,terminated,300,1,0,0,0,0,0,0,0,0,0,0,0,0,0,0,0,0,0,0,0,0
4,161,275.9000000000002,241,terminated,300,0,0,0,0,0,0,1,1,0,1,1,0,0,0,0,1,1,0,0,0,0
4,162,279.80000000000024,252,terminated,300,1,0,0,0,0,0,0,0,0,0,0,0,0,0,0,0,0,0,0,0,0
4,163,276.00000000000017,240,terminated,300,1,0,0,0,0,0,0,0,0,0,0,0,0,0,0,0,0,0,0,0,0
4,164,281.6000000000006,234,terminated,300,0,2,1,0,0,1,2,1,1,2,1,1,0,0,0,2,1,1,0,0,0
4,165,280.9000000000007,241,terminated,300,0,2,2,0,0,0,1,0,1,1,0,1,1,0,1,0,0,0,2,2,0
4,166,276.4000000000007,236,terminated,300,0,0,0,0,0,0,1,0,1,1,0,1,0,0,0,1,0,1,0,0,0
4,167,281.3000000000003,237,terminated,300,0,0,0,0,0,0,2,1,1,2,1,1,0,0,0,2,1,1,0,0,0
4,168,286.10000000000025,189,terminated,300,0,2,0,0,0,2,1,0,1,1,0,1,0,0,0,1,0,1,1,0,1
4,169,286.10000000000053,189,terminated,300,0,0,0,0,0,0,1,0,1,1,0,1,1,0,1,0,0,0,0,0,0
4,170,277.60000000000076,224,terminated,300,0,2,0,0,0,2,1,0,1,1,0,1,0,0,0,1,0,1,2,2,0
4,171,285.1000000000004,199,terminated,300,1,0,0,0,0,0,0,0,0,0,0,0,0,0,0,0,0,0,0,0,0
4,172,284.9000000000008,201,terminated,300,0,1,0,0,1,0,1,1,0,1,1,0,0,0,0,1,1,0,0,0,0
4,173,285.50000000000045,195,terminated,300,1,1,1,0,0,0,0,0,0,0,0,0,0,0,0,0,0,0,1,1,0
4,174,283.50000000000045,215,terminated,300,1,0,0,0,0,0,0,0,0,0,0,0,0,0,0,0,0,0,0,0,0
4,175,279.90000000000043,201,terminated,300,0,0,0,0,0,0,1,0,1,1,0,1,0,0,0,1,0,1,0,0,0
4,176,286.10000000000025,189,terminated,300,1,0,0,0,0,0,0,0,0,0,0,0,0,0,0,0,0,0,0,0,0
4,177,281.9000000000003,181,terminated,300,1,2,0,0,1,1,0,0,0,0,0,0,0,0,0,0,0,0,3,1,2
4,178,280.20000000000067,198,terminated,300,0,0,0,0,0,0,1,1,0,1,1,0,1,1,0,0,0,0,0,0,0
4,179,283.2000000000006,218,terminated,300,1,0,0,0,0,0,0,0,0,0,0,0,0,0,0,0,0,0,0,0,0
4,180,279.30000000000047,207,terminated,300,0,1,0,0,1,0,2,1,1,2,1,1,1,1,0,1,0,1,1,1,0
4,181,278.9000000000004,211,terminated,300,1,2,2,0,0,0,0,0,0,0,0,0,0,0,0,0,0,0,2,2,0
4,182,277.2000000000007,228,terminated,300,1,0,0,0,0,0,0,0,0,0,0,0,0,0,0,0,0,0,0,0,0
4,183,284.1000000000008,209,terminated,300,0,0,0,0,0,0,1,1,0,1,1,0,1,1,0,0,0,0,0,0,0
4,184,285.6000000000001,194,terminated,300,0,1,0,1,0,0,1,0,1,1,0,1,0,0,0,1,0,1,1,0,1
4,185,275.900000000001,241,terminated,300,0,3,0,1,0,2,2,1,1,2,1,1,2,1,1,0,0,0,1,0,1
4,186,281.9000000000003,231,terminated,300,0,1,0,1,0,0,2,1,1,2,1,1,0,0,0,2,1,1,1,1,0
4,187,287.5000000000001,175,terminated,300,0,0,0,0,0,0,2,1,1,2,1,1,0,0,0,2,1,1,0,0,0
4,188,280.10000000000076,199,terminated,300,0,0,0,0,0,0,1,1,0,1,1,0,1,1,0,0,0,0,0,0,0
4,189,277.90000000000055,221,terminated,300,1,0,0,0,0,0,0,0,0,0,0,0,0,0,0,0,0,0,0,0,0
4,190,287.20000000000056,178,terminated,300,0,2,0,1,0,1,2,1,1,2,1,1,1,1,0,1,0,1,0,0,0
4,191,277.0000000000004,230,terminated,300,0,1,1,0,0,0,1,1,0,1,1,0,0,0,0,1,1,0,1,1,0
4,192,276.3000000000004,237,terminated,300,1,1,1,0,0,0,0,0,0,0,0,0,0,0,0,0,0,0,1,1,0
4,193,284.5000000000005,205,terminated,300,0,0,0,0,0,0,2,1,1,2,1,1,2,1,1,0,0,0,0,0,0
4,194,282.30000000000047,177,terminated,300,0,0,0,0,0,0,1,0,1,1,0,1,0,0,0,1,0,1,0,0,0
4,195,279.5000000000005,205,terminated,300,0,0,0,0,0,0,2,1,1,2,1,1,1,0,1,1,1,0,0,0,0
4,196,278.4000000000004,216,terminated,300,0,2,1,0,1,0,1,1,0,1,1,0,0,0,0,1,1,0,2,1,1
4,197,277.7000000000004,223,terminated,300,0,1,1,0,0,0,2,1,1,2,1,1,0,0,0,2,1,1,0,0,0
4,198,281.90000000000015,181,terminated,300,0,2,2,0,0,0,1,0,1,1,0,1,0,0,0,1,0,1,2,2,0
4,199,281.0000000000002,190,terminated,300,1,0,0,0,0,0,0,0,0,0,0,0,0,0,0,0,0,0,0,0,0
4,200,275.90000000000055,291,terminated,300,0,0,0,0,0,0,1,0,1,1,0,1,0,0,0,1,0,1,0,0,0
4,201,286.8000000000002,182,terminated,300,0,2,1,0,0,1,1,0,1,1,0,1,0,0,0,1,0,1,1,0,1
4,202,280.7000000000002,243,terminated,300,0,5,4,0,0,1,1,0,1,1,0,1,0,0,0,1,0,1,6,5,1
4,203,288.6000000000002,164,terminated,300,1,2,0,0,2,0,0,0,0,0,0,0,0,0,0,0,0,0,2,2,0
4,204,281.20000000000016,188,terminated,300,0,2,0,0,0,2,2,1,1,2,1,1,0,0,0,2,1,1,0,0,0
4,205,278.7000000000005,213,terminated,300,0,1,1,0,0,0,1,1,0,1,1,0,0,0,0,1,1,0,0,0,0
4,206,282.0000000000004,230,terminated,300,0,1,0,0,1,0,2,1,1,2,1,1,1,0,1,1,1,0,0,0,0
4,207,285.5000000000007,195,terminated,300,1,0,0,0,0,0,0,0,0,0,0,0,0,0,0,0,0,0,0,0,0
4,208,282.0000000000005,230,terminated,300,1,0,0,0,0,0,0,0,0,0,0,0,0,0,0,0,0,0,0,0,0
4,209,281.7000000000006,183,terminated,300,1,0,0,0,0,0,0,0,0,0,0,0,0,0,0,0,0,0,0,0,0
4,210,285.60000000000014,194,terminated,300,0,0,0,0,0,0,2,1,1,2,1,1,0,0,0,2,1,1,0,0,0
4,211,287.90000000000026,171,terminated,300,0,1,1,0,0,0,2,1,1,2,1,1,2,1,1,0,0,0,1,0,1
4,212,276.9000000000007,231,terminated,300,1,2,0,0,2,0,0,0,0,0,0,0,0,0,0,0,0,0,2,2,0
4,213,277.2000000000009,278,terminated,300,0,1,0,1,0,0,1,0,1,1,0,1,0,0,0,1,0,1,1,1,0
4,214,285.30000000000064,197,terminated,300,0,0,0,0,0,0,1,0,1,1,0,1,0,0,0,1,0,1,0,0,0
4,215,278.10000000000036,219,terminated,300,0,1,1,0,0,0,1,0,1,1,0,1,0,0,0,1,0,1,0,0,0
4,216,277.20000000000016,278,terminated,300,0,0,0,0,0,0,1,1,0,1,1,0,0,0,0,1,1,0,0,0,0
4,217,283.30000000000007,217,terminated,300,0,0,0,0,0,0,1,0,1,1,0,1,0,0,0,1,0,1,0,0,0
4,218,275.9000000000008,241,terminated,300,1,0,0,0,0,0,0,0,0,0,0,0,0,0,0,0,0,0,0,0,0
4,219,282.90000000000055,171,terminated,300,1,2,2,0,0,0,0,0,0,0,0,0,0,0,0,0,0,0,3,1,2
4,220,276.3000000000006,237,terminated,300,0,1,0,0,1,0,1,1,0,1,1,0,0,0,0,1,1,0,0,0,0
4,221,282.5000000000002,225,terminated,300,0,1,0,0,0,1,1,1,0,1,1,0,0,0,0,1,1,0,1,1,0
4,222,282.50000000000045,225,terminated,300,0,0,0,0,0,0,1,1,0,1,1,0,0,0,0,1,1,0,0,0,0
4,223,279.00000000000057,260,terminated,300,0,0,0,0,0,0,1,1,0,1,1,0,0,0,0,1,1,0,0,0,0
4,224,278.7000000000008,213,terminated,300,0,0,0,0,0,0,2,1,1,2,1,1,0,0,0,2,1,1,0,0,0
4,225,279.3999999999999,206,terminated,300,0,2,1,1,0,0,2,1,1,2,1,1,1,1,0,1,0,1,0,0,0
4,226,280.40000000000066,196,terminated,300,0,1,0,0,0,1,1,1,0,1,1,0,1,1,0,0,0,0,1,1,0
4,227,273.3000000000009,267,terminated,300,1,0,0,0,0,0,0,0,0,0,0,0,0,0,0,0,0,0,0,0,0
4,228,274.00000000000136,310,terminated,300,0,2,2,0,0,0,1,1,0,1,1,0,0,0,0,1,1,0,2,1,1
4,229,286.2000000000003,188,terminated,300,0,0,0,0,0,0,2,1,1,2,1,1,1,0,1,1,1,0,0,0,0
4,230,284.00000000000074,210,terminated,300,0,3,0,1,2,0,2,1,1,2,1,1,0,0,0,2,1,1,1,0,1
4,231,284.2999999999998,207,terminated,300,1,1,0,0,0,1,0,0,0,0,0,0,0,0,0,0,0,0,1,0,1
4,232,285.40000000000055,196,terminated,300,0,3,2,1,0,0,1,1,0,1,1,0,0,0,0,1,1,0,3,0,3
4,233,282.0000000000005,230,terminated,300,1,0,0,0,0,0,0,0,0,0,0,0,0,0,0,0,0,0,0,0,0
4,234,285.8000000000004,192,terminated,300,0,2,0,2,0,0,2,1,1,2,1,1,0,0,0,2,1,1,1,0,1
4,235,285.50000000000017,195,terminated,300,0,0,0,0,0,0,1,0,1,1,0,1,0,0,0,1,0,1,0,0,0
4,236,279.80000000000064,202,terminated,300,0,0,0,0,0,0,1,0,1,1,0,1,1,0,1,0,0,0,0,0,0
4,237,282.9000000000001,171,terminated,300,0,1,0,0,1,0,2,1,1,2,1,1,0,0,0,2,1,1,0,0,0
4,238,278.8000000000009,262,terminated,300,1,1,1,0,0,0,0,0,0,0,0,0,0,0,0,0,0,0,1,1,0
4,239,279.80000000000064,202,terminated,300,0,1,0,0,0,1,1,0,1,1,0,1,0,0,0,1,0,1,1,0,1
4,240,276.7000000000005,233,terminated,300,1,1,1,0,0,0,0,0,0,0,0,0,0,0,0,0,0,0,1,1,0
4,241,279.30000000000086,257,terminated,300,1,2,0,0,1,1,0,0,0,0,0,0,0,0,0,0,0,0,2,1,1
4,242,280.6999999999999,193,terminated,300,0,0,0,0,0,0,1,1,0,1,1,0,0,0,0,1,1,0,0,0,0
4,243,276.00000000000125,290,terminated,300,0,0,0,0,0,0,2,1,1,2,1,1,1,0,1,1,1,0,0,0,0
4,244,269.1000000000008,309,terminated,300,0,0,0,0,0,0,1,0,1,1,0,1,1,0,1,0,0,0,0,0,0
4,245,284.70000000000033,203,terminated,300,0,2,1,1,0,0,2,1,1,2,1,1,0,0,0,2,1,1,1,1,0
4,246,277.20000000000033,228,terminated,300,1,0,0,0,0,0,0,0,0,0,0,0,0,0,0,0,0,0,0,0,0
4,247,285.80000000000024,192,terminated,300,0,0,0,0,0,0,1,0,1,1,0,1,0,0,0,1,0,1,0,0,0
4,248,285.5000000000003,195,terminated,300,0,5,1,1,0,3,2,1,1,2,1,1,1,1,0,1,0,1,3,3,0
4,249,281.6000000000006,234,terminated,300,0,1,1,0,0,0,1,1,0,1,1,0,0,0,0,1,1,0,0,0,0
4,250,287.1000000000003,179,terminated,300,0,1,1,0,0,0,2,1,1,2,1,1,1,1,0,1,0,1,1,1,0
4,251,276.6000000000008,234,terminated,300,0,0,0,0,0,0,2,1,1,2,1,1,0,0,0,2,1,1,0,0,0
4,252,274.60000000000036,254,terminated,300,1,0,0,0,0,0,0,0,0,0,0,0,0,0,0,0,0,0,0,0,0
4,253,276.50000000000057,235,terminated,300,0,0,0,0,0,0,2,1,1,2,1,1,2,1,1,0,0,0,0,0,0
4,254,276.6000000000006,234,terminated,300,0,2,0,0,0,2,1,1,0,1,1,0,0,0,0,1,1,0,1,1,0
4,255,282.2000000000005,178,terminated,300,1,0,0,0,0,0,0,0,0,0,0,0,0,0,0,0,0,0,0,0,0
4,256,281.1000000000006,239,terminated,300,0,1,0,1,0,0,1,1,0,1,1,0,1,1,0,0,0,0,1,0,1
4,257,283.00000000000074,220,terminated,300,1,1,0,1,0,0,0,0,0,0,0,0,0,0,0,0,0,0,2,1,1
4,258,281.30000000000047,187,terminated,300,0,3,0,2,0,1,2,1,1,2,1,1,0,0,0,2,1,1,1,0,1
4,259,284.5000000000004,205,terminated,300,0,0,0,0,0,0,1,1,0,1,1,0,1,1,0,0,0,0,0,0,0
4,260,270.80000000000115,292,terminated,300,0,1,0,0,1,0,2,1,1,2,1,1,0,0,0,2,1,1,0,0,0
4,261,283.10000000000053,219,terminated,300,0,0,0,0,0,0,1,0,1,1,0,1,0,0,0,1,0,1,0,0,0
4,262,277.2000000000004,228,terminated,300,1,1,0,1,0,0,0,0,0,0,0,0,0,0,0,0,0,0,1,0,1
4,263,274.50000000000074,255,terminated,300,1,0,0,0,0,0,0,0,0,0,0,0,0,0,0,0,0,0,0,0,0
4,264,274.10000000000036,259,terminated,300,0,1,0,0,1,0,1,1,0,1,1,0,0,0,0,1,1,0,0,0,0
4,265,280.30000000000075,197,terminated,300,0,0,0,0,0,0,2,1,1,2,1,1,0,0,0,2,1,1,0,0,0
4,266,280.3000000000008,197,terminated,300,0,0,0,0,0,0,1,0,1,1,0,1,0,0,0,1,0,1,0,0,0
4,267,284.60000000000036,204,terminated,300,1,0,0,0,0,0,0,0,0,0,0,0,0,0,0,0,0,0,0,0,0
4,268,278.7000000000004,213,terminated,300,0,1,0,0,0,1,2,1,1,2,1,1,0,0,0,2,1,1,0,0,0
4,269,281.50000000000097,235,terminated,300,1,0,0,0,0,0,0,0,0,0,0,0,0,0,0,0,0,0,0,0,0
4,270,287.10000000000053,179,terminated,300,1,1,1,0,0,0,0,0,0,0,0,0,0,0,0,0,0,0,1,0,1
4,271,279.5000000000004,205,terminated,300,1,2,1,0,1,0,0,0,0,0,0,0,0,0,0,0,0,0,2,0,2
4,272,278.70000000000044,213,terminated,300,0,0,0,0,0,0,2,1,1,2,1,1,1,1,0,1,0,1,0,0,0
4,273,274.2000000000009,258,terminated,300,0,1,0,0,0,1,1,0,1,1,0,1,0,0,0,1,0,1,0,0,0
4,274,281.0000000000004,240,terminated,300,1,0,0,0,0,0,0,0,0,0,0,0,0,0,0,0,0,0,0,0,0
4,275,286.4000000000006,186,terminated,300,0,2,0,1,1,0,2,1,1,2,1,1,0,0,0,2,1,1,0,0,0
4,276,280.6000000000003,194,terminated,300,0,2,1,0,0,1,2,1,1,2,1,1,1,0,1,1,1,0,1,1,0
4,277,274.50000000000057,255,terminated,300,0,0,0,0,0,0,1,1,0,1,1,0,0,0,0,1,1,0,0,0,0
4,278,280.50000000000085,245,terminated,300,0,0,0,0,0,0,1,1,0,1,1,0,0,0,0,1,1,0,0,0,0
4,279,283.50000000000034,215,terminated,300,0,3,0,1,2,0,1,0,1,1,0,1,0,0,0,1,0,1,2,2,0
4,280,278.5000000000005,215,terminated,300,1,3,0,2,1,0,0,0,0,0,0,0,0,0,0,0,0,0,3,1,2
4,281,282.40000000000043,176,terminated,300,0,1,0,1,0,0,1,1,0,1,1,0,0,0,0,1,1,0,1,1,0
4,282,276.00000000000097,240,terminated,300,0,0,0,0,0,0,1,1,0,1,1,0,0,0,0,1,1,0,0,0,0
4,283,283.2000000000008,218,terminated,300,1,1,0,0,1,0,0,0,0,0,0,0,0,0,0,0,0,0,1,0,1
4,284,275.400000000001,296,terminated,300,0,0,0,0,0,0,2,1,1,2,1,1,0,0,0,2,1,1,0,0,0
4,285,282.10000000000036,229,terminated,300,0,0,0,0,0,0,1,1,0,1,1,0,1,1,0,0,0,0,0,0,0
4,286,280.2000000000007,248,terminated,300,0,0,0,0,0,0,1,0,1,1,0,1,0,0,0,1,0,1,0,0,0
4,287,276.5000000000004,235,terminated,300,0,1,0,1,0,0,1,1,0,1,1,0,0,0,0,1,1,0,1,1,0
4,288,276.0000000000004,240,terminated,300,0,1,1,0,0,0,1,0,1,1,0,1,0,0,0,1,0,1,0,0,0
4,289,279.00000000000057,210,terminated,300,0,2,0,1,1,0,1,0,1,1,0,1,1,0,1,0,0,0,1,1,0
4,290,283.1000000000003,219,terminated,300,0,1,1,0,0,0,1,0,1,1,0,1,0,0,0,1,0,1,0,0,0
4,291,280.4000000000006,196,terminated,300,1,0,0,0,0,0,0,0,0,0,0,0,0,0,0,0,0,0,0,0,0
4,292,284.20000000000056,208,terminated,300,1,2,2,0,0,0,0,0,0,0,0,0,0,0,0,0,0,0,2,2,0
4,293,281.80000000000047,232,terminated,300,1,0,0,0,0,0,0,0,0,0,0,0,0,0,0,0,0,0,0,0,0
4,294,284.3000000000003,207,terminated,300,0,1,1,0,0,0,2,1,1,2,1,1,0,0,0,2,1,1,0,0,0
4,295,279.0000000000003,210,terminated,300,0,2,0,1,0,1,2,1,1,2,1,1,2,1,1,0,0,0,0,0,0
4,296,281.3000000000003,237,terminated,300,0,1,0,0,0,1,1,1,0,1,1,0,0,0,0,1,1,0,0,0,0
4,297,276.50000000000085,235,terminated,300,0,1,0,1,0,0,1,0,1,1,0,1,0,0,0,1,0,1,1,0,1
4,298,275.5000000000003,245,terminated,300,0,0,0,0,0,0,1,0,1,1,0,1,0,0,0,1,0,1,0,0,0
4,299,270.8000000000012,292,terminated,300,0,2,2,0,0,0,2,1,1,2,1,1,1,0,1,1,1,0,1,1,0
4,300,279.40000000000043,206,terminated,300,1,0,0,0,0,0,0,0,0,0,0,0,0,0,0,0,0,0,0,0,0
4,301,284.80000000000064,202,terminated,300,1,0,0,0,0,0,0,0,0,0,0,0,0,0,0,0,0,0,0,0,0
4,302,274.9000000000005,251,terminated,300,0,3,2,0,1,0,2,1,1,2,1,1,1,0,1,1,1,0,1,1,0
4,303,285.10000000000065,199,terminated,300,0,1,0,0,1,0,1,0,1,1,0,1,1,0,1,0,0,0,0,0,0
4,304,277.20000000000033,228,terminated,300,0,0,0,0,0,0,2,1,1,2,1,1,0,0,0,2,1,1,0,0,0
4,305,277.3000000000003,227,terminated,300,0,0,0,0,0,0,1,1,0,1,1,0,1,1,0,0,0,0,0,0,0
4,306,276.1000000000005,239,terminated,300,1,1,0,1,0,0,0,0,0,0,0,0,0,0,0,0,0,0,1,0,1
4,307,283.1000000000007,219,terminated,300,0,2,1,0,0,1,2,1,1,2,1,1,1,0,1,1,1,0,0,0,0
4,308,278.5000000000007,215,terminated,300,1,4,1,1,0,2,0,0,0,0,0,0,0,0,0,0,0,0,4,2,2
4,309,285.90000000000043,191,terminated,300,0,1,1,0,0,0,1,1,0,1,1,0,0,0,0,1,1,0,0,0,0
4,310,276.7000000000008,233,terminated,300,0,0,0,0,0,0,2,1,1,2,1,1,1,0,1,1,1,0,0,0,0
4,311,286.40000000000026,186,terminated,300,0,1,0,0,1,0,1,1,0,1,1,0,0,0,0,1,1,0,1,0,1
4,312,274.8000000000006,252,terminated,300,1,4,3,0,0,1,0,0,0,0,0,0,0,0,0,0,0,0,4,4,0
4,313,283.0000000000001,220,terminated,300,0,0,0,0,0,0,1,1,0,1,1,0,0,0,0,1,1,0,0,0,0
4,314,275.7000000000008,243,terminated,300,0,0,0,0,0,0,2,1,1,2,1,1,0,0,0,2,1,1,0,0,0
4,315,273.500000000001,315,terminated,300,0,0,0,0,0,0,1,1,0,1,1,0,0,0,0,1,1,0,0,0,0
4,316,282.7000000000004,223,terminated,300,0,5,0,5,0,0,1,0,1,1,0,1,1,0,1,0,0,0,5,4,1
4,317,280.9000000000007,191,terminated,300,0,1,0,0,0,1,1,0,1,1,0,1,0,0,0,1,0,1,0,0,0
4,318,274.5000000000008,255,terminated,300,0,1,1,0,0,0,1,0,1,1,0,1,1,0,1,0,0,0,0,0,0
4,319,279.60000000000053,254,terminated,300,0,1,0,0,1,0,1,0,1,1,0,1,0,0,0,1,0,1,1,1,0
4,320,280.4000000000005,196,terminated,300,0,1,0,0,0,1,1,1,0,1,1,0,0,0,0,1,1,0,1,0,1
4,321,284.80000000000024,202,terminated,300,0,1,0,0,0,1,1,0,1,1,0,1,0,0,0,1,0,1,0,0,0
4,322,271.50000000000085,285,terminated,300,0,1,1,0,0,0,1,0,1,1,0,1,0,0,0,1,0,1,1,1,0
4,323,278.9000000000004,261,terminated,300,0,1,1,0,0,0,1,0,1,1,0,1,0,0,0,1,0,1,0,0,0
4,324,281.0000000000007,240,terminated,300,1,0,0,0,0,0,0,0,0,0,0,0,0,0,0,0,0,0,0,0,0
4,325,274.8000000000008,252,terminated,300,0,1,0,0,0,1,1,1,0,1,1,0,0,0,0,1,1,0,0,0,0
4,326,278.9000000000006,211,terminated,300,0,2,0,0,2,0,2,1,1,2,1,1,0,0,0,2,1,1,1,0,1
4,327,283.0000000000002,170,terminated,300,0,3,2,1,0,0,2,1,1,2,1,1,1,1,0,1,0,1,3,0,3
4,328,273.7000000000009,263,terminated,300,0,1,1,0,0,0,1,0,1,1,0,1,0,0,0,1,0,1,0,0,0
4,329,281.20000000000033,188,terminated,300,0,1,0,0,1,0,2,1,1,2,1,1,1,0,1,1,1,0,1,0,1
4,330,276.8000000000006,232,terminated,300,0,1,0,0,0,1,1,1,0,1,1,0,0,0,0,1,1,0,0,0,0
4,331,279.00000000000057,210,terminated,300,1,0,0,0,0,0,0,0,0,0,0,0,0,0,0,0,0,0,0,0,0
4,332,277.3000000000008,227,terminated,300,1,0,0,0,0,0,0,0,0,0,0,0,0,0,0,0,0,0,0,0,0
4,333,288.70000000000044,163,terminated,300,1,2,0,0,2,0,0,0,0,0,0,0,0,0,0,0,0,0,2,1,1
4,334,280.50000000000045,195,terminated,300,1,0,0,0,0,0,0,0,0,0,0,0,0,0,0,0,0,0,0,0,0
4,335,284.6000000000006,204,terminated,300,0,1,0,0,0,1,1,0,1,1,0,1,0,0,0,1,0,1,0,0,0
4,336,280.80000000000047,242,terminated,300,0,3,1,2,0,0,1,1,0,1,1,0,0,0,0,1,1,0,2,0,2
4,337,270.700000000001,293,terminated,300,0,0,0,0,0,0,2,1,1,2,1,1,0,0,0,2,1,1,0,0,0
4,338,278.60000000000036,264,terminated,300,0,1,1,0,0,0,2,1,1,2,1,1,1,1,0,1,0,1,1,1,0
4,339,275.60000000000025,244,terminated,300,0,1,1,0,0,0,1,1,0,1,1,0,1,1,0,0,0,0,1,1,0
4,340,284.90000000000026,201,terminated,300,1,0,0,0,0,0,0,0,0,0,0,0,0,0,0,0,0,0,0,0,0
4,341,280.3,197,terminated,300,0,0,0,0,0,0,2,1,1,2,1,1,1,0,1,1,1,0,0,0,0
4,342,272.3000000000009,277,terminated,300,1,0,0,0,0,0,0,0,0,0,0,0,0,0,0,0,0,0,0,0,0
4,343,282.0000000000005,180,terminated,300,1,2,1,0,0,1,0,0,0,0,0,0,0,0,0,0,0,0,2,0,2
4,344,283.20000000000067,218,terminated,300,0,2,0,1,0,1,2,1,1,2,1,1,0,0,0,2,1,1,0,0,0
4,345,276.30000000000047,237,terminated,300,0,1,0,0,1,0,2,1,1,2,1,1,1,0,1,1,1,0,1,0,1
4,346,274.20000000000016,258,terminated,300,0,1,0,0,1,0,2,1,1,2,1,1,0,0,0,2,1,1,0,0,0
4,347,278.1000000000004,219,terminated,300,1,0,0,0,0,0,0,0,0,0,0,0,0,0,0,0,0,0,0,0,0
4,348,283.1000000000006,219,terminated,300,0,2,1,0,0,1,1,0,1,1,0,1,0,0,0,1,0,1,1,1,0
4,349,276.2000000000008,238,terminated,300,1,1,0,0,1,0,0,0,0,0,0,0,0,0,0,0,0,0,1,0,1
4,350,282.2000000000003,178,terminated,300,0,1,0,0,1,0,1,0,1,1,0,1,0,0,0,1,0,1,0,0,0
4,351,279.9000000000007,201,terminated,300,0,1,0,0,0,1,2,1,1,2,1,1,2,1,1,0,0,0,1,0,1
4,352,276.40000000000094,236,terminated,300,0,0,0,0,0,0,1,1,0,1,1,0,0,0,0,1,1,0,0,0,0
4,353,280.00000000000045,200,terminated,300,1,0,0,0,0,0,0,0,0,0,0,0,0,0,0,0,0,0,0,0,0
4,354,282.70000000000044,223,terminated,300,1,0,0,0,0,0,0,0,0,0,0,0,0,0,0,0,0,0,0,0,0
4,355,281.3000000000005,237,terminated,300,0,3,0,2,0,1,2,1,1,2,1,1,0,0,0,2,1,1,1,1,0
4,356,282.10000000000036,229,terminated,300,0,1,1,0,0,0,2,1,1,2,1,1,0,0,0,2,1,1,0,0,0
4,357,277.30000000000064,277,terminated,300,1,0,0,0,0,0,0,0,0,0,0,0,0,0,0,0,0,0,0,0,0
4,358,276.50000000000034,235,terminated,300,1,0,0,0,0,0,0,0,0,0,0,0,0,0,0,0,0,0,0,0,0
4,359,278.5000000000007,215,terminated,300,0,0,0,0,0,0,1,0,1,1,0,1,1,0,1,0,0,0,0,0,0
4,360,278.70000000000056,213,terminated,300,0,1,1,0,0,0,2,1,1,2,1,1,1,1,0,1,0,1,1,0,1
4,361,275.9000000000007,241,terminated,300,0,0,0,0,0,0,2,1,1,2,1,1,1,0,1,1,1,0,0,0,0
4,362,276.20000000000056,238,terminated,300,0,0,0,0,0,0,2,1,1,2,1,1,0,0,0,2,1,1,0,0,0
4,363,283.6000000000003,214,terminated,300,0,2,2,0,0,0,1,0,1,1,0,1,1,0,1,0,0,0,2,1,1
4,364,279.40000000000066,206,terminated,300,0,1,0,0,1,0,2,1,1,2,1,1,1,0,1,1,1,0,0,0,0
4,365,280.80000000000075,242,terminated,300,0,1,0,0,1,0,1,1,0,1,1,0,0,0,0,1,1,0,1,0,1
4,366,279.7000000000003,203,terminated,300,0,3,0,1,0,2,2,1,1,2,1,1,0,0,0,2,1,1,2,1,1
4,367,280.30000000000024,197,terminated,300,0,2,1,1,0,0,2,1,1,2,1,1,0,0,0,2,1,1,2,2,0
4,368,278.80000000000035,212,terminated,300,0,1,0,0,0,1,1,0,1,1,0,1,0,0,0,1,0,1,0,0,0
4,369,279.9000000000006,201,terminated,300,0,1,0,0,1,0,2,1,1,2,1,1,0,0,0,2,1,1,0,0,0
4,370,279.8000000000004,252,terminated,300,0,1,1,0,0,0,1,0,1,1,0,1,0,0,0,1,0,1,0,0,0
4,371,278.1000000000007,219,terminated,300,1,0,0,0,0,0,0,0,0,0,0,0,0,0,0,0,0,0,0,0,0
4,372,279.10000000000036,259,terminated,300,0,4,2,1,0,1,1,0,1,1,0,1,0,0,0,1,0,1,3,3,0
4,373,275.60000000000076,244,terminated,300,0,1,0,1,0,0,1,1,0,1,1,0,0,0,0,1,1,0,0,0,0
4,374,279.6000000000004,254,terminated,300,1,0,0,0,0,0,0,0,0,0,0,0,0,0,0,0,0,0,0,0,0
4,375,276.50000000000045,235,terminated,300,0,3,0,1,2,0,2,1,1,2,1,1,0,0,0,2,1,1,2,0,2
4,376,276.7000000000007,283,terminated,300,0,4,1,2,0,1,1,1,0,1,1,0,1,1,0,0,0,0,5,4,1
4,377,283.0000000000005,220,terminated,300,0,0,0,0,0,0,2,1,1,2,1,1,1,1,0,1,0,1,0,0,0
4,378,285.30000000000035,197,terminated,300,0,4,2,0,0,2,1,0,1,1,0,1,0,0,0,1,0,1,3,3,0
4,379,284.4000000000004,206,terminated,300,0,5,0,1,0,4,1,1,0,1,1,0,1,1,0,0,0,0,5,0,5
4,380,280.9000000000006,191,terminated,300,0,1,1,0,0,0,2,1,1,2,1,1,0,0,0,2,1,1,2,1,1
4,381,281.6000000000001,234,terminated,300,0,0,0,0,0,0,1,1,0,1,1,0,0,0,0,1,1,0,0,0,0
4,382,270.5000000000007,295,terminated,300,0,1,0,0,1,0,1,1,0,1,1,0,0,0,0,1,1,0,1,0,1
4,383,277.99999999999983,220,terminated,300,0,1,0,1,0,0,1,1,0,1,1,0,0,0,0,1,1,0,1,1,0
4,384,277.10000000000053,279,terminated,300,0,0,0,0,0,0,1,1,0,1,1,0,0,0,0,1,1,0,0,0,0
4,385,269.40000000000043,306,terminated,300,0,0,0,0,0,0,1,1,0,1,1,0,0,0,0,1,1,0,0,0,0
4,386,281.50000000000057,235,terminated,300,1,0,0,0,0,0,0,0,0,0,0,0,0,0,0,0,0,0,0,0,0
4,387,282.00000000000057,230,terminated,300,1,0,0,0,0,0,0,0,0,0,0,0,0,0,0,0,0,0,0,0,0
4,388,280.5000000000007,195,terminated,300,0,0,0,0,0,0,1,1,0,1,1,0,1,1,0,0,0,0,0,0,0
4,389,280.4000000000003,196,terminated,300,0,2,0,1,0,1,1,1,0,1,1,0,0,0,0,1,1,0,2,0,2
4,390,282.6000000000004,224,terminated,300,0,0,0,0,0,0,1,1,0,1,1,0,0,0,0,1,1,0,0,0,0
4,391,278.20000000000016,218,terminated,300,1,0,0,0,0,0,0,0,0,0,0,0,0,0,0,0,0,0,0,0,0
4,392,282.6000000000006,224,terminated,300,1,0,0,0,0,0,0,0,0,0,0,0,0,0,0,0,0,0,0,0,0
4,393,282.30000000000047,227,terminated,300,0,1,0,0,1,0,1,0,1,1,0,1,1,0,1,0,0,0,1,0,1
4,394,279.2000000000007,208,terminated,300,0,0,0,0,0,0,2,1,1,2,1,1,0,0,0,2,1,1,0,0,0
4,395,272.50000000000057,275,terminated,300,0,0,0,0,0,0,1,0,1,1,0,1,1,0,1,0,0,0,0,0,0
4,396,281.40000000000043,186,terminated,300,0,3,3,0,0,0,2,1,1,2,1,1,1,0,1,1,1,0,2,0,2
4,397,274.6000000000005,304,terminated,300,1,0,0,0,0,0,0,0,0,0,0,0,0,0,0,0,0,0,0,0,0
4,398,286.7000000000003,183,terminated,300,1,2,0,0,2,0,0,0,0,0,0,0,0,0,0,0,0,0,2,0,2
4,399,274.50000000000074,255,terminated,300,0,1,1,0,0,0,1,0,1,1,0,1,0,0,0,1,0,1,0,0,0
4,400,277.300000000001,227,terminated,300,0,1,1,0,0,0,1,0,1,1,0,1,0,0,0,1,0,1,1,0,1
4,401,279.80000000000064,202,terminated,300,1,4,0,2,2,0,0,0,0,0,0,0,0,0,0,0,0,0,5,2,3
4,402,284.5000000000007,205,terminated,300,0,2,2,0,0,0,1,0,1,1,0,1,0,0,0,1,0,1,1,1,0
4,403,275.9000000000004,241,terminated,300,0,0,0,0,0,0,1,1,0,1,1,0,0,0,0,1,1,0,0,0,0
4,404,282.10000000000036,179,terminated,300,0,1,0,0,1,0,1,1,0,1,1,0,0,0,0,1,1,0,0,0,0
4,405,274.60000000000093,254,terminated,300,0,1,0,0,0,1,2,1,1,2,1,1,1,0,1,1,1,0,0,0,0
4,406,286.0000000000006,190,terminated,300,1,0,0,0,0,0,0,0,0,0,0,0,0,0,0,0,0,0,0,0,0
4,407,279.00000000000017,210,terminated,300,0,2,0,1,1,0,2,1,1,2,1,1,1,0,1,1,1,0,2,2,0
4,408,283.9000000000003,211,terminated,300,0,0,0,0,0,0,2,1,1,2,1,1,0,0,0,2,1,1,0,0,0
4,409,276.8000000000008,232,terminated,300,0,1,0,0,0,1,1,0,1,1,0,1,0,0,0,1,0,1,0,0,0
4,410,277.00000000000034,230,terminated,300,0,0,0,0,0,0,2,1,1,2,1,1,1,1,0,1,0,1,0,0,0
4,411,280.40000000000055,246,terminated,300,1,0,0,0,0,0,0,0,0,0,0,0,0,0,0,0,0,0,0,0,0
4,412,279.2000000000006,208,terminated,300,0,0,0,0,0,0,1,1,0,1,1,0,0,0,0,1,1,0,0,0,0
4,413,281.20000000000033,188,terminated,300,0,0,0,0,0,0,2,1,1,2,1,1,1,0,1,1,1,0,0,0,0
4,414,280.5000000000003,195,terminated,300,0,0,0,0,0,0,2,1,1,2,1,1,0,0,0,2,1,1,0,0,0
4,415,280.7000000000006,193,terminated,300,0,1,0,0,1,0,2,1,1,2,1,1,0,0,0,2,1,1,0,0,0
4,416,287.00000000000045,180,terminated,300,0,4,3,0,1,0,1,0,1,1,0,1,0,0,0,1,0,1,5,4,1
4,417,276.7000000000007,233,terminated,300,0,1,1,0,0,0,2,1,1,2,1,1,0,0,0,2,1,1,1,0,1
4,418,279.7000000000006,203,terminated,300,0,1,1,0,0,0,1,1,0,1,1,0,0,0,0,1,1,0,0,0,0
4,419,280.80000000000024,192,terminated,300,0,0,0,0,0,0,2,1,1,2,1,1,0,0,0,2,1,1,0,0,0
4,420,280.70000000000056,193,terminated,300,0,0,0,0,0,0,1,1,0,1,1,0,0,0,0,1,1,0,0,0,0
4,421,278.3000000000008,267,terminated,300,1,1,1,0,0,0,0,0,0,0,0,0,0,0,0,0,0,0,1,0,1
4,422,278.0000000000004,220,terminated,300,0,3,2,0,1,0,1,1,0,1,1,0,0,0,0,1,1,0,2,0,2
4,423,283.3000000000005,217,terminated,300,0,3,0,2,1,0,2,1,1,2,1,1,2,1,1,0,0,0,1,1,0
4,424,277.80000000000086,222,terminated,300,0,2,2,0,0,0,1,1,0,1,1,0,0,0,0,1,1,0,1,1,0
4,425,280.2000000000002,248,terminated,300,1,0,0,0,0,0,0,0,0,0,0,0,0,0,0,0,0,0,0,0,0
4,426,279.8000000000005,252,terminated,300,0,0,0,0,0,0,1,1,0,1,1,0,0,0,0,1,1,0,0,0,0
4,427,274.600000000001,254,terminated,300,0,0,0,0,0,0,1,1,0,1,1,0,0,0,0,1,1,0,0,0,0
4,428,280.40000000000066,246,terminated,300,0,2,1,0,1,0,1,0,1,1,0,1,1,0,1,0,0,0,1,1,0
4,429,280.89999999999986,191,terminated,300,1,1,1,0,0,0,0,0,0,0,0,0,0,0,0,0,0,0,1,0,1
4,430,278.2000000000008,218,terminated,300,0,2,1,0,0,1,2,1,1,2,1,1,0,0,0,2,1,1,0,0,0
4,431,279.79999999999995,202,terminated,300,1,0,0,0,0,0,0,0,0,0,0,0,0,0,0,0,0,0,0,0,0
4,432,271.8000000000011,282,terminated,300,0,1,0,1,0,0,2,1,1,2,1,1,1,1,0,1,0,1,1,1,0
4,433,277.4000000000007,226,terminated,300,1,0,0,0,0,0,0,0,0,0,0,0,0,0,0,0,0,0,0,0,0
4,434,280.80000000000024,192,terminated,300,1,3,0,1,2,0,0,0,0,0,0,0,0,0,0,0,0,0,3,2,1
4,435,274.80000000000024,252,terminated,300,0,2,0,0,0,2,1,0,1,1,0,1,0,0,0,1,0,1,2,2,0
4,436,275.9000000000006,241,terminated,300,0,1,0,0,0,1,2,1,1,2,1,1,0,0,0,2,1,1,0,0,0
4,437,280.5000000000004,195,terminated,300,0,2,0,2,0,0,2,1,1,2,1,1,1,0,1,1,1,0,1,1,0
4,438,284.10000000000025,209,terminated,300,1,0,0,0,0,0,0,0,0,0,0,0,0,0,0,0,0,0,0,0,0
4,439,276.70000000000033,233,terminated,300,0,0,0,0,0,0,2,1,1,2,1,1,0,0,0,2,1,1,0,0,0
4,440,286.4999999999996,185,terminated,300,1,0,0,0,0,0,0,0,0,0,0,0,0,0,0,0,0,0,0,0,0
4,441,282.30000000000047,177,terminated,300,0,0,0,0,0,0,1,1,0,1,1,0,0,0,0,1,1,0,0,0,0
4,442,281.40000000000026,236,terminated,300,1,0,0,0,0,0,0,0,0,0,0,0,0,0,0,0,0,0,0,0,0
4,443,279.7000000000007,253,terminated,300,0,1,0,1,0,0,2,1,1,2,1,1,0,0,0,2,1,1,0,0,0
4,444,276.4000000000004,236,terminated,300,1,0,0,0,0,0,0,0,0,0,0,0,0,0,0,0,0,0,0,0,0
4,445,283.40000000000043,216,terminated,300,0,3,1,1,0,1,1,1,0,1,1,0,0,0,0,1,1,0,4,2,2
4,446,279.5000000000007,205,terminated,300,0,1,0,0,1,0,2,1,1,2,1,1,1,0,1,1,1,0,0,0,0
4,447,286.5000000000002,185,terminated,300,1,0,0,0,0,0,0,0,0,0,0,0,0,0,0,0,0,0,0,0,0
4,448,277.90000000000055,221,terminated,300,0,1,0,0,1,0,2,1,1,2,1,1,1,1,0,1,0,1,1,1,0
4,449,278.9000000000005,261,terminated,300,1,1,0,0,0,1,0,0,0,0,0,0,0,0,0,0,0,0,1,1,0
4,450,274.0000000000002,260,terminated,300,1,2,0,2,0,0,0,0,0,0,0,0,0,0,0,0,0,0,2,0,2
4,451,282.9000000000004,221,terminated,300,0,1,0,0,1,0,1,0,1,1,0,1,0,0,0,1,0,1,0,0,0
4,452,280.80000000000064,192,terminated,300,0,0,0,0,0,0,1,1,0,1,1,0,0,0,0,1,1,0,0,0,0
4,453,280.9000000000004,191,terminated,300,1,0,0,0,0,0,0,0,0,0,0,0,0,0,0,0,0,0,0,0,0
4,454,278.4000000000004,216,terminated,300,0,3,2,0,0,1,1,0,1,1,0,1,0,0,0,1,0,1,3,2,1
4,455,276.90000000000066,231,terminated,300,1,0,0,0,0,0,0,0,0,0,0,0,0,0,0,0,0,0,0,0,0
4,456,282.7000000000003,223,terminated,300,0,4,1,0,1,2,2,1,1,2,1,1,1,0,1,1,1,0,2,0,2
4,457,280.8000000000001,192,terminated,300,0,0,0,0,0,0,1,0,1,1,0,1,0,0,0,1,0,1,0,0,0
4,458,285.00000000000045,200,terminated,300,0,1,1,0,0,0,2,1,1,2,1,1,0,0,0,2,1,1,0,0,0
4,459,277.0000000000002,230,terminated,300,1,0,0,0,0,0,0,0,0,0,0,0,0,0,0,0,0,0,0,0,0
4,460,280.20000000000044,248,terminated,300,0,1,0,1,0,0,1,1,0,1,1,0,0,0,0,1,1,0,0,0,0
4,461,285.2000000000002,198,terminated,300,0,2,0,1,1,0,2,1,1,2,1,1,2,1,1,0,0,0,2,0,2
4,462,286.9000000000003,181,terminated,300,0,1,0,0,1,0,2,1,1,2,1,1,0,0,0,2,1,1,0,0,0
4,463,279.60000000000076,204,terminated,300,0,0,0,0,0,0,1,1,0,1,1,0,0,0,0,1,1,0,0,0,0
4,464,277.9000000000007,221,terminated,300,0,1,0,1,0,0,2,1,1,2,1,1,0,0,0,2,1,1,0,0,0
4,465,285.00000000000034,200,terminated,300,0,1,1,0,0,0,1,0,1,1,0,1,1,0,1,0,0,0,1,1,0
4,466,284.60000000000065,204,terminated,300,1,0,0,0,0,0,0,0,0,0,0,0,0,0,0,0,0,0,0,0,0
4,467,283.0000000000007,220,terminated,300,0,1,0,0,1,0,2,1,1,2,1,1,0,0,0,2,1,1,0,0,0
4,468,273.0000000000009,270,terminated,300,0,2,0,1,0,1,2,1,1,2,1,1,0,0,0,2,1,1,0,0,0
4,469,278.10000000000076,269,terminated,300,0,0,0,0,0,0,2,1,1,2,1,1,0,0,0,2,1,1,0,0,0
4,470,278.3000000000006,217,terminated,300,1,0,0,0,0,0,0,0,0,0,0,0,0,0,0,0,0,0,0,0,0
4,471,280.20000000000056,198,terminated,300,0,0,0,0,0,0,2,1,1,2,1,1,0,0,0,2,1,1,0,0,0
4,472,280.0000000000005,200,terminated,300,1,1,0,0,0,1,0,0,0,0,0,0,0,0,0,0,0,0,1,0,1
4,473,279.6000000000005,204,terminated,300,1,0,0,0,0,0,0,0,0,0,0,0,0,0,0,0,0,0,0,0,0
4,474,271.5000000000011,285,terminated,300,0,1,1,0,0,0,2,1,1,2,1,1,0,0,0,2,1,1,0,0,0
4,475,277.0000000000005,230,terminated,300,1,0,0,0,0,0,0,0,0,0,0,0,0,0,0,0,0,0,0,0,0
4,476,274.7000000000004,253,terminated,300,0,1,0,1,0,0,2,1,1,2,1,1,0,0,0,2,1,1,0,0,0
4,477,270.80000000000115,292,terminated,300,0,0,0,0,0,0,1,0,1,1,0,1,0,0,0,1,0,1,0,0,0
4,478,288.0000000000003,170,terminated,300,0,1,0,0,1,0,2,1,1,2,1,1,0,0,0,2,1,1,0,0,0
4,479,273.4000000000005,266,terminated,300,0,1,0,0,1,0,2,1,1,2,1,1,0,0,0,2,1,1,0,0,0
4,480,286.20000000000016,188,terminated,300,0,0,0,0,0,0,1,0,1,1,0,1,0,0,0,1,0,1,0,0,0
4,481,278.3000000000004,217,terminated,300,0,2,1,0,1,0,1,1,0,1,1,0,0,0,0,1,1,0,1,0,1
4,482,277.2000000000005,228,terminated,300,1,0,0,0,0,0,0,0,0,0,0,0,0,0,0,0,0,0,0,0,0
4,483,276.9000000000007,231,terminated,300,0,0,0,0,0,0,1,0,1,1,0,1,1,0,1,0,0,0,0,0,0
4,484,281.4000000000006,186,terminated,300,0,3,2,0,1,0,2,1,1,2,1,1,0,0,0,2,1,1,3,0,3
4,485,284.90000000000003,201,terminated,300,0,2,0,2,0,0,1,1,0,1,1,0,0,0,0,1,1,0,2,2,0
4,486,278.8000000000007,212,terminated,300,0,1,0,0,0,1,1,0,1,1,0,1,0,0,0,1,0,1,1,1,0
4,487,284.00000000000074,210,terminated,300,0,2,1,1,0,0,1,1,0,1,1,0,1,1,0,0,0,0,2,0,2
4,488,275.4000000000007,246,terminated,300,0,0,0,0,0,0,1,1,0,1,1,0,0,0,0,1,1,0,0,0,0
4,489,286.10000000000036,189,terminated,300,0,2,1,1,0,0,1,1,0,1,1,0,1,1,0,0,0,0,1,1,0
4,490,285.80000000000075,192,terminated,300,1,0,0,0,0,0,0,0,0,0,0,0,0,0,0,0,0,0,0,0,0
4,491,285.2000000000007,198,terminated,300,0,0,0,0,0,0,1,0,1,1,0,1,0,0,0,1,0,1,0,0,0
4,492,283.3000000000006,217,terminated,300,0,2,0,1,1,0,1,1,0,1,1,0,0,0,0,1,1,0,2,1,1
4,493,276.6000000000005,234,terminated,300,0,2,2,0,0,0,2,1,1,2,1,1,0,0,0,2,1,1,1,1,0
4,494,281.50000000000006,185,terminated,300,0,2,0,0,0,2,2,1,1,2,1,1,0,0,0,2,1,1,0,0,0
4,495,276.2000000000006,238,terminated,300,0,3,0,2,1,0,1,1,0,1,1,0,0,0,0,1,1,0,2,2,0
4,496,278.10000000000065,269,terminated,300,0,5,2,0,3,0,2,1,1,2,1,1,0,0,0,2,1,1,4,0,4
4,497,279.50000000000006,255,terminated,300,0,0,0,0,0,0,2,1,1,2,1,1,0,0,0,2,1,1,0,0,0
4,498,275.8000000000002,242,terminated,300,1,0,0,0,0,0,0,0,0,0,0,0,0,0,0,0,0,0,0,0,0
4,499,282.00000000000045,180,terminated,300,0,1,0,0,1,0,1,1,0,1,1,0,0,0,0,1,1,0,0,0,0
4,500,278.50000000000045,215,terminated,300,0,2,0,0,1,1,2,1,1,2,1,1,0,0,0,2,1,1,0,0,0
4,501,288.3000000000005,167,terminated,300,0,1,0,1,0,0,2,1,1,2,1,1,0,0,0,2,1,1,1,1,0
4,502,278.4000000000005,216,terminated,300,1,0,0,0,0,0,0,0,0,0,0,0,0,0,0,0,0,0,0,0,0
4,503,277.9000000000004,221,terminated,300,1,0,0,0,0,0,0,0,0,0,0,0,0,0,0,0,0,0,0,0,0
4,504,280.2000000000007,198,terminated,300,0,3,1,1,1,0,1,0,1,1,0,1,0,0,0,1,0,1,2,2,0
4,505,279.50000000000085,255,terminated,300,1,1,1,0,0,0,0,0,0,0,0,0,0,0,0,0,0,0,1,0,1
4,506,275.3000000000006,247,terminated,300,0,0,0,0,0,0,2,1,1,2,1,1,2,1,1,0,0,0,0,0,0
4,507,277.2000000000007,228,terminated,300,0,0,0,0,0,0,2,1,1,2,1,1,0,0,0,2,1,1,0,0,0
4,508,283.60000000000014,214,terminated,300,0,1,0,1,0,0,1,1,0,1,1,0,1,1,0,0,0,0,1,0,1
4,509,280.6000000000004,194,terminated,300,1,0,0,0,0,0,0,0,0,0,0,0,0,0,0,0,0,0,0,0,0
4,510,284.6000000000008,204,terminated,300,0,1,0,0,0,1,1,0,1,1,0,1,0,0,0,1,0,1,0,0,0
4,511,287.1000000000002,179,terminated,300,1,0,0,0,0,0,0,0,0,0,0,0,0,0,0,0,0,0,0,0,0
4,512,283.8000000000004,212,terminated,300,0,2,0,0,0,2,2,1,1,2,1,1,1,1,0,1,0,1,1,1,0
4,513,281.3000000000004,187,terminated,300,0,1,0,0,1,0,2,1,1,2,1,1,0,0,0,2,1,1,0,0,0
4,514,278.4000000000007,216,terminated,300,0,1,0,0,1,0,1,0,1,1,0,1,0,0,0,1,0,1,0,0,0
4,515,276.9000000000005,231,terminated,300,0,1,0,0,0,1,2,1,1,2,1,1,2,1,1,0,0,0,0,0,0
4,516,285.80000000000035,192,terminated,300,1,0,0,0,0,0,0,0,0,0,0,0,0,0,0,0,0,0,0,0,0
4,517,285.1000000000005,199,terminated,300,1,1,0,0,0,1,0,0,0,0,0,0,0,0,0,0,0,0,2,1,1
4,518,280.00000000000017,200,terminated,300,1,0,0,0,0,0,0,0,0,0,0,0,0,0,0,0,0,0,0,0,0
4,519,285.30000000000035,197,terminated,300,0,0,0,0,0,0,1,0,1,1,0,1,0,0,0,1,0,1,0,0,0
4,520,283.00000000000057,170,terminated,300,0,1,0,1,0,0,2,1,1,2,1,1,0,0,0,2,1,1,1,0,1
4,521,285.10000000000036,199,terminated,300,0,2,1,0,0,1,1,0,1,1,0,1,0,0,0,1,0,1,1,0,1
4,522,281.20000000000056,238,terminated,300,0,2,2,0,0,0,1,1,0,1,1,0,0,0,0,1,1,0,3,1,2
4,523,279.50000000000045,205,terminated,300,0,2,1,0,1,0,2,1,1,2,1,1,1,0,1,1,1,0,0,0,0
4,524,273.0000000000006,320,terminated,300,1,0,0,0,0,0,0,0,0,0,0,0,0,0,0,0,0,0,0,0,0
4,525,278.0000000000007,220,terminated,300,1,2,0,1,0,1,0,0,0,0,0,0,0,0,0,0,0,0,2,0,2
4,526,285.3000000000003,197,terminated,300,1,0,0,0,0,0,0,0,0,0,0,0,0,0,0,0,0,0,0,0,0
4,527,284.60000000000065,204,terminated,300,0,2,2,0,0,0,1,0,1,1,0,1,1,0,1,0,0,0,1,1,0
4,528,278.4000000000006,216,terminated,300,0,0,0,0,0,0,1,1,0,1,1,0,0,0,0,1,1,0,0,0,0
4,529,276.30000000000064,237,terminated,300,0,1,0,0,1,0,2,1,1,2,1,1,0,0,0,2,1,1,1,1,0
4,530,284.8000000000005,202,terminated,300,0,1,0,0,0,1,1,1,0,1,1,0,1,1,0,0,0,0,1,0,1
4,531,284.70000000000033,203,terminated,300,0,1,0,0,1,0,1,1,0,1,1,0,0,0,0,1,1,0,0,0,0
4,532,275.1000000000004,249,terminated,300,0,2,1,1,0,0,2,1,1,2,1,1,1,0,1,1,1,0,1,0,1
4,533,283.4000000000004,216,terminated,300,0,1,0,1,0,0,2,1,1,2,1,1,0,0,0,2,1,1,1,0,1
4,534,281.2000000000007,188,terminated,300,1,0,0,0,0,0,0,0,0,0,0,0,0,0,0,0,0,0,0,0,0
4,535,280.40000000000015,196,terminated,300,1,0,0,0,0,0,0,0,0,0,0,0,0,0,0,0,0,0,0,0,0
4,536,285.0000000000005,200,terminated,300,0,1,1,0,0,0,1,0,1,1,0,1,0,0,0,1,0,1,0,0,0
4,537,281.7000000000004,183,terminated,300,0,0,0,0,0,0,1,0,1,1,0,1,0,0,0,1,0,1,0,0,0
4,538,271.4000000000007,286,terminated,300,1,0,0,0,0,0,0,0,0,0,0,0,0,0,0,0,0,0,0,0,0
4,539,285.7000000000006,193,terminated,300,0,1,0,0,0,1,1,1,0,1,1,0,0,0,0,1,1,0,1,1,0
4,540,287.30000000000047,177,terminated,300,1,2,1,0,1,0,0,0,0,0,0,0,0,0,0,0,0,0,2,2,0
4,541,285.1000000000004,199,terminated,300,0,2,0,1,1,0,1,1,0,1,1,0,0,0,0,1,1,0,1,1,0
4,542,278.2000000000007,218,terminated,300,1,2,0,2,0,0,0,0,0,0,0,0,0,0,0,0,0,0,2,2,0
4,543,283.3000000000003,167,terminated,300,1,1,1,0,0,0,0,0,0,0,0,0,0,0,0,0,0,0,1,1,0
4,544,280.20000000000056,198,terminated,300,0,0,0,0,0,0,2,1,1,2,1,1,0,0,0,2,1,1,0,0,0
4,545,275.9000000000006,241,terminated,300,0,1,1,0,0,0,2,1,1,2,1,1,0,0,0,2,1,1,1,1,0
4,546,280.30000000000024,197,terminated,300,0,0,0,0,0,0,1,1,0,1,1,0,1,1,0,0,0,0,0,0,0
4,547,283.3000000000005,217,terminated,300,0,2,2,0,0,0,1,1,0,1,1,0,0,0,0,1,1,0,1,1,0
4,548,273.30000000000064,267,terminated,300,0,1,1,0,0,0,1,1,0,1,1,0,0,0,0,1,1,0,1,0,1
4,549,280.0000000000008,200,terminated,300,1,3,0,0,3,0,0,0,0,0,0,0,0,0,0,0,0,0,3,0,3
4,550,282.1000000000005,179,terminated,300,0,1,0,1,0,0,1,0,1,1,0,1,0,0,0,1,0,1,1,1,0
4,551,281.80000000000047,232,terminated,300,0,1,0,0,0,1,2,1,1,2,1,1,1,0,1,1,1,0,0,0,0
4,552,281.5000000000001,185,terminated,300,1,0,0,0,0,0,0,0,0,0,0,0,0,0,0,0,0,0,0,0,0
4,553,281.10000000000065,239,terminated,300,1,1,0,0,0,1,0,0,0,0,0,0,0,0,0,0,0,0,1,1,0
4,554,280.6000000000002,194,terminated,300,0,1,0,0,1,0,1,1,0,1,1,0,0,0,0,1,1,0,0,0,0
4,555,281.70000000000067,183,terminated,300,1,2,0,0,2,0,0,0,0,0,0,0,0,0,0,0,0,0,2,2,0
4,556,274.50000000000045,255,terminated,300,1,0,0,0,0,0,0,0,0,0,0,0,0,0,0,0,0,0,0,0,0
4,557,275.20000000000033,248,terminated,300,1,0,0,0,0,0,0,0,0,0,0,0,0,0,0,0,0,0,0,0,0
4,558,272.70000000000095,273,terminated,300,0,1,0,0,0,1,1,0,1,1,0,1,1,0,1,0,0,0,0,0,0
4,559,285.20000000000067,198,terminated,300,0,2,0,0,1,1,1,1,0,1,1,0,0,0,0,1,1,0,2,1,1
4,560,280.20000000000067,198,terminated,300,0,0,0,0,0,0,1,1,0,1,1,0,1,1,0,0,0,0,0,0,0
4,561,277.50000000000057,225,terminated,300,0,0,0,0,0,0,2,1,1,2,1,1,1,1,0,1,0,1,0,0,0
4,562,285.6000000000001,194,terminated,300,0,2,0,0,0,2,1,1,0,1,1,0,1,1,0,0,0,0,1,1,0
4,563,270.50000000000085,295,terminated,300,1,0,0,0,0,0,0,0,0,0,0,0,0,0,0,0,0,0,0,0,0
4,564,284.4000000000004,206,terminated,300,0,0,0,0,0,0,1,1,0,1,1,0,1,1,0,0,0,0,0,0,0
4,565,280.70000000000033,193,terminated,300,0,1,0,0,0,1,1,0,1,1,0,1,1,0,1,0,0,0,0,0,0
4,566,278.0000000000005,270,terminated,300,0,0,0,0,0,0,1,1,0,1,1,0,0,0,0,1,1,0,0,0,0
4,567,277.6000000000008,224,terminated,300,1,1,0,0,1,0,0,0,0,0,0,0,0,0,0,0,0,0,1,0,1
4,568,281.40000000000055,186,terminated,300,1,0,0,0,0,0,0,0,0,0,0,0,0,0,0,0,0,0,0,0,0
4,569,277.30000000000075,227,terminated,300,0,0,0,0,0,0,1,0,1,1,0,1,0,0,0,1,0,1,0,0,0
4,570,273.8000000000009,262,terminated,300,1,1,0,1,0,0,0,0,0,0,0,0,0,0,0,0,0,0,1,0,1
4,571,274.8000000000007,252,terminated,300,0,2,0,1,0,1,2,1,1,2,1,1,0,0,0,2,1,1,1,1,0
4,572,279.40000000000055,206,terminated,300,0,0,0,0,0,0,1,0,1,1,0,1,1,0,1,0,0,0,0,0,0
4,573,275.20000000000067,248,terminated,300,0,0,0,0,0,0,1,0,1,1,0,1,0,0,0,1,0,1,0,0,0
4,574,280.90000000000055,191,terminated,300,0,4,2,0,2,0,2,1,1,2,1,1,0,0,0,2,1,1,3,0,3
4,575,276.8000000000005,232,terminated,300,1,4,4,0,0,0,0,0,0,0,0,0,0,0,0,0,0,0,5,2,3
4,576,280.00000000000057,200,terminated,300,0,2,1,0,1,0,2,1,1,2,1,1,0,0,0,2,1,1,0,0,0
4,577,279.7000000000004,203,terminated,300,0,2,0,0,2,0,1,1,0,1,1,0,0,0,0,1,1,0,1,1,0
4,578,274.3000000000009,257,terminated,300,0,0,0,0,0,0,1,0,1,1,0,1,0,0,0,1,0,1,0,0,0
4,579,276.6000000000008,234,terminated,300,0,0,0,0,0,0,1,1,0,1,1,0,1,1,0,0,0,0,0,0,0
4,580,268.6000000000012,364,terminated,300,1,0,0,0,0,0,0,0,0,0,0,0,0,0,0,0,0,0,0,0,0
4,581,281.300000000001,237,terminated,300,0,1,0,1,0,0,1,0,1,1,0,1,0,0,0,1,0,1,0,0,0
4,582,277.3000000000008,277,terminated,300,0,0,0,0,0,0,1,0,1,1,0,1,0,0,0,1,0,1,0,0,0
4,583,279.4000000000006,206,terminated,300,0,0,0,0,0,0,1,0,1,1,0,1,0,0,0,1,0,1,0,0,0
4,584,272.2000000000006,278,terminated,300,0,0,0,0,0,0,1,0,1,1,0,1,0,0,0,1,0,1,0,0,0
4,585,278.7000000000003,213,terminated,300,1,1,0,1,0,0,0,0,0,0,0,0,0,0,0,0,0,0,1,0,1
4,586,277.40000000000066,226,terminated,300,0,0,0,0,0,0,1,0,1,1,0,1,0,0,0,1,0,1,0,0,0
4,587,277.7000000000005,223,terminated,300,0,0,0,0,0,0,1,1,0,1,1,0,0,0,0,1,1,0,0,0,0
4,588,280.10000000000065,249,terminated,300,0,1,0,0,0,1,2,1,1,2,1,1,0,0,0,2,1,1,1,0,1
4,589,283.20000000000033,168,terminated,300,0,1,1,0,0,0,2,1,1,2,1,1,0,0,0,2,1,1,0,0,0
4,590,281.30000000000075,187,terminated,300,0,1,0,0,1,0,1,0,1,1,0,1,1,0,1,0,0,0,0,0,0
4,591,274.5000000000003,255,terminated,300,1,0,0,0,0,0,0,0,0,0,0,0,0,0,0,0,0,0,0,0,0
4,592,279.60000000000076,254,terminated,300,0,1,0,0,1,0,1,0,1,1,0,1,0,0,0,1,0,1,0,0,0
4,593,277.60000000000053,224,terminated,300,0,1,0,0,1,0,1,1,0,1,1,0,0,0,0,1,1,0,0,0,0
4,594,279.2000000000007,208,terminated,300,0,0,0,0,0,0,2,1,1,2,1,1,0,0,0,2,1,1,0,0,0
4,595,288.50000000000034,165,terminated,300,0,2,2,0,0,0,2,1,1,2,1,1,0,0,0,2,1,1,2,0,2
4,596,276.8000000000007,282,terminated,300,0,1,0,0,0,1,2,1,1,2,1,1,0,0,0,2,1,1,0,0,0
4,597,279.8000000000006,202,terminated,300,0,1,1,0,0,0,2,1,1,2,1,1,0,0,0,2,1,1,0,0,0
4,598,279.6000000000006,254,terminated,300,1,0,0,0,0,0,0,0,0,0,0,0,0,0,0,0,0,0,0,0,0
4,599,281.90000000000043,181,terminated,300,0,4,0,1,0,3,1,0,1,1,0,1,0,0,0,1,0,1,3,3,0
4,600,281.2000000000005,188,terminated,300,1,0,0,0,0,0,0,0,0,0,0,0,0,0,0,0,0,0,0,0,0
4,601,277.4000000000005,226,terminated,300,0,2,0,1,0,1,1,1,0,1,1,0,0,0,0,1,1,0,1,1,0
4,602,280.2000000000007,248,terminated,300,0,2,1,0,1,0,2,1,1,2,1,1,0,0,0,2,1,1,1,1,0
4,603,280.10000000000014,199,terminated,300,0,0,0,0,0,0,2,1,1,2,1,1,2,1,1,0,0,0,0,0,0
4,604,279.30000000000086,257,terminated,300,0,1,1,0,0,0,1,1,0,1,1,0,0,0,0,1,1,0,1,1,0
4,605,275.7000000000006,243,terminated,300,0,0,0,0,0,0,1,1,0,1,1,0,0,0,0,1,1,0,0,0,0
4,606,277.0000000000005,230,terminated,300,0,1,0,0,1,0,2,1,1,2,1,1,1,1,0,1,0,1,0,0,0
4,607,286.60000000000014,184,terminated,300,0,2,0,1,1,0,2,1,1,2,1,1,1,0,1,1,1,0,1,1,0
4,608,283.3000000000005,217,terminated,300,0,4,1,1,0,2,1,0,1,1,0,1,0,0,0,1,0,1,4,3,1
4,609,278.7000000000006,213,terminated,300,1,0,0,0,0,0,0,0,0,0,0,0,0,0,0,0,0,0,0,0,0
4,610,275.9000000000007,241,terminated,300,1,0,0,0,0,0,0,0,0,0,0,0,0,0,0,0,0,0,0,0,0
4,611,277.7000000000002,223,terminated,300,0,0,0,0,0,0,1,1,0,1,1,0,1,1,0,0,0,0,0,0,0
4,612,278.1000000000004,219,terminated,300,0,2,0,0,2,0,2,1,1,2,1,1,1,1,0,1,0,1,1,0,1
4,613,284.70000000000067,203,terminated,300,0,0,0,0,0,0,1,0,1,1,0,1,0,0,0,1,0,1,0,0,0
4,614,282.80000000000024,172,terminated,300,0,2,1,0,1,0,2,1,1,2,1,1,1,1,0,1,0,1,1,1,0
4,615,270.80000000000086,292,terminated,300,1,1,0,0,0,1,0,0,0,0,0,0,0,0,0,0,0,0,1,1,0
4,616,279.70000000000044,203,terminated,300,0,0,0,0,0,0,2,1,1,2,1,1,0,0,0,2,1,1,0,0,0
4,617,278.20000000000095,218,terminated,300,0,3,0,2,1,0,1,0,1,1,0,1,0,0,0,1,0,1,2,2,0
4,618,279.70000000000044,253,terminated,300,0,0,0,0,0,0,1,1,0,1,1,0,0,0,0,1,1,0,0,0,0
4,619,275.4000000000007,246,terminated,300,0,1,0,0,0,1,2,1,1,2,1,1,1,1,0,1,0,1,1,1,0
4,620,274.30000000000075,257,terminated,300,1,0,0,0,0,0,0,0,0,0,0,0,0,0,0,0,0,0,0,0,0
4,621,283.8000000000001,212,terminated,300,1,0,0,0,0,0,0,0,0,0,0,0,0,0,0,0,0,0,0,0,0
4,622,277.2000000000004,228,terminated,300,0,3,0,0,2,1,2,1,1,2,1,1,0,0,0,2,1,1,2,1,1
4,623,283.4000000000007,216,terminated,300,1,1,0,0,0,1,0,0,0,0,0,0,0,0,0,0,0,0,1,1,0
4,624,286.6000000000006,184,terminated,300,0,1,0,0,0,1,1,0,1,1,0,1,0,0,0,1,0,1,1,0,1
4,625,274.90000000000066,251,terminated,300,0,0,0,0,0,0,1,1,0,1,1,0,0,0,0,1,1,0,0,0,0
4,626,270.7000000000012,293,terminated,300,1,0,0,0,0,0,0,0,0,0,0,0,0,0,0,0,0,0,0,0,0
4,627,276.20000000000056,238,terminated,300,1,0,0,0,0,0,0,0,0,0,0,0,0,0,0,0,0,0,0,0,0
4,628,270.200000000001,298,terminated,300,0,2,0,2,0,0,1,0,1,1,0,1,0,0,0,1,0,1,2,0,2
4,629,282.1000000000009,229,terminated,300,0,0,0,0,0,0,1,0,1,1,0,1,0,0,0,1,0,1,0,0,0
4,630,277.80000000000064,222,terminated,300,1,1,0,1,0,0,0,0,0,0,0,0,0,0,0,0,0,0,1,0,1
4,631,277.6000000000007,274,terminated,300,0,0,0,0,0,0,2,1,1,2,1,1,2,1,1,0,0,0,0,0,0
4,632,274.7000000000007,303,terminated,300,0,1,1,0,0,0,1,0,1,1,0,1,1,0,1,0,0,0,1,1,0
4,633,278.3000000000008,217,terminated,300,0,1,0,0,1,0,1,1,0,1,1,0,1,1,0,0,0,0,1,1,0
4,634,279.10000000000036,209,terminated,300,0,1,0,0,1,0,1,1,0,1,1,0,0,0,0,1,1,0,0,0,0
4,635,282.20000000000067,228,terminated,300,0,1,0,1,0,0,1,1,0,1,1,0,0,0,0,1,1,0,0,0,0
4,636,278.0000000000006,220,terminated,300,1,0,0,0,0,0,0,0,0,0,0,0,0,0,0,0,0,0,0,0,0
4,637,276.0000000000008,240,terminated,300,0,3,0,1,2,0,2,1,1,2,1,1,1,1,0,1,0,1,1,1,0
4,638,283.6000000000004,214,terminated,300,0,1,0,0,1,0,2,1,1,2,1,1,1,1,0,1,0,1,0,0,0
4,639,276.9000000000004,231,terminated,300,1,1,0,0,0,1,0,0,0,0,0,0,0,0,0,0,0,0,1,0,1
4,640,281.40000000000043,186,terminated,300,0,2,0,2,0,0,2,1,1,2,1,1,0,0,0,2,1,1,1,1,0
4,641,285.4000000000003,196,terminated,300,0,1,0,0,1,0,1,1,0,1,1,0,0,0,0,1,1,0,2,1,1
4,642,275.90000000000083,291,terminated,300,0,1,1,0,0,0,2,1,1,2,1,1,1,1,0,1,0,1,0,0,0
4,643,280.1,199,terminated,300,0,6,2,1,2,1,1,1,0,1,1,0,0,0,0,1,1,0,6,3,3
4,644,280.5000000000004,245,terminated,300,0,0,0,0,0,0,1,1,0,1,1,0,0,0,0,1,1,0,0,0,0
4,645,279.1000000000005,209,terminated,300,1,0,0,0,0,0,0,0,0,0,0,0,0,0,0,0,0,0,0,0,0
4,646,274.8000000000004,252,terminated,300,0,1,1,0,0,0,2,1,1,2,1,1,1,1,0,1,0,1,1,1,0
4,647,279.60000000000053,204,terminated,300,0,0,0,0,0,0,1,0,1,1,0,1,1,0,1,0,0,0,0,0,0
4,648,281.00000000000017,190,terminated,300,0,3,2,0,0,1,1,0,1,1,0,1,0,0,0,1,0,1,2,2,0
4,649,275.8000000000007,242,terminated,300,0,1,1,0,0,0,1,0,1,1,0,1,0,0,0,1,0,1,0,0,0
4,650,286.50000000000045,185,terminated,300,1,0,0,0,0,0,0,0,0,0,0,0,0,0,0,0,0,0,0,0,0
4,651,280.9000000000001,191,terminated,300,0,0,0,0,0,0,2,1,1,2,1,1,0,0,0,2,1,1,0,0,0
4,652,284.5000000000003,205,terminated,300,0,1,0,0,1,0,1,0,1,1,0,1,0,0,0,1,0,1,0,0,0
4,653,281.70000000000067,183,terminated,300,0,1,1,0,0,0,1,0,1,1,0,1,0,0,0,1,0,1,2,1,1
4,654,284.10000000000065,209,terminated,300,0,0,0,0,0,0,1,0,1,1,0,1,0,0,0,1,0,1,0,0,0
4,655,283.5000000000003,215,terminated,300,0,2,0,0,0,2,2,1,1,2,1,1,1,1,0,1,0,1,0,0,0
4,656,280.2000000000006,248,terminated,300,0,3,2,0,1,0,1,0,1,1,0,1,0,0,0,1,0,1,3,0,3
4,657,284.2000000000005,208,terminated,300,0,1,0,1,0,0,1,1,0,1,1,0,0,0,0,1,1,0,0,0,0
4,658,277.0000000000008,230,terminated,300,0,1,0,1,0,0,2,1,1,2,1,1,1,0,1,1,1,0,0,0,0
4,659,276.80000000000075,232,terminated,300,0,3,1,1,0,1,2,1,1,2,1,1,0,0,0,2,1,1,1,0,1
4,660,279.7000000000009,253,terminated,300,0,0,0,0,0,0,2,1,1,2,1,1,0,0,0,2,1,1,0,0,0
4,661,280.3000000000007,197,terminated,300,0,1,1,0,0,0,1,0,1,1,0,1,0,0,0,1,0,1,1,0,1
4,662,281.4000000000003,186,terminated,300,0,1,0,0,0,1,1,0,1,1,0,1,0,0,0,1,0,1,1,1,0
4,663,276.5000000000008,235,terminated,300,0,0,0,0,0,0,1,1,0,1,1,0,1,1,0,0,0,0,0,0,0
4,664,280.60000000000053,194,terminated,300,0,0,0,0,0,0,2,1,1,2,1,1,1,1,0,1,0,1,0,0,0
4,665,284.30000000000047,207,terminated,300,0,3,0,2,1,0,1,1,0,1,1,0,1,1,0,0,0,0,1,1,0
4,666,281.4000000000005,236,terminated,300,0,3,0,1,2,0,2,1,1,2,1,1,0,0,0,2,1,1,3,2,1
4,667,282.6000000000007,224,terminated,300,0,1,0,0,1,0,2,1,1,2,1,1,0,0,0,2,1,1,0,0,0
4,668,277.50000000000057,225,terminated,300,0,1,1,0,0,0,2,1,1,2,1,1,0,0,0,2,1,1,0,0,0
4,669,277.60000000000053,224,terminated,300,1,0,0,0,0,0,0,0,0,0,0,0,0,0,0,0,0,0,0,0,0
4,670,279.1000000000002,209,terminated,300,0,2,1,1,0,0,2,1,1,2,1,1,1,1,0,1,0,1,1,1,0
4,671,271.80000000000115,282,terminated,300,1,1,0,1,0,0,0,0,0,0,0,0,0,0,0,0,0,0,1,1,0
4,672,269.4000000000001,306,terminated,300,0,2,0,1,1,0,2,1,1,2,1,1,0,0,0,2,1,1,3,2,1
4,673,283.0000000000007,220,terminated,300,0,1,1,0,0,0,2,1,1,2,1,1,1,1,0,1,0,1,1,1,0
4,674,277.7000000000009,223,terminated,300,1,3,0,0,0,3,0,0,0,0,0,0,0,0,0,0,0,0,4,2,2
4,675,279.60000000000065,204,terminated,300,1,0,0,0,0,0,0,0,0,0,0,0,0,0,0,0,0,0,0,0,0
4,676,266.30000000000126,337,terminated,300,0,1,0,0,0,1,1,0,1,1,0,1,0,0,0,1,0,1,0,0,0
4,677,274.000000000001,260,terminated,300,0,2,2,0,0,0,2,1,1,2,1,1,1,1,0,1,0,1,2,0,2
4,678,281.9000000000008,181,terminated,300,1,1,0,0,1,0,0,0,0,0,0,0,0,0,0,0,0,0,1,1,0
4,679,282.60000000000014,174,terminated,300,1,2,0,2,0,0,0,0,0,0,0,0,0,0,0,0,0,0,2,2,0
4,680,276.0000000000009,240,terminated,300,1,0,0,0,0,0,0,0,0,0,0,0,0,0,0,0,0,0,0,0,0
4,681,284.6000000000005,204,terminated,300,0,1,0,1,0,0,2,1,1,2,1,1,0,0,0,2,1,1,0,0,0
4,682,282.90000000000043,171,terminated,300,0,1,0,1,0,0,1,1,0,1,1,0,1,1,0,0,0,0,1,1,0
4,683,281.80000000000047,232,terminated,300,0,3,1,2,0,0,2,1,1,2,1,1,0,0,0,2,1,1,1,0,1
4,684,280.00000000000034,200,terminated,300,1,0,0,0,0,0,0,0,0,0,0,0,0,0,0,0,0,0,0,0,0
4,685,279.8999999999998,201,terminated,300,0,1,0,0,1,0,1,1,0,1,1,0,0,0,0,1,1,0,1,0,1
4,686,285.60000000000014,194,terminated,300,0,1,1,0,0,0,2,1,1,2,1,1,0,0,0,2,1,1,0,0,0
4,687,273.4000000000009,266,terminated,300,0,2,0,1,0,1,1,1,0,1,1,0,0,0,0,1,1,0,1,0,1
4,688,282.1000000000006,179,terminated,300,0,3,0,1,0,2,1,1,0,1,1,0,0,0,0,1,1,0,4,1,3
4,689,275.40000000000066,246,terminated,300,0,0,0,0,0,0,1,1,0,1,1,0,0,0,0,1,1,0,0,0,0
4,690,280.90000000000055,191,terminated,300,0,2,1,0,0,1,1,1,0,1,1,0,1,1,0,0,0,0,2,0,2
4,691,281.2000000000003,238,terminated,300,1,1,0,0,0,1,0,0,0,0,0,0,0,0,0,0,0,0,1,0,1
4,692,284.90000000000043,201,terminated,300,0,1,1,0,0,0,1,0,1,1,0,1,0,0,0,1,0,1,1,1,0
4,693,284.1000000000006,209,terminated,300,0,2,0,2,0,0,2,1,1,2,1,1,1,1,0,1,0,1,1,1,0
4,694,277.8000000000006,222,terminated,300,1,0,0,0,0,0,0,0,0,0,0,0,0,0,0,0,0,0,0,0,0
4,695,276.8000000000008,232,terminated,300,1,0,0,0,0,0,0,0,0,0,0,0,0,0,0,0,0,0,0,0,0
4,696,281.1000000000004,239,terminated,300,0,0,0,0,0,0,2,1,1,2,1,1,0,0,0,2,1,1,0,0,0
4,697,281.60000000000025,234,terminated,300,1,3,1,0,0,2,0,0,0,0,0,0,0,0,0,0,0,0,4,3,1
4,698,281.60000000000036,184,terminated,300,0,1,0,0,0,1,1,0,1,1,0,1,0,0,0,1,0,1,0,0,0
4,699,285.6000000000002,194,terminated,300,1,0,0,0,0,0,0,0,0,0,0,0,0,0,0,0,0,0,0,0,0
4,700,279.9000000000004,201,terminated,300,0,1,1,0,0,0,1,1,0,1,1,0,0,0,0,1,1,0,1,1,0
4,701,280.4000000000002,196,terminated,300,1,0,0,0,0,0,0,0,0,0,0,0,0,0,0,0,0,0,0,0,0
4,702,283.6000000000005,214,terminated,300,0,1,0,1,0,0,2,1,1,2,1,1,0,0,0,2,1,1,0,0,0
4,703,279.5000000000005,205,terminated,300,1,2,0,1,0,1,0,0,0,0,0,0,0,0,0,0,0,0,2,2,0
4,704,280.6000000000007,194,terminated,300,0,0,0,0,0,0,1,1,0,1,1,0,1,1,0,0,0,0,0,0,0
4,705,279.1000000000001,209,terminated,300,0,1,0,1,0,0,1,0,1,1,0,1,1,0,1,0,0,0,1,0,1
4,706,282.40000000000043,176,terminated,300,0,1,1,0,0,0,2,1,1,2,1,1,0,0,0,2,1,1,0,0,0
4,707,276.70000000000033,233,terminated,300,0,1,1,0,0,0,2,1,1,2,1,1,0,0,0,2,1,1,0,0,0
4,708,274.90000000000055,251,terminated,300,1,0,0,0,0,0,0,0,0,0,0,0,0,0,0,0,0,0,0,0,0
4,709,278.00000000000045,220,terminated,300,0,3,1,2,0,0,2,1,1,2,1,1,0,0,0,2,1,1,2,0,2
4,710,269.8000000000011,302,terminated,300,0,1,1,0,0,0,1,0,1,1,0,1,0,0,0,1,0,1,1,1,0
4,711,279.90000000000066,201,terminated,300,1,2,0,0,0,2,0,0,0,0,0,0,0,0,0,0,0,0,2,0,2
4,712,275.3000000000002,247,terminated,300,0,0,0,0,0,0,1,1,0,1,1,0,0,0,0,1,1,0,0,0,0
4,713,282.2000000000005,228,terminated,300,0,2,2,0,0,0,2,1,1,2,1,1,0,0,0,2,1,1,2,2,0
4,714,287.1000000000004,179,terminated,300,1,0,0,0,0,0,0,0,0,0,0,0,0,0,0,0,0,0,0,0,0
4,715,283.00000000000034,220,terminated,300,1,0,0,0,0,0,0,0,0,0,0,0,0,0,0,0,0,0,0,0,0
4,716,277.80000000000064,222,terminated,300,1,0,0,0,0,0,0,0,0,0,0,0,0,0,0,0,0,0,0,0,0
4,717,275.90000000000066,241,terminated,300,1,0,0,0,0,0,0,0,0,0,0,0,0,0,0,0,0,0,0,0,0
4,718,285.30000000000047,197,terminated,300,0,0,0,0,0,0,1,1,0,1,1,0,0,0,0,1,1,0,0,0,0
4,719,281.1000000000004,239,terminated,300,0,1,0,0,1,0,1,0,1,1,0,1,0,0,0,1,0,1,1,1,0
4,720,282.9000000000003,221,terminated,300,1,0,0,0,0,0,0,0,0,0,0,0,0,0,0,0,0,0,0,0,0
4,721,278.8000000000004,212,terminated,300,0,1,0,1,0,0,1,0,1,1,0,1,0,0,0,1,0,1,1,1,0
4,722,285.0000000000002,200,terminated,300,1,0,0,0,0,0,0,0,0,0,0,0,0,0,0,0,0,0,0,0,0
4,723,279.3000000000006,257,terminated,300,0,1,0,0,0,1,1,1,0,1,1,0,0,0,0,1,1,0,1,0,1
4,724,281.20000000000056,188,terminated,300,1,0,0,0,0,0,0,0,0,0,0,0,0,0,0,0,0,0,0,0,0
4,725,281.5000000000004,185,terminated,300,0,2,1,1,0,0,1,1,0,1,1,0,1,1,0,0,0,0,2,0,2
4,726,286.5000000000003,185,terminated,300,0,1,0,1,0,0,1,0,1,1,0,1,0,0,0,1,0,1,0,0,0
4,727,277.4000000000005,226,terminated,300,0,2,1,1,0,0,1,0,1,1,0,1,0,0,0,1,0,1,1,0,1
4,728,285.90000000000026,191,terminated,300,0,2,0,1,1,0,1,0,1,1,0,1,1,0,1,0,0,0,2,1,1
4,729,284.00000000000006,210,terminated,300,1,0,0,0,0,0,0,0,0,0,0,0,0,0,0,0,0,0,0,0,0
4,730,281.30000000000047,237,terminated,300,1,0,0,0,0,0,0,0,0,0,0,0,0,0,0,0,0,0,0,0,0
4,731,279.10000000000065,209,terminated,300,0,1,0,1,0,0,1,1,0,1,1,0,0,0,0,1,1,0,0,0,0
4,732,280.0000000000005,200,terminated,300,0,0,0,0,0,0,1,1,0,1,1,0,0,0,0,1,1,0,0,0,0
4,733,278.000000000001,270,terminated,300,0,1,1,0,0,0,2,1,1,2,1,1,0,0,0,2,1,1,0,0,0
4,734,286.1000000000006,189,terminated,300,0,1,0,1,0,0,1,0,1,1,0,1,1,0,1,0,0,0,1,1,0
4,735,274.0000000000003,260,terminated,300,1,0,0,0,0,0,0,0,0,0,0,0,0,0,0,0,0,0,0,0,0
4,736,275.00000000000057,250,terminated,300,0,0,0,0,0,0,1,1,0,1,1,0,1,1,0,0,0,0,0,0,0
4,737,264.1000000000016,409,terminated,300,1,0,0,0,0,0,0,0,0,0,0,0,0,0,0,0,0,0,0,0,0
4,738,285.50000000000057,195,terminated,300,0,2,0,2,0,0,2,1,1,2,1,1,0,0,0,2,1,1,1,1,0
4,739,285.90000000000066,191,terminated,300,0,0,0,0,0,0,1,1,0,1,1,0,0,0,0,1,1,0,0,0,0
4,740,276.1000000000001,239,terminated,300,0,0,0,0,0,0,1,1,0,1,1,0,0,0,0,1,1,0,0,0,0
4,741,282.1000000000008,229,terminated,300,0,1,0,0,1,0,2,1,1,2,1,1,0,0,0,2,1,1,1,1,0
4,742,283.00000000000045,220,terminated,300,1,0,0,0,0,0,0,0,0,0,0,0,0,0,0,0,0,0,0,0,0
4,743,279.40000000000083,206,terminated,300,1,0,0,0,0,0,0,0,0,0,0,0,0,0,0,0,0,0,0,0,0
4,744,272.9000000000009,271,terminated,300,1,0,0,0,0,0,0,0,0,0,0,0,0,0,0,0,0,0,0,0,0
4,745,276.2000000000006,238,terminated,300,0,0,0,0,0,0,2,1,1,2,1,1,1,0,1,1,1,0,0,0,0
4,746,275.9000000000008,241,terminated,300,1,0,0,0,0,0,0,0,0,0,0,0,0,0,0,0,0,0,0,0,0
4,747,280.3000000000007,197,terminated,300,1,0,0,0,0,0,0,0,0,0,0,0,0,0,0,0,0,0,0,0,0
4,748,286.70000000000056,183,terminated,300,0,2,1,0,0,1,2,1,1,2,1,1,0,0,0,2,1,1,3,1,2
4,749,279.4000000000008,206,terminated,300,0,0,0,0,0,0,1,1,0,1,1,0,0,0,0,1,1,0,0,0,0
4,750,279.20000000000044,208,terminated,300,0,2,0,0,0,2,1,0,1,1,0,1,0,0,0,1,0,1,3,2,1
4,751,276.00000000000057,240,terminated,300,1,1,1,0,0,0,0,0,0,0,0,0,0,0,0,0,0,0,1,1,0
4,752,281.1000000000004,239,terminated,300,0,1,0,0,1,0,2,1,1,2,1,1,0,0,0,2,1,1,0,0,0
4,753,281.1000000000002,239,terminated,300,0,1,0,1,0,0,1,0,1,1,0,1,0,0,0,1,0,1,1,0,1
4,754,281.8000000000005,232,terminated,300,0,1,0,0,0,1,1,1,0,1,1,0,0,0,0,1,1,0,1,1,0
4,755,284.70000000000033,203,terminated,300,0,1,1,0,0,0,1,0,1,1,0,1,1,0,1,0,0,0,0,0,0
4,756,284.4000000000002,206,terminated,300,0,1,0,1,0,0,2,1,1,2,1,1,0,0,0,2,1,1,0,0,0
4,757,280.60000000000053,244,terminated,300,1,0,0,0,0,0,0,0,0,0,0,0,0,0,0,0,0,0,0,0,0
4,758,284.5000000000006,205,terminated,300,0,1,0,0,1,0,1,1,0,1,1,0,0,0,0,1,1,0,1,0,1
4,759,281.7,183,terminated,300,0,2,0,0,0,2,2,1,1,2,1,1,1,1,0,1,0,1,2,0,2
4,760,284.9000000000005,201,terminated,300,1,2,0,0,0,2,0,0,0,0,0,0,0,0,0,0,0,0,2,2,0
4,761,279.9000000000005,251,terminated,300,0,4,2,0,1,1,2,1,1,2,1,1,1,0,1,1,1,0,3,1,2
4,762,278.3000000000007,217,terminated,300,0,2,0,0,1,1,2,1,1,2,1,1,1,1,0,1,0,1,1,1,0
4,763,278.40000000000015,216,terminated,300,0,1,0,0,1,0,1,0,1,1,0,1,1,0,1,0,0,0,0,0,0
4,764,280.20000000000067,198,terminated,300,0,0,0,0,0,0,1,1,0,1,1,0,0,0,0,1,1,0,0,0,0
4,765,281.8000000000006,182,terminated,300,0,0,0,0,0,0,2,1,1,2,1,1,0,0,0,2,1,1,0,0,0
4,766,284.50000000000034,205,terminated,300,1,2,0,0,0,2,0,0,0,0,0,0,0,0,0,0,0,0,2,0,2
4,767,275.00000000000057,250,terminated,300,0,1,0,1,0,0,1,0,1,1,0,1,0,0,0,1,0,1,0,0,0
4,768,279.1000000000009,259,terminated,300,1,1,0,0,1,0,0,0,0,0,0,0,0,0,0,0,0,0,1,0,1
4,769,282.60000000000076,224,terminated,300,1,1,1,0,0,0,0,0,0,0,0,0,0,0,0,0,0,0,1,1,0
4,770,276.30000000000024,237,terminated,300,0,0,0,0,0,0,1,0,1,1,0,1,1,0,1,0,0,0,0,0,0
4,771,286.3000000000003,187,terminated,300,0,0,0,0,0,0,1,1,0,1,1,0,0,0,0,1,1,0,0,0,0
4,772,276.50000000000074,285,terminated,300,0,1,1,0,0,0,2,1,1,2,1,1,0,0,0,2,1,1,1,1,0
4,773,280.3000000000005,197,terminated,300,1,0,0,0,0,0,0,0,0,0,0,0,0,0,0,0,0,0,0,0,0
4,774,278.70000000000067,213,terminated,300,0,4,1,2,1,0,2,1,1,2,1,1,0,0,0,2,1,1,3,2,1
4,775,279.6000000000007,204,terminated,300,1,0,0,0,0,0,0,0,0,0,0,0,0,0,0,0,0,0,0,0,0
4,776,282.30000000000047,177,terminated,300,0,0,0,0,0,0,1,0,1,1,0,1,0,0,0,1,0,1,0,0,0
4,777,285.8000000000005,192,terminated,300,0,2,1,1,0,0,2,1,1,2,1,1,1,1,0,1,0,1,1,0,1
4,778,277.7000000000006,223,terminated,300,0,2,2,0,0,0,1,0,1,1,0,1,0,0,0,1,0,1,2,2,0
4,779,279.7000000000003,203,terminated,300,0,1,0,1,0,0,1,0,1,1,0,1,0,0,0,1,0,1,0,0,0
4,780,285.0000000000005,200,terminated,300,0,2,0,0,2,0,2,1,1,2,1,1,1,1,0,1,0,1,0,0,0
4,781,279.30000000000075,207,terminated,300,0,3,1,0,2,0,1,1,0,1,1,0,1,1,0,0,0,0,3,2,1
4,782,284.29999999999984,207,terminated,300,0,1,1,0,0,0,1,0,1,1,0,1,0,0,0,1,0,1,0,0,0
4,783,279.6000000000001,254,terminated,300,0,0,0,0,0,0,1,1,0,1,1,0,0,0,0,1,1,0,0,0,0
4,784,280.90000000000043,191,terminated,300,1,0,0,0,0,0,0,0,0,0,0,0,0,0,0,0,0,0,0,0,0
4,785,285.10000000000014,199,terminated,300,1,0,0,0,0,0,0,0,0,0,0,0,0,0,0,0,0,0,0,0,0
4,786,276.50000000000074,235,terminated,300,0,0,0,0,0,0,1,0,1,1,0,1,1,0,1,0,0,0,0,0,0
4,787,281.4000000000005,236,terminated,300,1,0,0,0,0,0,0,0,0,0,0,0,0,0,0,0,0,0,0,0,0
4,788,278.00000000000006,220,terminated,300,0,1,1,0,0,0,2,1,1,2,1,1,0,0,0,2,1,1,0,0,0
4,789,278.9000000000008,211,terminated,300,1,0,0,0,0,0,0,0,0,0,0,0,0,0,0,0,0,0,0,0,0
4,790,283.9000000000007,211,terminated,300,0,1,0,1,0,0,2,1,1,2,1,1,0,0,0,2,1,1,1,1,0
4,791,283.2000000000006,218,terminated,300,0,4,1,0,2,1,1,0,1,1,0,1,0,0,0,1,0,1,4,2,2
4,792,275.7000000000007,243,terminated,300,0,1,0,0,0,1,2,1,1,2,1,1,0,0,0,2,1,1,1,0,1
4,793,287.3000000000003,177,terminated,300,1,0,0,0,0,0,0,0,0,0,0,0,0,0,0,0,0,0,0,0,0
4,794,276.500000000001,285,terminated,300,1,1,0,0,1,0,0,0,0,0,0,0,0,0,0,0,0,0,1,0,1
4,795,269.80000000000143,352,terminated,300,0,0,0,0,0,0,2,1,1,2,1,1,0,0,0,2,1,1,0,0,0
4,796,277.80000000000086,272,terminated,300,0,1,1,0,0,0,1,0,1,1,0,1,1,0,1,0,0,0,0,0,0
4,797,272.30000000000075,277,terminated,300,0,0,0,0,0,0,1,1,0,1,1,0,0,0,0,1,1,0,0,0,0
4,798,275.2000000000004,248,terminated,300,0,2,0,1,0,1,1,1,0,1,1,0,0,0,0,1,1,0,2,0,2
4,799,287.00000000000006,180,terminated,300,0,1,1,0,0,0,1,1,0,1,1,0,0,0,0,1,1,0,1,0,1
4,800,280.3000000000008,197,terminated,300,1,0,0,0,0,0,0,0,0,0,0,0,0,0,0,0,0,0,0,0,0
4,801,272.6000000000008,274,terminated,300,0,3,1,0,2,0,2,1,1,2,1,1,1,0,1,1,1,0,3,1,2
4,802,280.60000000000053,194,terminated,300,0,1,1,0,0,0,2,1,1,2,1,1,0,0,0,2,1,1,0,0,0
4,803,277.7000000000004,223,terminated,300,0,1,0,0,1,0,2,1,1,2,1,1,1,1,0,1,0,1,0,0,0
4,804,277.3000000000009,277,terminated,300,1,0,0,0,0,0,0,0,0,0,0,0,0,0,0,0,0,0,0,0,0
4,805,277.8000000000005,222,terminated,300,0,2,0,0,0,2,2,1,1,2,1,1,0,0,0,2,1,1,2,0,2
4,806,278.30000000000086,267,terminated,300,0,1,0,0,1,0,2,1,1,2,1,1,0,0,0,2,1,1,0,0,0
4,807,279.3000000000004,257,terminated,300,0,1,0,0,0,1,2,1,1,2,1,1,0,0,0,2,1,1,0,0,0
4,808,278.9000000000007,261,terminated,300,0,0,0,0,0,0,2,1,1,2,1,1,1,1,0,1,0,1,0,0,0
4,809,275.30000000000103,297,terminated,300,0,0,0,0,0,0,1,1,0,1,1,0,0,0,0,1,1,0,0,0,0
4,810,282.1000000000004,229,terminated,300,0,0,0,0,0,0,1,1,0,1,1,0,0,0,0,1,1,0,0,0,0
4,811,278.8000000000006,212,terminated,300,1,4,0,2,0,2,0,0,0,0,0,0,0,0,0,0,0,0,6,3,3
4,812,280.3000000000005,197,terminated,300,0,2,0,1,1,0,2,1,1,2,1,1,1,0,1,1,1,0,0,0,0
4,813,288.70000000000044,163,terminated,300,0,3,1,0,0,2,2,1,1,2,1,1,1,1,0,1,0,1,2,0,2
4,814,281.9000000000006,181,terminated,300,1,2,1,0,0,1,0,0,0,0,0,0,0,0,0,0,0,0,2,0,2
4,815,285.00000000000034,200,terminated,300,1,0,0,0,0,0,0,0,0,0,0,0,0,0,0,0,0,0,0,0,0
4,816,281.3000000000007,187,terminated,300,0,0,0,0,0,0,2,1,1,2,1,1,1,0,1,1,1,0,0,0,0
4,817,280.8000000000004,192,terminated,300,0,2,0,0,1,1,1,1,0,1,1,0,0,0,0,1,1,0,1,1,0
4,818,285.5000000000003,195,terminated,300,0,2,0,1,0,1,2,1,1,2,1,1,0,0,0,2,1,1,1,1,0
4,819,270.6000000000012,294,terminated,300,1,0,0,0,0,0,0,0,0,0,0,0,0,0,0,0,0,0,0,0,0
4,820,277.7000000000005,223,terminated,300,0,0,0,0,0,0,1,0,1,1,0,1,0,0,0,1,0,1,0,0,0
4,821,281.70000000000016,233,terminated,300,1,0,0,0,0,0,0,0,0,0,0,0,0,0,0,0,0,0,0,0,0
4,822,279.90000000000015,201,terminated,300,0,0,0,0,0,0,2,1,1,2,1,1,0,0,0,2,1,1,0,0,0
4,823,285.7000000000004,193,terminated,300,0,0,0,0,0,0,1,1,0,1,1,0,1,1,0,0,0,0,0,0,0
4,824,273.800000000001,262,terminated,300,0,2,1,1,0,0,2,1,1,2,1,1,1,1,0,1,0,1,1,1,0
4,825,269.3000000000008,307,terminated,300,0,0,0,0,0,0,2,1,1,2,1,1,0,0,0,2,1,1,0,0,0
4,826,282.5000000000007,225,terminated,300,0,1,0,1,0,0,2,1,1,2,1,1,1,0,1,1,1,0,0,0,0
4,827,280.2,198,terminated,300,0,1,0,0,1,0,1,1,0,1,1,0,0,0,0,1,1,0,1,1,0
4,828,274.3000000000005,257,terminated,300,0,0,0,0,0,0,1,0,1,1,0,1,0,0,0,1,0,1,0,0,0
4,829,281.00000000000057,190,terminated,300,0,0,0,0,0,0,1,0,1,1,0,1,0,0,0,1,0,1,0,0,0
4,830,283.7000000000005,163,terminated,300,0,3,0,1,1,1,2,1,1,2,1,1,0,0,0,2,1,1,1,0,1
4,831,277.20000000000044,228,terminated,300,0,0,0,0,0,0,1,0,1,1,0,1,0,0,0,1,0,1,0,0,0
4,832,277.80000000000064,222,terminated,300,1,4,2,0,2,0,0,0,0,0,0,0,0,0,0,0,0,0,4,4,0
4,833,281.60000000000025,184,terminated,300,1,0,0,0,0,0,0,0,0,0,0,0,0,0,0,0,0,0,0,0,0
4,834,278.60000000000076,214,terminated,300,1,3,0,2,0,1,0,0,0,0,0,0,0,0,0,0,0,0,4,1,3
4,835,283.0000000000002,170,terminated,300,0,0,0,0,0,0,1,1,0,1,1,0,0,0,0,1,1,0,0,0,0
4,836,286.1000000000005,189,terminated,300,0,2,0,0,2,0,2,1,1,2,1,1,0,0,0,2,1,1,1,1,0
4,837,275.2000000000004,248,terminated,300,0,0,0,0,0,0,1,0,1,1,0,1,1,0,1,0,0,0,0,0,0
4,838,282.4000000000004,176,terminated,300,1,0,0,0,0,0,0,0,0,0,0,0,0,0,0,0,0,0,0,0,0
4,839,276.9000000000009,231,terminated,300,0,0,0,0,0,0,1,0,1,1,0,1,1,0,1,0,0,0,0,0,0
4,840,279.20000000000044,208,terminated,300,0,3,1,1,0,1,2,1,1,2,1,1,0,0,0,2,1,1,2,1,1
4,841,278.50000000000006,215,terminated,300,1,0,0,0,0,0,0,0,0,0,0,0,0,0,0,0,0,0,0,0,0
4,842,275.30000000000024,247,terminated,300,1,0,0,0,0,0,0,0,0,0,0,0,0,0,0,0,0,0,0,0,0
4,843,282.6000000000002,174,terminated,300,0,1,1,0,0,0,2,1,1,2,1,1,0,0,0,2,1,1,0,0,0
4,844,284.00000000000017,210,terminated,300,0,0,0,0,0,0,1,1,0,1,1,0,0,0,0,1,1,0,0,0,0
4,845,284.60000000000036,204,terminated,300,0,5,1,1,1,2,1,1,0,1,1,0,0,0,0,1,1,0,5,1,4
4,846,277.8000000000003,222,terminated,300,0,0,0,0,0,0,2,1,1,2,1,1,1,1,0,1,0,1,0,0,0
4,847,286.40000000000055,186,terminated,300,1,0,0,0,0,0,0,0,0,0,0,0,0,0,0,0,0,0,0,0,0
4,848,276.70000000000056,233,terminated,300,0,0,0,0,0,0,2,1,1,2,1,1,1,1,0,1,0,1,0,0,0
4,849,283.3000000000007,217,terminated,300,0,0,0,0,0,0,1,0,1,1,0,1,0,0,0,1,0,1,0,0,0
4,850,274.6000000000009,254,terminated,300,0,1,0,0,0,1,2,1,1,2,1,1,1,1,0,1,0,1,1,0,1
4,851,282.10000000000036,229,terminated,300,0,1,0,0,0,1,1,0,1,1,0,1,1,0,1,0,0,0,0,0,0
4,852,277.40000000000066,226,terminated,300,0,1,1,0,0,0,2,1,1,2,1,1,1,0,1,1,1,0,0,0,0
4,853,280.2000000000003,198,terminated,300,0,0,0,0,0,0,1,0,1,1,0,1,1,0,1,0,0,0,0,0,0
4,854,277.50000000000074,225,terminated,300,1,0,0,0,0,0,0,0,0,0,0,0,0,0,0,0,0,0,0,0,0
4,855,272.20000000000056,278,terminated,300,0,2,0,0,0,2,1,0,1,1,0,1,0,0,0,1,0,1,2,0,2
4,856,286.9000000000003,181,terminated,300,1,0,0,0,0,0,0,0,0,0,0,0,0,0,0,0,0,0,0,0,0
4,857,276.2000000000004,238,terminated,300,0,1,0,0,0,1,1,0,1,1,0,1,1,0,1,0,0,0,1,0,1
4,858,272.90000000000094,271,terminated,300,1,0,0,0,0,0,0,0,0,0,0,0,0,0,0,0,0,0,0,0,0
4,859,284.0000000000004,210,terminated,300,1,0,0,0,0,0,0,0,0,0,0,0,0,0,0,0,0,0,0,0,0
4,860,271.7000000000011,283,terminated,300,0,1,0,0,0,1,1,0,1,1,0,1,0,0,0,1,0,1,0,0,0
4,861,285.40000000000026,196,terminated,300,0,1,0,0,1,0,2,1,1,2,1,1,0,0,0,2,1,1,0,0,0
4,862,279.7000000000006,203,terminated,300,0,3,0,2,1,0,2,1,1,2,1,1,0,0,0,2,1,1,1,1,0
4,863,277.1000000000007,229,terminated,300,1,0,0,0,0,0,0,0,0,0,0,0,0,0,0,0,0,0,0,0,0
4,864,278.5000000000004,215,terminated,300,1,1,1,0,0,0,0,0,0,0,0,0,0,0,0,0,0,0,1,0,1
4,865,280.00000000000034,250,terminated,300,0,1,0,1,0,0,2,1,1,2,1,1,2,1,1,0,0,0,1,1,0
4,866,277.70000000000084,273,terminated,300,0,1,0,1,0,0,2,1,1,2,1,1,1,1,0,1,0,1,1,1,0
4,867,277.60000000000065,224,terminated,300,0,1,0,1,0,0,2,1,1,2,1,1,0,0,0,2,1,1,0,0,0
4,868,273.9000000000007,261,terminated,300,0,0,0,0,0,0,1,1,0,1,1,0,0,0,0,1,1,0,0,0,0
4,869,280.40000000000055,196,terminated,300,1,0,0,0,0,0,0,0,0,0,0,0,0,0,0,0,0,0,0,0,0
4,870,280.30000000000075,247,terminated,300,1,0,0,0,0,0,0,0,0,0,0,0,0,0,0,0,0,0,0,0,0
4,871,282.9000000000006,221,terminated,300,0,0,0,0,0,0,2,1,1,2,1,1,0,0,0,2,1,1,0,0,0
4,872,274.1000000000006,259,terminated,300,0,2,2,0,0,0,2,1,1,2,1,1,0,0,0,2,1,1,2,0,2
4,873,286.6000000000005,184,terminated,300,0,0,0,0,0,0,1,1,0,1,1,0,0,0,0,1,1,0,0,0,0
4,874,284.50000000000057,205,terminated,300,0,0,0,0,0,0,2,1,1,2,1,1,0,0,0,2,1,1,0,0,0
4,875,277.2000000000006,228,terminated,300,0,1,0,0,0,1,2,1,1,2,1,1,0,0,0,2,1,1,0,0,0
4,876,279.6000000000004,204,terminated,300,0,3,0,2,0,1,2,1,1,2,1,1,0,0,0,2,1,1,2,0,2
4,877,280.20000000000033,248,terminated,300,0,0,0,0,0,0,2,1,1,2,1,1,1,1,0,1,0,1,0,0,0
4,878,276.6000000000008,234,terminated,300,0,0,0,0,0,0,1,1,0,1,1,0,0,0,0,1,1,0,0,0,0
4,879,281.30000000000035,237,terminated,300,1,0,0,0,0,0,0,0,0,0,0,0,0,0,0,0,0,0,0,0,0
4,880,282.9000000000002,221,terminated,300,0,3,0,0,3,0,1,1,0,1,1,0,1,1,0,0,0,0,4,1,3
4,881,283.90000000000026,211,terminated,300,0,3,0,0,1,2,1,1,0,1,1,0,0,0,0,1,1,0,2,0,2
4,882,275.10000000000093,249,terminated,300,1,0,0,0,0,0,0,0,0,0,0,0,0,0,0,0,0,0,0,0,0
4,883,276.9000000000009,281,terminated,300,1,0,0,0,0,0,0,0,0,0,0,0,0,0,0,0,0,0,0,0,0
4,884,276.00000000000057,240,terminated,300,0,3,1,2,0,0,1,1,0,1,1,0,1,1,0,0,0,0,2,0,2
4,885,279.6000000000004,204,terminated,300,1,0,0,0,0,0,0,0,0,0,0,0,0,0,0,0,0,0,0,0,0
4,886,287.1000000000006,179,terminated,300,0,2,0,1,1,0,2,1,1,2,1,1,0,0,0,2,1,1,2,1,1
4,887,278.4000000000007,266,terminated,300,0,0,0,0,0,0,2,1,1,2,1,1,0,0,0,2,1,1,0,0,0
4,888,282.7000000000001,173,terminated,300,0,1,0,0,1,0,1,1,0,1,1,0,0,0,0,1,1,0,1,0,1
4,889,281.5000000000004,235,terminated,300,0,0,0,0,0,0,2,1,1,2,1,1,0,0,0,2,1,1,0,0,0
4,890,276.7000000000005,233,terminated,300,0,0,0,0,0,0,1,0,1,1,0,1,0,0,0,1,0,1,0,0,0
4,891,271.3000000000011,287,terminated,300,0,0,0,0,0,0,1,0,1,1,0,1,1,0,1,0,0,0,0,0,0
4,892,279.10000000000036,209,terminated,300,1,0,0,0,0,0,0,0,0,0,0,0,0,0,0,0,0,0,0,0,0
4,893,278.60000000000065,214,terminated,300,0,0,0,0,0,0,2,1,1,2,1,1,1,0,1,1,1,0,0,0,0
4,894,285.1999999999999,198,terminated,300,1,0,0,0,0,0,0,0,0,0,0,0,0,0,0,0,0,0,0,0,0
4,895,278.5000000000004,215,terminated,300,1,1,0,0,0,1,0,0,0,0,0,0,0,0,0,0,0,0,1,1,0
4,896,275.9000000000007,241,terminated,300,1,0,0,0,0,0,0,0,0,0,0,0,0,0,0,0,0,0,0,0,0
4,897,275.6000000000008,244,terminated,300,0,2,1,0,0,1,1,1,0,1,1,0,0,0,0,1,1,0,1,1,0
4,898,277.2000000000007,228,terminated,300,1,0,0,0,0,0,0,0,0,0,0,0,0,0,0,0,0,0,0,0,0
4,899,278.8000000000006,212,terminated,300,0,1,0,0,1,0,1,1,0,1,1,0,1,1,0,0,0,0,1,1,0
4,900,273.7000000000009,263,terminated,300,1,0,0,0,0,0,0,0,0,0,0,0,0,0,0,0,0,0,0,0,0
4,901,277.1,229,terminated,300,0,1,0,0,1,0,1,1,0,1,1,0,0,0,0,1,1,0,1,1,0
4,902,284.20000000000067,208,terminated,300,1,0,0,0,0,0,0,0,0,0,0,0,0,0,0,0,0,0,0,0,0
4,903,284.6000000000004,204,terminated,300,1,2,0,0,0,2,0,0,0,0,0,0,0,0,0,0,0,0,2,1,1
4,904,285.7000000000002,193,terminated,300,0,2,2,0,0,0,2,1,1,2,1,1,0,0,0,2,1,1,1,0,1
4,905,284.3000000000006,207,terminated,300,0,0,0,0,0,0,1,0,1,1,0,1,0,0,0,1,0,1,0,0,0
4,906,284.0000000000007,210,terminated,300,0,1,1,0,0,0,1,0,1,1,0,1,0,0,0,1,0,1,1,0,1
4,907,280.20000000000033,198,terminated,300,1,0,0,0,0,0,0,0,0,0,0,0,0,0,0,0,0,0,0,0,0
4,908,275.1000000000007,249,terminated,300,0,1,0,0,0,1,1,0,1,1,0,1,0,0,0,1,0,1,1,1,0
4,909,288.2000000000005,168,terminated,300,0,1,0,1,0,0,2,1,1,2,1,1,1,0,1,1,1,0,0,0,0
4,910,280.9000000000006,191,terminated,300,1,0,0,0,0,0,0,0,0,0,0,0,0,0,0,0,0,0,0,0,0
4,911,285.9000000000006,191,terminated,300,0,2,1,1,0,0,2,1,1,2,1,1,0,0,0,2,1,1,0,0,0
4,912,286.5000000000004,185,terminated,300,1,0,0,0,0,0,0,0,0,0,0,0,0,0,0,0,0,0,0,0,0
4,913,281.6000000000002,184,terminated,300,1,1,0,0,0,1,0,0,0,0,0,0,0,0,0,0,0,0,1,1,0
4,914,278.4000000000008,216,terminated,300,0,0,0,0,0,0,1,0,1,1,0,1,0,0,0,1,0,1,0,0,0
4,915,282.4000000000006,226,terminated,300,1,4,2,0,2,0,0,0,0,0,0,0,0,0,0,0,0,0,4,0,4
4,916,280.50000000000045,195,terminated,300,0,1,0,1,0,0,2,1,1,2,1,1,0,0,0,2,1,1,0,0,0
4,917,277.0000000000005,280,terminated,300,1,0,0,0,0,0,0,0,0,0,0,0,0,0,0,0,0,0,0,0,0
4,918,277.6000000000004,224,terminated,300,0,2,1,0,1,0,1,0,1,1,0,1,0,0,0,1,0,1,1,1,0
4,919,276.4000000000007,236,terminated,300,0,1,0,0,0,1,2,1,1,2,1,1,1,1,0,1,0,1,0,0,0
4,920,275.5000000000001,245,terminated,300,0,0,0,0,0,0,1,0,1,1,0,1,0,0,0,1,0,1,0,0,0
4,921,271.30000000000115,287,terminated,300,1,0,0,0,0,0,0,0,0,0,0,0,0,0,0,0,0,0,0,0,0
4,922,280.30000000000035,197,terminated,300,0,0,0,0,0,0,2,1,1,2,1,1,0,0,0,2,1,1,0,0,0
4,923,277.80000000000086,272,terminated,300,0,1,0,0,1,0,2,1,1,2,1,1,0,0,0,2,1,1,0,0,0
4,924,283.6000000000007,214,terminated,300,1,0,0,0,0,0,0,0,0,0,0,0,0,0,0,0,0,0,0,0,0
4,925,282.60000000000025,224,terminated,300,1,0,0,0,0,0,0,0,0,0,0,0,0,0,0,0,0,0,0,0,0
4,926,284.30000000000035,207,terminated,300,1,2,0,2,0,0,0,0,0,0,0,0,0,0,0,0,0,0,2,0,2
4,927,281.50000000000045,185,terminated,300,0,3,2,0,1,0,2,1,1,2,1,1,0,0,0,2,1,1,1,0,1
4,928,280.30000000000035,197,terminated,300,1,1,1,0,0,0,0,0,0,0,0,0,0,0,0,0,0,0,1,0,1
4,929,280.90000000000026,191,terminated,300,0,2,1,1,0,0,2,1,1,2,1,1,0,0,0,2,1,1,1,1,0
4,930,276.20000000000033,238,terminated,300,0,1,0,1,0,0,1,0,1,1,0,1,0,0,0,1,0,1,1,0,1
4,931,274.7000000000003,253,terminated,300,0,0,0,0,0,0,1,0,1,1,0,1,1,0,1,0,0,0,0,0,0
4,932,282.0000000000005,180,terminated,300,0,2,1,0,0,1,1,0,1,1,0,1,1,0,1,0,0,0,1,0,1
4,933,278.6000000000006,214,terminated,300,1,3,2,0,1,0,0,0,0,0,0,0,0,0,0,0,0,0,3,1,2
4,934,280.4000000000003,196,terminated,300,1,0,0,0,0,0,0,0,0,0,0,0,0,0,0,0,0,0,0,0,0
4,935,280.2000000000004,198,terminated,300,0,1,1,0,0,0,2,1,1,2,1,1,0,0,0,2,1,1,1,0,1
4,936,281.40000000000043,186,terminated,300,0,1,1,0,0,0,2,1,1,2,1,1,0,0,0,2,1,1,0,0,0
4,937,282.4000000000008,226,terminated,300,0,0,0,0,0,0,2,1,1,2,1,1,1,0,1,1,1,0,0,0,0
4,938,279.50000000000034,205,terminated,300,0,2,0,2,0,0,1,0,1,1,0,1,0,0,0,1,0,1,2,0,2
4,939,274.8000000000003,252,terminated,300,0,0,0,0,0,0,1,0,1,1,0,1,0,0,0,1,0,1,0,0,0
4,940,278.30000000000047,267,terminated,300,0,1,0,0,0,1,1,1,0,1,1,0,1,1,0,0,0,0,0,0,0
4,941,284.2000000000003,208,terminated,300,1,0,0,0,0,0,0,0,0,0,0,0,0,0,0,0,0,0,0,0,0
4,942,272.9000000000004,271,terminated,300,0,0,0,0,0,0,2,1,1,2,1,1,0,0,0,2,1,1,0,0,0
4,943,285.1000000000001,199,terminated,300,1,0,0,0,0,0,0,0,0,0,0,0,0,0,0,0,0,0,0,0,0
4,944,275.1000000000006,249,terminated,300,0,4,2,0,2,0,1,0,1,1,0,1,1,0,1,0,0,0,2,2,0
4,945,279.4000000000005,256,terminated,300,0,6,1,3,0,2,1,0,1,1,0,1,0,0,0,1,0,1,4,3,1
4,946,281.49999999999994,235,terminated,300,0,1,0,1,0,0,1,0,1,1,0,1,0,0,0,1,0,1,1,0,1
4,947,284.70000000000016,203,terminated,300,0,1,1,0,0,0,2,1,1,2,1,1,0,0,0,2,1,1,1,0,1
4,948,285.50000000000006,195,terminated,300,0,0,0,0,0,0,2,1,1,2,1,1,0,0,0,2,1,1,0,0,0
4,949,277.80000000000064,222,terminated,300,0,1,0,0,0,1,1,1,0,1,1,0,1,1,0,0,0,0,0,0,0
4,950,265.7000000000018,393,terminated,300,0,0,0,0,0,0,1,0,1,1,0,1,1,0,1,0,0,0,0,0,0
4,951,281.2000000000008,188,terminated,300,1,0,0,0,0,0,0,0,0,0,0,0,0,0,0,0,0,0,0,0,0
4,952,281.20000000000067,188,terminated,300,0,2,0,1,0,1,2,1,1,2,1,1,2,1,1,0,0,0,2,2,0
4,953,279.60000000000036,204,terminated,300,0,2,0,1,1,0,1,0,1,1,0,1,0,0,0,1,0,1,1,0,1
4,954,279.3000000000006,207,terminated,300,0,0,0,0,0,0,1,0,1,1,0,1,0,0,0,1,0,1,0,0,0
4,955,277.1000000000008,229,terminated,300,0,1,0,0,0,1,2,1,1,2,1,1,0,0,0,2,1,1,0,0,0
4,956,281.70000000000044,183,terminated,300,0,1,0,1,0,0,2,1,1,2,1,1,0,0,0,2,1,1,0,0,0
4,957,286.1000000000004,189,terminated,300,1,0,0,0,0,0,0,0,0,0,0,0,0,0,0,0,0,0,0,0,0
4,958,279.40000000000083,206,terminated,300,0,0,0,0,0,0,2,1,1,2,1,1,0,0,0,2,1,1,0,0,0
4,959,280.7000000000005,193,terminated,300,0,2,0,1,1,0,2,1,1,2,1,1,1,1,0,1,0,1,1,0,1
4,960,284.20000000000033,208,terminated,300,0,1,1,0,0,0,2,1,1,2,1,1,0,0,0,2,1,1,1,0,1
4,961,274.4000000000005,256,terminated,300,1,1,0,0,0,1,0,0,0,0,0,0,0,0,0,0,0,0,1,0,1
4,962,281.80000000000047,232,terminated,300,1,1,1,0,0,0,0,0,0,0,0,0,0,0,0,0,0,0,1,0,1
4,963,277.20000000000044,228,terminated,300,1,0,0,0,0,0,0,0,0,0,0,0,0,0,0,0,0,0,0,0,0
4,964,284.5000000000005,205,terminated,300,0,1,0,0,0,1,1,1,0,1,1,0,0,0,0,1,1,0,1,1,0
4,965,283.5000000000007,215,terminated,300,1,0,0,0,0,0,0,0,0,0,0,0,0,0,0,0,0,0,0,0,0
4,966,280.10000000000076,199,terminated,300,0,0,0,0,0,0,1,0,1,1,0,1,1,0,1,0,0,0,0,0,0
4,967,285.6000000000006,194,terminated,300,1,0,0,0,0,0,0,0,0,0,0,0,0,0,0,0,0,0,0,0,0
4,968,279.4000000000003,206,terminated,300,1,1,0,1,0,0,0,0,0,0,0,0,0,0,0,0,0,0,1,0,1
4,969,281.4000000000008,186,terminated,300,1,0,0,0,0,0,0,0,0,0,0,0,0,0,0,0,0,0,0,0,0
4,970,271.9000000000011,281,terminated,300,1,0,0,0,0,0,0,0,0,0,0,0,0,0,0,0,0,0,0,0,0
4,971,282.8000000000002,172,terminated,300,1,0,0,0,0,0,0,0,0,0,0,0,0,0,0,0,0,0,0,0,0
4,972,277.8000000000007,272,terminated,300,0,0,0,0,0,0,1,1,0,1,1,0,0,0,0,1,1,0,0,0,0
4,973,277.80000000000035,272,terminated,300,0,1,0,0,0,1,1,0,1,1,0,1,0,0,0,1,0,1,1,0,1
4,974,280.70000000000044,193,terminated,300,0,0,0,0,0,0,1,0,1,1,0,1,0,0,0,1,0,1,0,0,0
4,975,280.60000000000076,244,terminated,300,1,0,0,0,0,0,0,0,0,0,0,0,0,0,0,0,0,0,0,0,0
4,976,281.60000000000025,234,terminated,300,1,2,0,1,1,0,0,0,0,0,0,0,0,0,0,0,0,0,2,0,2
4,977,280.20000000000067,248,terminated,300,0,1,0,0,0,1,2,1,1,2,1,1,0,0,0,2,1,1,0,0,0
4,978,275.2000000000003,248,terminated,300,0,2,1,1,0,0,1,0,1,1,0,1,0,0,0,1,0,1,1,1,0
4,979,276.7000000000006,233,terminated,300,0,0,0,0,0,0,1,0,1,1,0,1,0,0,0,1,0,1,0,0,0
4,980,277.6000000000007,224,terminated,300,0,1,0,0,1,0,2,1,1,2,1,1,0,0,0,2,1,1,0,0,0
4,981,284.0000000000005,210,terminated,300,0,1,1,0,0,0,1,1,0,1,1,0,0,0,0,1,1,0,0,0,0
4,982,280.30000000000035,197,terminated,300,0,2,0,1,0,1,1,1,0,1,1,0,0,0,0,1,1,0,1,0,1
4,983,279.2000000000004,258,terminated,300,0,2,1,0,0,1,2,1,1,2,1,1,0,0,0,2,1,1,1,1,0
4,984,278.30000000000035,267,terminated,300,0,3,3,0,0,0,2,1,1,2,1,1,1,0,1,1,1,0,2,0,2
4,985,273.9000000000003,261,terminated,300,0,1,0,0,1,0,2,1,1,2,1,1,0,0,0,2,1,1,0,0,0
4,986,274.9000000000007,251,terminated,300,0,1,0,0,0,1,1,0,1,1,0,1,0,0,0,1,0,1,2,1,1
4,987,279.40000000000083,256,terminated,300,1,0,0,0,0,0,0,0,0,0,0,0,0,0,0,0,0,0,0,0,0
4,988,283.60000000000025,214,terminated,300,0,1,0,1,0,0,2,1,1,2,1,1,0,0,0,2,1,1,0,0,0
4,989,267.4000000000009,376,terminated,300,0,1,0,0,1,0,2,1,1,2,1,1,1,0,1,1,1,0,1,1,0
4,990,286.00000000000045,190,terminated,300,0,0,0,0,0,0,1,1,0,1,1,0,0,0,0,1,1,0,0,0,0
4,991,277.90000000000083,221,terminated,300,1,0,0,0,0,0,0,0,0,0,0,0,0,0,0,0,0,0,0,0,0
4,992,275.00000000000017,250,terminated,300,1,0,0,0,0,0,0,0,0,0,0,0,0,0,0,0,0,0,0,0,0
4,993,277.7000000000005,223,terminated,300,0,1,1,0,0,0,2,1,1,2,1,1,0,0,0,2,1,1,2,1,1
4,994,274.1000000000009,309,terminated,300,0,0,0,0,0,0,2,1,1,2,1,1,0,0,0,2,1,1,0,0,0
4,995,269.20000000000124,308,terminated,300,0,0,0,0,0,0,1,0,1,1,0,1,1,0,1,0,0,0,0,0,0
4,996,280.6000000000002,194,terminated,300,1,0,0,0,0,0,0,0,0,0,0,0,0,0,0,0,0,0,0,0,0
4,997,281.90000000000043,231,terminated,300,0,1,0,1,0,0,2,1,1,2,1,1,0,0,0,2,1,1,0,0,0
4,998,285.8000000000006,192,terminated,300,0,2,1,0,0,1,1,1,0,1,1,0,1,1,0,0,0,0,2,1,1
4,999,281.2000000000004,188,terminated,300,0,2,1,0,0,1,2,1,1,2,1,1,1,1,0,1,0,1,0,0,0
