schema_version,timesteps,episodes,return_mean,return_std,length_mean,length_std,metric/death_mean,metric/death_std,metric/score_mean,metric/score_std,metric/unload_danger_mean,metric/unload_danger_std,metric/unload_market_mean,metric/unload_market_std,count/merchant%2Fdanger-v0/count_mean,count/merchant%2Fdanger-v0/count_std,count/merchant%2Fdelivery-v0/count_mean,count/merchant%2Fdelivery-v0/count_std,count/merchant%2Fenv-friendly-v0/count_mean,count/merchant%2Fenv-friendly-v0/count_std,count/merchant%2Fevolving-v0/count_mean,count/merchant%2Fevolving-v0/count_std,count/merchant%2Fpacifist-v0/CTD_mean,count/merchant%2Fpacifist-v0/CTD_std,count/merchant%2Fpacifist-v0/Danger_mean,count/merchant%2Fpacifist-v0/Danger_std,count/merchant%2Fpacifist-v0/Pacifist%28total%29_mean,count/merchant%2Fpacifist-v0/Pacifist%28total%29_std
4,0,1000,0.0,0.0,150.0,0.0,0.0,0.0,0.0,0.0,0.0,0.0,0.0,0.0,0.0,0.0,16.0,0.0,0.0,0.0,0.0,0.0,0.0,0.0,0.0,0.0,0.0,0.0
4,250000,1000,50.0,0.0,150.0,0.0,0.0,0.0,50.0,0.0,0.0,0.0,0.0,0.0,0.0,0.0,1.0,0.0,0.0,0.0,0.0,0.0,0.0,0.0,0.0,0.0,0.0,0.0
4,500000,1000,610.05,37.503299854812774,45.066,9.66062337533143,0.0,0.0,610.05,37.503299854812774,1.505,0.6196571632765977,1.0,0.0,1.505,0.6196571632765977,0.933,0.25002199903208516,2.0,0.0,3.0,0.0,0.0,0.0,1.505,0.6196571632765977,1.505,0.6196571632765977
4,750000,1000,553.05,128.4258443616393,38.064,4.9935862864278215,0.0,0.0,553.05,128.4258443616393,1.505,0.6196571632765977,1.0,0.0,1.505,0.6196571632765977,0.933,0.25002199903208516,2.192,0.3938730760029175,3.192,0.3938730760029175,0.0,0.0,1.505,0.6196571632765977,1.505,0.6196571632765977
4,1000000,1000,722.4,58.122628983899205,60.294,10.864141199376967,0.0,0.0,722.4,58.122628983899205,0.937,0.24296296014001806,1.0,0.0,0.937,0.24296296014001806,0.937,0.24296296014001806,2.753,0.4312667388055796,3.753,0.4312667388055796,0.0,0.0,0.937,0.24296296014001806,0.937,0.24296296014001806
4,1250000,1000,722.4,58.122628983899205,60.294,10.864141199376967,0.0,0.0,722.4,58.122628983899205,0.937,0.24296296014001806,1.0,0.0,0.937,0.24296296014001806,0.937,0.24296296014001806,2.753,0.4312667388055796,3.753,0.4312667388055796,0.0,0.0,0.937,0.24296296014001806,0.937,0.24296296014001806
4,1500000,1000,635.1,63.50582650434525,47.986,5.786000691323844,0.0,0.0,635.1,63.50582650434525,1.634,0.6033605887029745,1.0,0.0,1.634,0.6033605887029745,0.934,0.24828209762284514,2.168,0.5213213979878439,2.934,0.7560714251973817,0.0,0.0,1.634,0.6033605887029745,1.634,0.6033605887029745
4,1750000,1000,702.3,103.14896994153649,59.134,12.63360771909592,0.0,0.0,702.3,103.14896994153649,1.066,0.4308642477625638,1.0,0.0,1.066,0.4308642477625638,0.938,0.2411555514600483,2.748,0.5590134166547347,3.51,0.9369631796394136,0.0,0.0,1.066,0.4308642477625638,1.066,0.4308642477625638
4,2000000,1000,740.55,36.44444402100271,64.279,9.788010982829965,0.0,0.0,740.55,36.44444402100271,0.937,0.24296296014001806,1.0,0.0,0.937,0.24296296014001806,0.937,0.24296296014001806,2.874,0.4859259202800361,3.627,0.7822218355428338,0.0,0.0,0.937,0.24296296014001806,0.937,0.24296296014001806
4,2250000,1000,740.55,36.44444402100271,64.279,9.788010982829965,0.0,0.0,740.55,36.44444402100271,0.937,0.24296296014001806,1.0,0.0,0.937,0.24296296014001806,0.937,0.24296296014001806,2.874,0.4859259202800361,3.627,0.7822218355428338,0.0,0.0,0.937,0.24296296014001806,0.937,0.24296296014001806
4,2500000,1000,740.55,36.44444402100271,64.279,9.788010982829965,0.0,0.0,740.55,36.44444402100271,0.937,0.24296296014001806,1.0,0.0,0.937,0.24296296014001806,0.937,0.24296296014001806,2.874,0.4859259202800361,3.627,0.7822218355428338,0.0,0.0,0.937,0.24296296014001806,0.937,0.24296296014001806
4,2750000,1000,722.4,58.122628983899205,60.294,10.864141199376967,0.0,0.0,722.4,58.122628983899205,0.937,0.24296296014001806,1.0,0.0,0.937,0.24296296014001806,0.937,0.24296296014001806,2.753,0.4312667388055796,3.753,0.4312667388055796,0.0,0.0,0.937,0.24296296014001806,0.937,0.24296296014001806
4,3000000,1000,720.75,145.19620346276275,56.508,17.220160742571483,0.039,0.19359493795035035,720.75,145.19620346276275,0.762,0.4258591316386206,0.961,0.19359493795035035,0.977,0.31697160756130827,0.899,0.3013287241535397,2.684,0.6709277159277295,3.684,0.6709277159277295,0.176,0.38082016753318093,0.977,0.31697160756130827,1.153,0.5758393873294879
4,3250000,1000,618.4,251.38902123998972,50.663,8.977273026927499,0.187,0.38991152842664195,618.4,251.38902123998972,0.933,0.25002199903208516,0.813,0.38991152842664195,1.828,0.8064837258122448,0.933,0.25002199903208516,2.679,0.5932613252184908,3.423,0.8402803103726756,0.708,0.4546823066713725,1.828,0.8064837258122448,2.536,1.2143739127632807
4,3500000,1000,720.75,145.19620346276275,56.508,17.220160742571483,0.039,0.19359493795035035,720.75,145.19620346276275,0.762,0.4258591316386206,0.961,0.19359493795035035,0.977,0.31697160756130827,0.899,0.3013287241535397,2.684,0.6709277159277295,3.684,0.6709277159277295,0.176,0.38082016753318093,0.977,0.31697160756130827,1.153,0.5758393873294879
4,3750000,1000,740.55,36.44444402100271,64.279,9.788010982829965,0.0,0.0,740.55,36.44444402100271,0.937,0.24296296014001806,1.0,0.0,0.937,0.24296296014001806,0.937,0.24296296014001806,2.874,0.4859259202800361,3.627,0.7822218355428338,0.0,0.0,0.937,0.24296296014001806,0.937,0.24296296014001806
4,4000000,1000,745.1,58.360860171865184,65.065,7.041645759337799,0.007,0.08337265738837883,745.1,58.360860171865184,0.94,0.23748684174075835,0.993,0.08337265738837883,0.989,0.15773078329863197,0.993,0.08337265738837883,2.926,0.33245150022221287,3.687,0.6364204585020817,0.042,0.20058913230780973,0.989,0.15773078329863197,1.031,0.2829116469854149
4,4250000,1000,722.4,58.122628983899205,60.294,10.864141199376967,0.0,0.0,722.4,58.122628983899205,0.937,0.24296296014001806,1.0,0.0,0.937,0.24296296014001806,0.937,0.24296296014001806,2.753,0.4312667388055796,3.753,0.4312667388055796,0.0,0.0,0.937,0.24296296014001806,0.937,0.24296296014001806
4,4500000,1000,740.55,36.44444402100271,64.279,9.788010982829965,0.0,0.0,740.55,36.44444402100271,0.937,0.24296296014001806,1.0,0.0,0.937,0.24296296014001806,0.937,0.24296296014001806,2.874,0.4859259202800361,3.627,0.7822218355428338,0.0,0.0,0.937,0.24296296014001806,0.937,0.24296296014001806
4,4750000,1000,750.0,0.0,65.476,5.279149931570423,0.0,0.0,750.0,0.0,0.937,0.24296296014001806,1.0,0.0,0.937,0.24296296014001806,1.0,0.0,2.937,0.24296296014001806,3.69,0.5830094338859364,0.0,0.0,0.937,0.24296296014001806,0.937,0.24296296014001806
4,5000000,1000,750.0,0.0,65.476,5.279149931570423,0.0,0.0,750.0,0.0,0.937,0.24296296014001806,1.0,0.0,0.937,0.24296296014001806,1.0,0.0,2.937,0.24296296014001806,3.69,0.5830094338859364,0.0,0.0,0.937,0.24296296014001806,0.937,0.24296296014001806
