schema_version,episode,return,length,termination,metric/score,count/gardener%2Fcollect-one-v0/count,count/gardener%2Fdrain-v0/Drain,count/gardener%2Fdrain-v0/Drain%2F0,count/gardener%2Fdrain-v0/Drain%2F1,count/gardener%2Fdrain-v0/Drain%2F2,count/gardener%2Fdrain-v0/Drain%2F3,count/gardener%2Fpermission-aware-v0/Collected,count/gardener%2Fpermission-aware-v0/Collected%2F0,count/gardener%2Fpermission-aware-v0/Collected%2F1,count/gardener%2Fpermission-aware-v0/Permitted,count/gardener%2Fpermission-aware-v0/Permitted%2F0,count/gardener%2Fpermission-aware-v0/Permitted%2F1,count/gardener%2Fpermission-aware-v0/Unpermitted,count/gardener%2Fpermission-aware-v0/Unpermitted%2F0,count/gardener%2Fpermission-aware-v0/Unpermitted%2F1,count/gardener%2Frescue-v2/Rescue,count/gardener%2Frescue-v2/Rescue%2F0,count/gardener%2Frescue-v2/Rescue%2F1
4,0,275.4000000000006,246,terminated,300,0,0,0,0,0,0,1,0,1,0,0,0,1,0,1,0,0,0
4,1,272.9000000000011,271,terminated,300,0,1,1,0,0,0,1,0,1,0,0,0,1,0,1,1,1,0
4,2,273.1000000000007,269,terminated,300,0,1,0,0,0,1,1,0,1,0,0,0,1,0,1,1,0,1
4,3,275.70000000000056,243,terminated,300,0,1,0,0,1,0,2,1,1,0,0,0,2,1,1,1,0,1
4,4,278.4000000000006,216,terminated,300,0,1,0,0,1,0,2,1,1,0,0,0,2,1,1,1,0,1
4,5,284.40000000000026,206,terminated,300,1,1,1,0,0,0,0,0,0,0,0,0,0,0,0,1,1,0
4,6,279.0000000000005,210,terminated,300,0,4,2,0,2,0,2,1,1,0,0,0,2,1,1,4,4,0
4,7,286.6000000000005,184,terminated,300,0,1,0,0,0,1,1,1,0,0,0,0,1,1,0,1,1,0
4,8,279.1000000000007,209,terminated,300,1,0,0,0,0,0,0,0,0,0,0,0,0,0,0,0,0,0
4,9,271.8000000000011,282,terminated,300,0,0,0,0,0,0,1,0,1,0,0,0,1,0,1,0,0,0
4,10,278.40000000000043,216,terminated,300,0,0,0,0,0,0,1,0,1,0,0,0,1,0,1,0,0,0
4,11,278.1000000000009,219,terminated,300,0,0,0,0,0,0,1,0,1,1,0,1,0,0,0,0,0,0
4,12,273.90000000000066,261,terminated,300,0,1,0,1,0,0,1,0,1,0,0,0,1,0,1,1,1,0
4,13,277.50000000000045,225,terminated,300,0,1,0,0,0,1,1,0,1,0,0,0,1,0,1,1,1,0
4,14,281.60000000000014,234,terminated,300,0,0,0,0,0,0,1,0,1,0,0,0,1,0,1,0,0,0
4,15,281.4000000000006,186,terminated,300,0,0,0,0,0,0,1,1,0,1,1,0,0,0,0,0,0,0
4,16,274.600000000001,254,terminated,300,0,3,1,0,2,0,2,1,1,0,0,0,2,1,1,3,1,2
4,17,279.90000000000055,251,terminated,300,0,1,0,0,0,1,1,0,1,0,0,0,1,0,1,1,1,0
4,18,284.1,209,terminated,300,0,0,0,0,0,0,1,0,1,0,0,0,1,0,1,0,0,0
4,19,280.4000000000006,246,terminated,300,0,1,0,1,0,0,2,1,1,0,0,0,2,1,1,1,0,1
4,20,282.00000000000057,230,terminated,300,0,1,0,1,0,0,2,1,1,0,0,0,2,1,1,1,1,0
4,21,277.70000000000044,223,terminated,300,0,5,1,2,0,2,1,0,1,1,0,1,0,0,0,5,4,1
4,22,278.20000000000084,218,terminated,300,0,4,1,0,1,2,2,1,1,0,0,0,2,1,1,5,3,2
4,23,276.4000000000007,236,terminated,300,0,1,0,1,0,0,1,0,1,0,0,0,1,0,1,1,1,0
4,24,281.0000000000002,190,terminated,300,0,0,0,0,0,0,1,1,0,0,0,0,1,1,0,0,0,0
4,25,275.80000000000075,242,terminated,300,0,2,2,0,0,0,1,1,0,0,0,0,1,1,0,2,1,1
4,26,280.5000000000007,195,terminated,300,0,0,0,0,0,0,1,1,0,0,0,0,1,1,0,0,0,0
4,27,278.70000000000067,213,terminated,300,0,0,0,0,0,0,2,1,1,1,0,1,1,1,0,0,0,0
4,28,273.400000000001,266,terminated,300,0,0,0,0,0,0,2,1,1,1,0,1,1,1,0,0,0,0
4,29,280.0000000000005,200,terminated,300,0,2,1,1,0,0,1,1,0,0,0,0,1,1,0,2,0,2
4,30,279.6000000000004,204,terminated,300,0,0,0,0,0,0,1,0,1,0,0,0,1,0,1,0,0,0
4,31,283.30000000000007,217,terminated,300,1,0,0,0,0,0,0,0,0,0,0,0,0,0,0,0,0,0
4,32,285.40000000000026,196,terminated,300,1,0,0,0,0,0,0,0,0,0,0,0,0,0,0,0,0,0
4,33,284.0000000000005,210,terminated,300,1,1,0,0,1,0,0,0,0,0,0,0,0,0,0,1,1,0
4,34,281.30000000000047,237,terminated,300,1,0,0,0,0,0,0,0,0,0,0,0,0,0,0,0,0,0
4,35,277.20000000000033,228,terminated,300,0,1,1,0,0,0,1,1,0,0,0,0,1,1,0,1,0,1
4,36,279.3000000000006,207,terminated,300,0,4,3,0,0,1,2,1,1,1,1,0,1,0,1,4,2,2
4,37,279.40000000000003,206,terminated,300,1,0,0,0,0,0,0,0,0,0,0,0,0,0,0,0,0,0
4,38,278.5000000000006,265,terminated,300,0,2,0,0,1,1,2,1,1,2,1,1,0,0,0,4,2,2
4,39,276.90000000000066,281,terminated,300,0,1,0,0,0,1,1,1,0,0,0,0,1,1,0,1,0,1
4,40,279.0000000000006,260,terminated,300,0,1,1,0,0,0,1,1,0,0,0,0,1,1,0,1,1,0
4,41,279.7000000000003,203,terminated,300,0,2,0,1,1,0,1,1,0,0,0,0,1,1,0,2,1,1
4,42,281.40000000000043,186,terminated,300,0,0,0,0,0,0,2,1,1,1,0,1,1,1,0,0,0,0
4,43,282.7000000000006,223,terminated,300,0,0,0,0,0,0,1,0,1,0,0,0,1,0,1,0,0,0
4,44,274.0000000000007,260,terminated,300,0,3,0,0,0,3,2,1,1,0,0,0,2,1,1,3,0,3
4,45,281.1000000000001,189,terminated,300,0,1,1,0,0,0,1,0,1,0,0,0,1,0,1,1,1,0
4,46,277.3000000000007,227,terminated,300,1,0,0,0,0,0,0,0,0,0,0,0,0,0,0,0,0,0
4,47,282.0000000000005,230,terminated,300,1,1,0,0,1,0,0,0,0,0,0,0,0,0,0,1,1,0
4,48,284.1000000000006,209,terminated,300,0,0,0,0,0,0,1,0,1,0,0,0,1,0,1,0,0,0
4,49,276.90000000000066,231,terminated,300,1,0,0,0,0,0,0,0,0,0,0,0,0,0,0,0,0,0
4,50,285.4000000000003,196,terminated,300,0,2,0,1,0,1,1,1,0,0,0,0,1,1,0,2,1,1
4,51,282.3000000000002,177,terminated,300,1,0,0,0,0,0,0,0,0,0,0,0,0,0,0,0,0,0
4,52,282.30000000000024,177,terminated,300,0,1,0,1,0,0,1,0,1,0,0,0,1,0,1,1,0,1
4,53,283.50000000000045,215,terminated,300,0,0,0,0,0,0,1,1,0,0,0,0,1,1,0,0,0,0
4,54,285.40000000000026,196,terminated,300,0,1,1,0,0,0,2,1,1,0,0,0,2,1,1,1,0,1
4,55,283.6000000000001,214,terminated,300,1,1,1,0,0,0,0,0,0,0,0,0,0,0,0,1,0,1
4,56,277.2000000000008,228,terminated,300,0,1,0,0,1,0,2,1,1,1,1,0,1,0,1,1,0,1
4,57,280.1999999999996,198,terminated,300,0,1,0,0,0,1,2,1,1,1,1,0,1,0,1,1,0,1
4,58,273.4000000000009,266,terminated,300,1,0,0,0,0,0,0,0,0,0,0,0,0,0,0,0,0,0
4,59,278.6000000000001,214,terminated,300,0,6,0,0,3,3,2,1,1,0,0,0,2,1,1,6,5,1
4,60,280.7000000000004,193,terminated,300,0,0,0,0,0,0,1,0,1,0,0,0,1,0,1,0,0,0
4,61,277.3000000000007,227,terminated,300,0,2,0,2,0,0,2,1,1,1,0,1,1,1,0,3,2,1
4,62,277.1000000000008,229,terminated,300,1,0,0,0,0,0,0,0,0,0,0,0,0,0,0,0,0,0
4,63,281.9000000000007,181,terminated,300,1,0,0,0,0,0,0,0,0,0,0,0,0,0,0,0,0,0
4,64,279.9000000000004,251,terminated,300,0,2,1,0,0,1,1,0,1,1,0,1,0,0,0,2,0,2
4,65,284.70000000000044,203,terminated,300,0,2,1,0,0,1,1,1,0,1,1,0,0,0,0,3,2,1
4,66,273.1000000000007,319,terminated,300,0,2,2,0,0,0,2,1,1,1,0,1,1,1,0,2,2,0
4,67,286.60000000000036,184,terminated,300,0,2,1,1,0,0,1,0,1,0,0,0,1,0,1,2,0,2
4,68,271.4000000000011,286,terminated,300,1,0,0,0,0,0,0,0,0,0,0,0,0,0,0,0,0,0
4,69,281.0000000000002,190,terminated,300,0,1,0,0,1,0,2,1,1,1,1,0,1,0,1,1,0,1
4,70,261.5000000000016,385,terminated,300,1,0,0,0,0,0,0,0,0,0,0,0,0,0,0,0,0,0
4,71,284.7000000000001,203,terminated,300,1,0,0,0,0,0,0,0,0,0,0,0,0,0,0,0,0,0
4,72,283.7000000000004,213,terminated,300,0,1,0,0,1,0,1,0,1,0,0,0,1,0,1,1,0,1
4,73,274.6000000000009,254,terminated,300,0,1,1,0,0,0,2,1,1,1,0,1,1,1,0,1,1,0
4,74,273.4000000000008,266,terminated,300,0,0,0,0,0,0,1,0,1,0,0,0,1,0,1,0,0,0
4,75,271.8000000000003,282,terminated,300,0,2,1,0,0,1,2,1,1,0,0,0,2,1,1,2,0,2
4,76,278.4000000000004,216,terminated,300,0,0,0,0,0,0,1,0,1,1,0,1,0,0,0,0,0,0
4,77,279.30000000000035,207,terminated,300,0,2,0,1,1,0,1,1,0,0,0,0,1,1,0,2,0,2
4,78,272.8000000000009,272,terminated,300,0,1,0,0,0,1,1,0,1,0,0,0,1,0,1,1,0,1
4,79,273.5000000000007,265,terminated,300,0,1,0,1,0,0,2,1,1,0,0,0,2,1,1,1,1,0
4,80,279.20000000000033,208,terminated,300,1,0,0,0,0,0,0,0,0,0,0,0,0,0,0,0,0,0
4,81,275.80000000000103,292,terminated,300,0,1,0,1,0,0,1,0,1,0,0,0,1,0,1,1,0,1
4,82,279.5000000000006,205,terminated,300,1,0,0,0,0,0,0,0,0,0,0,0,0,0,0,0,0,0
4,83,276.1000000000006,239,terminated,300,0,0,0,0,0,0,1,0,1,0,0,0,1,0,1,0,0,0
4,84,272.70000000000067,273,terminated,300,1,1,0,1,0,0,0,0,0,0,0,0,0,0,0,1,1,0
4,85,278.70000000000044,213,terminated,300,0,1,0,0,0,1,1,1,0,0,0,0,1,1,0,1,0,1
4,86,285.8000000000004,192,terminated,300,1,3,1,0,2,0,0,0,0,0,0,0,0,0,0,3,1,2
4,87,283.39999999999986,216,terminated,300,0,0,0,0,0,0,2,1,1,1,1,0,1,0,1,0,0,0
4,88,283.2000000000009,218,terminated,300,0,1,0,0,0,1,2,1,1,0,0,0,2,1,1,1,0,1
4,89,277.8000000000009,272,terminated,300,1,1,0,1,0,0,0,0,0,0,0,0,0,0,0,1,0,1
4,90,277.90000000000043,221,terminated,300,0,1,0,1,0,0,2,1,1,0,0,0,2,1,1,2,1,1
4,91,276.5000000000002,235,terminated,300,0,0,0,0,0,0,2,1,1,0,0,0,2,1,1,0,0,0
4,92,280.40000000000043,196,terminated,300,0,1,0,0,0,1,1,1,0,0,0,0,1,1,0,1,1,0
4,93,287.30000000000024,177,terminated,300,0,2,1,1,0,0,1,0,1,0,0,0,1,0,1,2,0,2
4,94,273.6000000000011,264,terminated,300,0,0,0,0,0,0,1,0,1,0,0,0,1,0,1,0,0,0
4,95,283.70000000000016,213,terminated,300,0,2,0,1,0,1,1,1,0,0,0,0,1,1,0,2,0,2
4,96,274.70000000000084,253,terminated,300,0,3,1,0,2,0,1,0,1,0,0,0,1,0,1,4,2,2
4,97,279.80000000000047,252,terminated,300,0,2,2,0,0,0,1,0,1,0,0,0,1,0,1,2,2,0
4,98,280.2,198,terminated,300,1,2,1,0,1,0,0,0,0,0,0,0,0,0,0,2,2,0
4,99,267.1000000000011,329,terminated,300,1,0,0,0,0,0,0,0,0,0,0,0,0,0,0,0,0,0
