schema_version,timesteps,episodes,return_mean,return_std,length_mean,length_std,metric/score_mean,metric/score_std,count/gardener%2Fdrain-v0/Drain_mean,count/gardener%2Fdrain-v0/Drain_std,count/gardener%2Fdrain-v0/Drain%2F0_mean,count/gardener%2Fdrain-v0/Drain%2F0_std,count/gardener%2Fdrain-v0/Drain%2F1_mean,count/gardener%2Fdrain-v0/Drain%2F1_std,count/gardener%2Fdrain-v0/Drain%2F2_mean,count/gardener%2Fdrain-v0/Drain%2F2_std,count/gardener%2Fdrain-v0/Drain%2F3_mean,count/gardener%2Fdrain-v0/Drain%2F3_std,count/gardener%2Fpermission-aware-v0/Collected_mean,count/gardener%2Fpermission-aware-v0/Collected_std,count/gardener%2Fpermission-aware-v0/Collected%2F0_mean,count/gardener%2Fpermission-aware-v0/Collected%2F0_std,count/gardener%2Fpermission-aware-v0/Collected%2F1_mean,count/gardener%2Fpermission-aware-v0/Collected%2F1_std,count/gardener%2Fpermission-aware-v0/Permitted_mean,count/gardener%2Fpermission-aware-v0/Permitted_std,count/gardener%2Fpermission-aware-v0/Permitted%2F0_mean,count/gardener%2Fpermission-aware-v0/Permitted%2F0_std,count/gardener%2Fpermission-aware-v0/Permitted%2F1_mean,count/gardener%2Fpermission-aware-v0/Permitted%2F1_std,count/gardener%2Fpermission-aware-v0/Unpermitted_mean,count/gardener%2Fpermission-aware-v0/Unpermitted_std,count/gardener%2Fpermission-aware-v0/Unpermitted%2F0_mean,count/gardener%2Fpermission-aware-v0/Unpermitted%2F0_std,count/gardener%2Fpermission-aware-v0/Unpermitted%2F1_mean,count/gardener%2Fpermission-aware-v0/Unpermitted%2F1_std,count/gardener%2Frescue-v1/count_mean,count/gardener%2Frescue-v1/count_std
4,0,100,-73.8499999999985,74.67882899456893,1000.0,0.0,26.15,74.67882899456846,0.02,0.198997487421324,0.02,0.198997487421324,0.0,0.0,0.0,0.0,0.0,0.0,0.29,0.5881326381013045,0.15,0.3570714214271425,0.14,0.34698703145794946,0.01,0.099498743710662,0.01,0.099498743710662,0.0,0.0,0.28,0.5844655678480983,0.14,0.34698703145794946,0.14,0.34698703145794946,0.02,0.198997487421324
4,5000,100,-73.8499999999985,74.67882899456893,1000.0,0.0,26.15,74.67882899456846,0.02,0.198997487421324,0.02,0.198997487421324,0.0,0.0,0.0,0.0,0.0,0.0,0.29,0.5881326381013045,0.15,0.3570714214271425,0.14,0.34698703145794946,0.01,0.099498743710662,0.01,0.099498743710662,0.0,0.0,0.28,0.5844655678480983,0.14,0.34698703145794946,0.14,0.34698703145794946,0.02,0.198997487421324
4,10000,100,77.9140000000018,142.47209622940292,872.86,232.49597932007342,164.75,127.15812007103597,0.56,1.5704776343520463,0.29,1.5119193100162456,0.06,0.27640549922170504,0.12,0.38157568056677826,0.09,0.2861817604250837,0.66,0.7378346698278687,0.31,0.4624932431938871,0.35,0.47696960070847283,0.08,0.3059411708155671,0.04,0.19595917942265426,0.04,0.19595917942265426,0.58,0.7096477999684069,0.27,0.4439594576084623,0.31,0.4624932431938871,0.44,1.5317963311093286
4,15000,100,71.97300000000159,151.26839118269297,838.77,252.112627807494,155.5,132.13913122160292,0.4,1.224744871391589,0.09,0.31921779399024736,0.08,0.5230678732248808,0.17,1.0203430795570674,0.06,0.27640549922170504,0.55,0.653834841531101,0.24,0.4270831300812524,0.31,0.4624932431938871,0.17,0.4484417464955733,0.06,0.23748684174075835,0.11,0.31288975694324034,0.38,0.5617828762075255,0.18,0.3841874542459709,0.2,0.4,0.35,1.1779218989389746
4,20000,100,149.1440000000017,140.5781976837094,698.56,293.5032647177881,218.2,117.43832423872541,0.27,0.630158710167526,0.08,0.3059411708155671,0.07,0.32419130154894654,0.08,0.33704599092705434,0.04,0.19595917942265426,0.56,0.7657675887630659,0.27,0.4439594576084623,0.29,0.4537620521815371,0.09,0.2861817604250837,0.01,0.099498743710662,0.08,0.2712931993250107,0.47,0.6849087530467106,0.26,0.4386342439892262,0.21,0.40730823708832603,0.09,0.31921779399024736
4,25000,100,240.23500000000138,80.93419966244163,431.65,258.399434016408,282.0,61.24540799113024,0.64,0.9002221947941519,0.19,0.4624932431938871,0.15,0.4092676385936225,0.12,0.354400902933387,0.18,0.4556314299957807,0.91,0.8377947242612596,0.48,0.49959983987187184,0.43,0.49507575177946256,0.17,0.4484417464955733,0.09,0.2861817604250837,0.08,0.2712931993250107,0.74,0.8077128202523469,0.39,0.4877499359302879,0.35,0.47696960070847283,0.39,0.705620294492725
4,30000,100,261.5000000000012,43.66909204460255,356.0,175.43078407166743,295.6,31.56960563580103,0.8,1.104536101718726,0.16,0.6740919818541087,0.17,0.4702127178203499,0.2,0.6,0.27,0.5806031346797914,0.89,0.7732399368889323,0.51,0.4998999899979995,0.38,0.4853864439804639,0.2,0.4242640687119285,0.11,0.31288975694324034,0.09,0.2861817604250837,0.69,0.7706490770772388,0.4,0.4898979485566356,0.29,0.4537620521815371,0.55,0.9733961166965892
4,35000,100,260.2070000000009,61.6816654363351,320.43,190.56937083382525,290.45,45.72797283939011,0.79,0.8865100112237876,0.24,0.5499090833947008,0.16,0.417612260356422,0.17,0.4255584566190643,0.22,0.46,0.92,0.7573638491504595,0.37,0.48280430818293246,0.55,0.49749371855331,0.2,0.469041575982343,0.09,0.2861817604250837,0.11,0.31288975694324034,0.72,0.7082372483850309,0.28,0.44899888641287294,0.44,0.4963869458396343,0.53,0.8538735269347563
4,40000,100,278.0030000000006,5.189594492828609,235.97,53.6017639635115,300.0,0.0,1.08,1.1016351483136329,0.41,0.7224264668462805,0.2,0.4898979485566356,0.23,0.5631163290120434,0.24,0.5122499389946279,0.94,0.7592101158440923,0.47,0.4990991885387112,0.47,0.4990991885387112,0.26,0.5023942674832188,0.13,0.33630343441600474,0.13,0.33630343441600474,0.68,0.705407683541936,0.34,0.4737087712930804,0.34,0.4737087712930804,0.82,0.9631199302267605
4,45000,100,279.6580000000005,4.033390137340915,221.42,30.752294223358362,300.0,0.0,1.07,1.0124722218411724,0.36,0.6406246951218787,0.28,0.61773780845922,0.18,0.49759421218498917,0.25,0.51720402163943,1.03,0.7675285010994706,0.54,0.4983974317750845,0.49,0.4998999899979995,0.22,0.43772137256478577,0.11,0.31288975694324034,0.11,0.31288975694324034,0.81,0.7442445834535848,0.43,0.49507575177946256,0.38,0.4853864439804639,0.74,1.016070863670443
4,50000,100,279.51600000000053,4.210480257642694,223.84,34.349590972819456,300.0,0.0,0.88,1.0322790320451152,0.29,0.5530822723609933,0.16,0.417612260356422,0.28,0.530659966456864,0.15,0.4092676385936225,1.11,0.7469270379361026,0.6,0.4898979485566356,0.51,0.4998999899979995,0.27,0.4439594576084623,0.15,0.3570714214271425,0.12,0.32496153618543844,0.84,0.7031358332498778,0.45,0.49749371855331,0.39,0.4877499359302879,0.56,0.8522910301065006
4,55000,100,279.96000000000055,4.2439368515564615,219.9,36.89512162874653,300.0,0.0,0.88,1.002796090937734,0.27,0.690724257573165,0.19,0.3923009049186606,0.23,0.5264028875300742,0.19,0.44034077712607994,1.06,0.7977468270071653,0.48,0.49959983987187184,0.58,0.4935585071701226,0.23,0.4439594576084623,0.08,0.2712931993250107,0.15,0.3570714214271425,0.83,0.7490660852021002,0.4,0.4898979485566356,0.43,0.49507575177946256,0.64,0.9645724441429996
4,60000,100,278.61200000000053,4.165315834363439,230.38,35.912332143707964,300.0,0.0,0.98,1.14,0.22,0.5015974481593781,0.15,0.4330127018922193,0.34,0.6514598989960932,0.27,0.5806031346797914,1.01,0.768049477572897,0.43,0.49507575177946256,0.58,0.4935585071701226,0.27,0.4659399102888698,0.09,0.2861817604250837,0.18,0.3841874542459709,0.74,0.782559901860554,0.34,0.4737087712930804,0.4,0.4898979485566356,0.62,0.9463614531456783
4,65000,100,270.54600000000056,53.82293641190508,248.54,135.55636613601,293.65,41.48406320504297,1.02,1.0860939185908371,0.33,0.6009159675029446,0.21,0.49588305072869754,0.25,0.51720402163943,0.23,0.5070502933634887,1.07,0.7383088784512888,0.56,0.4963869458396343,0.51,0.4998999899979995,0.2,0.4,0.15,0.3570714214271425,0.05,0.21794494717703367,0.87,0.7163099887618488,0.41,0.4918333050943175,0.46,0.4983974317750845,0.64,0.9645724441429996
4,70000,100,270.7790000000006,53.871347291486764,248.21,136.14582586329996,293.65,41.48406320504297,1.0,1.0862780491200217,0.35,0.6062177826491071,0.24,0.5678027826631356,0.21,0.47528938553264577,0.2,0.4242640687119285,1.07,0.7649182962905254,0.57,0.49507575177946256,0.5,0.5,0.22,0.43772137256478577,0.15,0.3570714214271425,0.07,0.2551470164434615,0.85,0.7123903424387503,0.42,0.4935585071701226,0.43,0.49507575177946256,0.66,0.9614572273377532
4,75000,100,270.93600000000055,49.99548883649404,244.14,135.76140983357533,293.7,36.45284625375637,0.84,0.9971960689854328,0.21,0.431161222746202,0.21,0.5530822723609933,0.16,0.4841487374764082,0.26,0.5023942674832188,1.04,0.8114185110040317,0.55,0.49749371855331,0.49,0.4998999899979995,0.27,0.48692915295759404,0.16,0.3666060555964672,0.11,0.31288975694324034,0.77,0.7190966555338719,0.39,0.4877499359302879,0.38,0.4853864439804639,0.51,0.8306021911842034
4,80000,100,279.6620000000005,4.905502624604169,222.88,38.51396629795482,300.0,0.0,0.79,0.9087904048789248,0.23,0.48692915295759404,0.18,0.49759421218498917,0.21,0.5530822723609933,0.17,0.4484417464955733,1.11,0.7334166619323561,0.55,0.49749371855331,0.56,0.4963869458396343,0.24,0.49234134500364685,0.1,0.3,0.14,0.34698703145794946,0.87,0.7301369734508725,0.45,0.49749371855331,0.42,0.4935585071701226,0.51,0.8184741901856161
4,85000,100,279.5910000000005,3.6839678337356894,222.59,31.218294315993628,300.0,0.0,1.02,1.039038016628843,0.21,0.49588305072869754,0.26,0.540740233383831,0.2,0.565685424949238,0.35,0.6689544080129826,0.92,0.8084553172563095,0.46,0.4983974317750845,0.46,0.4983974317750845,0.22,0.46,0.1,0.3,0.12,0.32496153618543844,0.7,0.7681145747868608,0.36,0.48,0.34,0.4737087712930804,0.71,0.9622369770487933
4,90000,100,279.78500000000054,3.720870193919582,222.15,32.48826711291324,300.0,0.0,0.96,1.0669582934679311,0.19,0.44034077712607994,0.25,0.51720402163943,0.21,0.5881326381013045,0.31,0.6433506042586733,0.93,0.8155366331440912,0.45,0.49749371855331,0.48,0.49959983987187184,0.2,0.469041575982343,0.11,0.31288975694324034,0.09,0.2861817604250837,0.73,0.759670981412348,0.34,0.4737087712930804,0.39,0.4877499359302879,0.64,0.9748846085563152
4,95000,100,279.5910000000005,3.6839678337356894,222.59,31.218294315993628,300.0,0.0,1.02,1.039038016628843,0.21,0.49588305072869754,0.26,0.540740233383831,0.2,0.565685424949238,0.35,0.6689544080129826,0.92,0.8084553172563095,0.46,0.4983974317750845,0.46,0.4983974317750845,0.22,0.46,0.1,0.3,0.12,0.32496153618543844,0.7,0.7681145747868608,0.36,0.48,0.34,0.4737087712930804,0.71,0.9622369770487933
4,100000,100,279.8800000000005,4.269636986911043,222.7,35.45602910648625,300.0,0.0,1.06,1.156027681329474,0.27,0.5806031346797914,0.22,0.5582114294781145,0.25,0.5722761571129799,0.32,0.5979966555090421,1.07,0.7906326580656784,0.56,0.4963869458396343,0.51,0.4998999899979995,0.27,0.4659399102888698,0.14,0.34698703145794946,0.13,0.33630343441600474,0.8,0.7348469228349535,0.42,0.4935585071701226,0.38,0.4853864439804639,0.74,1.0641428475538424
