schema_version,timesteps,episodes,return_mean,return_std,length_mean,length_std,metric/death_mean,metric/death_std,metric/score_mean,metric/score_std,metric/unload_danger_mean,metric/unload_danger_std,metric/unload_market_mean,metric/unload_market_std,count/merchant%2Fdelivery-pacifist-v0/CTD_mean,count/merchant%2Fdelivery-pacifist-v0/CTD_std,count/merchant%2Fdelivery-pacifist-v0/Danger_mean,count/merchant%2Fdelivery-pacifist-v0/Danger_std,count/merchant%2Fdelivery-pacifist-v0/Delivery_mean,count/merchant%2Fdelivery-pacifist-v0/Delivery_std,count/merchant%2Fdelivery-pacifist-v0/DeliveryPacifist_mean,count/merchant%2Fdelivery-pacifist-v0/DeliveryPacifist_std,count/merchant%2Fdelivery-v0/count_mean,count/merchant%2Fdelivery-v0/count_std,count/merchant%2Fenv-friendly-v0/count_mean,count/merchant%2Fenv-friendly-v0/count_std,count/merchant%2Fpacifist-v0/CTD_mean,count/merchant%2Fpacifist-v0/CTD_std,count/merchant%2Fpacifist-v0/Danger_mean,count/merchant%2Fpacifist-v0/Danger_std,count/merchant%2Fpacifist-v0/Pacifist%28total%29_mean,count/merchant%2Fpacifist-v0/Pacifist%28total%29_std
4,0,1000,0.0,0.0,150.0,0.0,0.0,0.0,0.0,0.0,0.0,0.0,0.0,0.0,0.0,0.0,0.0,0.0,16.0,0.0,16.0,0.0,16.0,0.0,0.0,0.0,0.0,0.0,0.0,0.0,0.0,0.0
4,250000,1000,74.85,184.3230248775231,123.518,46.262940632865096,0.0,0.0,74.85,184.3230248775231,0.937,0.24296296014001806,0.247,0.4312667388055796,0.0,0.0,0.937,0.24296296014001806,1.0,0.0,1.937,0.24296296014001806,1.0,0.0,0.126,0.4859259202800361,0.0,0.0,0.937,0.24296296014001806,0.937,0.24296296014001806
4,500000,1000,336.45,64.33426381019682,26.757,0.42889509206797877,0.0,0.0,336.45,64.33426381019682,0.757,0.42889509206797877,1.0,0.0,0.0,0.0,0.757,0.42889509206797877,0.0,0.0,0.757,0.42889509206797877,0.0,0.0,1.0,0.0,0.0,0.0,0.757,0.42889509206797877,0.757,0.42889509206797877
4,750000,1000,563.55,64.33426381019682,43.411,9.864587117563513,0.0,0.0,563.55,64.33426381019682,0.757,0.42889509206797877,1.0,0.0,0.0,0.0,0.757,0.42889509206797877,0.0,0.0,0.757,0.42889509206797877,0.0,0.0,1.757,0.42889509206797877,0.0,0.0,0.757,0.42889509206797877,0.757,0.42889509206797877
4,1000000,1000,677.1,128.66852762039363,59.308,18.871384050991068,0.0,0.0,677.1,128.66852762039363,0.757,0.42889509206797877,1.0,0.0,0.0,0.0,0.757,0.42889509206797877,0.0,0.0,0.757,0.42889509206797877,0.0,0.0,2.514,0.8577901841359575,0.0,0.0,0.757,0.42889509206797877,0.757,0.42889509206797877
4,1250000,1000,677.1,128.66852762039363,57.794,18.01359386685511,0.0,0.0,677.1,128.66852762039363,0.757,0.42889509206797877,1.0,0.0,0.0,0.0,0.757,0.42889509206797877,0.0,0.0,0.757,0.42889509206797877,0.0,0.0,2.514,0.8577901841359575,0.0,0.0,0.757,0.42889509206797877,0.757,0.42889509206797877
4,1500000,1000,677.1,128.66852762039363,57.794,18.01359386685511,0.0,0.0,677.1,128.66852762039363,0.757,0.42889509206797877,1.0,0.0,0.0,0.0,0.757,0.42889509206797877,0.0,0.0,0.757,0.42889509206797877,0.0,0.0,2.514,0.8577901841359575,0.0,0.0,0.757,0.42889509206797877,0.757,0.42889509206797877
4,1750000,1000,677.1,128.66852762039363,57.794,18.01359386685511,0.0,0.0,677.1,128.66852762039363,0.757,0.42889509206797877,1.0,0.0,0.0,0.0,0.757,0.42889509206797877,0.0,0.0,0.757,0.42889509206797877,0.0,0.0,2.514,0.8577901841359575,0.0,0.0,0.757,0.42889509206797877,0.757,0.42889509206797877
4,2000000,1000,677.1,128.66852762039363,57.794,18.01359386685511,0.0,0.0,677.1,128.66852762039363,0.757,0.42889509206797877,1.0,0.0,0.0,0.0,0.757,0.42889509206797877,0.0,0.0,0.757,0.42889509206797877,0.0,0.0,2.514,0.8577901841359575,0.0,0.0,0.757,0.42889509206797877,0.757,0.42889509206797877
4,2250000,1000,677.1,128.66852762039363,59.794,18.01359386685511,0.0,0.0,677.1,128.66852762039363,0.757,0.42889509206797877,1.0,0.0,0.0,0.0,0.757,0.42889509206797877,0.0,0.0,0.757,0.42889509206797877,0.0,0.0,2.514,0.8577901841359575,0.0,0.0,0.757,0.42889509206797877,0.757,0.42889509206797877
4,2500000,1000,677.1,128.66852762039363,57.794,18.01359386685511,0.0,0.0,677.1,128.66852762039363,0.757,0.42889509206797877,1.0,0.0,0.0,0.0,0.757,0.42889509206797877,0.0,0.0,0.757,0.42889509206797877,0.0,0.0,2.514,0.8577901841359575,0.0,0.0,0.757,0.42889509206797877,0.757,0.42889509206797877
4,2750000,1000,677.1,128.66852762039363,57.794,18.01359386685511,0.0,0.0,677.1,128.66852762039363,0.757,0.42889509206797877,1.0,0.0,0.0,0.0,0.757,0.42889509206797877,0.0,0.0,0.757,0.42889509206797877,0.0,0.0,2.514,0.8577901841359575,0.0,0.0,0.757,0.42889509206797877,0.757,0.42889509206797877
4,3000000,1000,677.1,128.66852762039363,57.794,18.01359386685511,0.0,0.0,677.1,128.66852762039363,0.757,0.42889509206797877,1.0,0.0,0.0,0.0,0.757,0.42889509206797877,0.0,0.0,0.757,0.42889509206797877,0.0,0.0,2.514,0.8577901841359575,0.0,0.0,0.757,0.42889509206797877,0.757,0.42889509206797877
4,3250000,1000,677.1,128.66852762039363,57.794,18.01359386685511,0.0,0.0,677.1,128.66852762039363,0.757,0.42889509206797877,1.0,0.0,0.0,0.0,0.757,0.42889509206797877,0.0,0.0,0.757,0.42889509206797877,0.0,0.0,2.514,0.8577901841359575,0.0,0.0,0.757,0.42889509206797877,0.757,0.42889509206797877
4,3500000,1000,677.1,128.66852762039363,57.794,18.01359386685511,0.0,0.0,677.1,128.66852762039363,0.757,0.42889509206797877,1.0,0.0,0.0,0.0,0.757,0.42889509206797877,0.0,0.0,0.757,0.42889509206797877,0.0,0.0,2.514,0.8577901841359575,0.0,0.0,0.757,0.42889509206797877,0.757,0.42889509206797877
4,3750000,1000,750.0,0.0,62.168,10.293482209631492,0.0,0.0,750.0,0.0,0.757,0.42889509206797877,1.0,0.0,0.0,0.0,0.757,0.42889509206797877,0.0,0.0,0.757,0.42889509206797877,0.0,0.0,3.0,0.0,0.0,0.0,0.757,0.42889509206797877,0.757,0.42889509206797877
4,4000000,1000,750.0,0.0,62.168,10.293482209631492,0.0,0.0,750.0,0.0,0.757,0.42889509206797877,1.0,0.0,0.0,0.0,0.757,0.42889509206797877,0.0,0.0,0.757,0.42889509206797877,0.0,0.0,3.0,0.0,0.0,0.0,0.757,0.42889509206797877,0.757,0.42889509206797877
4,4250000,1000,750.0,0.0,64.168,10.293482209631492,0.0,0.0,750.0,0.0,0.757,0.42889509206797877,1.0,0.0,0.0,0.0,0.757,0.42889509206797877,0.0,0.0,0.757,0.42889509206797877,0.0,0.0,3.0,0.0,0.0,0.0,0.757,0.42889509206797877,0.757,0.42889509206797877
4,4500000,1000,750.0,0.0,64.168,10.293482209631492,0.0,0.0,750.0,0.0,0.757,0.42889509206797877,1.0,0.0,0.0,0.0,0.757,0.42889509206797877,0.0,0.0,0.757,0.42889509206797877,0.0,0.0,3.0,0.0,0.0,0.0,0.757,0.42889509206797877,0.757,0.42889509206797877
4,4750000,1000,750.0,0.0,64.168,10.293482209631492,0.0,0.0,750.0,0.0,0.757,0.42889509206797877,1.0,0.0,0.0,0.0,0.757,0.42889509206797877,0.0,0.0,0.757,0.42889509206797877,0.0,0.0,3.0,0.0,0.0,0.0,0.757,0.42889509206797877,0.757,0.42889509206797877
4,5000000,1000,750.0,0.0,64.168,10.293482209631492,0.0,0.0,750.0,0.0,0.757,0.42889509206797877,1.0,0.0,0.0,0.0,0.757,0.42889509206797877,0.0,0.0,0.757,0.42889509206797877,0.0,0.0,3.0,0.0,0.0,0.0,0.757,0.42889509206797877,0.757,0.42889509206797877
