schema_version,episode,return,length,termination,metric/success,count/taxi%2Femergency-v0/Emergency%20Violations,count/taxi%2Femergency-v0/Safety%20Violations,count/taxi%2Femergency-v0/Seven-Step%20Safety%20Violations,count/taxi%2Femergency-v0/Stay%20Violations,count/taxi%2Femergency-v0/Three-Step%20Safety%20Violations,count/taxi%2Femergency-v0/Warn%20Violations
4,0,-10.0,31,terminated,1,2,2,1,0,1,0
4,1,0.0,21,terminated,1,2,1,0,0,1,1
4,2,5.0,16,terminated,1,1,1,1,0,0,0
4,3,5.0,16,terminated,1,1,1,0,0,1,0
4,4,-6.0,27,terminated,1,1,1,0,0,1,0
4,5,8.0,13,terminated,1,0,0,0,0,0,0
4,6,1.0,20,terminated,1,1,1,0,0,1,0
4,7,-13.0,34,terminated,1,3,2,0,0,2,1
4,8,-8.0,29,terminated,1,2,2,0,0,2,0
4,9,-4.0,25,terminated,1,1,1,0,0,1,0
4,10,-17.0,38,terminated,1,2,2,0,0,2,0
4,11,-5.0,26,terminated,1,1,1,0,0,1,0
4,12,1.0,20,terminated,1,1,1,0,0,1,0
4,13,-12.0,33,terminated,1,2,2,0,0,2,0
4,14,5.0,16,terminated,1,1,1,0,0,1,0
4,15,2.0,19,terminated,1,1,1,0,0,1,0
4,16,-2.0,23,terminated,1,1,1,0,0,1,0
4,17,-7.0,28,terminated,1,2,2,1,0,1,0
4,18,-4.0,25,terminated,1,1,1,0,0,1,0
4,19,-1.0,22,terminated,1,1,1,0,0,1,0
4,20,5.0,16,terminated,1,1,1,0,0,1,0
4,21,7.0,14,terminated,1,0,0,0,0,0,0
4,22,1.0,20,terminated,1,1,1,0,0,1,0
4,23,-6.0,18,terminated,1,1,0,0,0,0,1
4,24,-3.0,24,terminated,1,1,1,0,0,1,0
4,25,-18.0,39,terminated,1,3,2,1,0,1,1
4,26,-2.0,23,terminated,1,1,1,0,0,1,0
4,27,-17.0,38,terminated,1,2,2,1,0,1,0
4,28,2.0,19,terminated,1,1,1,0,0,1,0
4,29,6.0,15,terminated,1,1,1,0,0,1,0
4,30,-17.0,38,terminated,1,1,1,0,0,1,0
4,31,-2.0,23,terminated,1,1,1,0,0,1,0
4,32,5.0,16,terminated,1,1,1,1,0,0,0
4,33,8.0,13,terminated,1,1,1,0,0,1,0
4,34,-9.0,30,terminated,1,2,2,0,0,2,0
4,35,-1.0,22,terminated,1,1,1,0,0,1,0
4,36,-5.0,26,terminated,1,2,2,1,0,1,0
4,37,7.0,14,terminated,1,0,0,0,0,0,0
4,38,3.0,18,terminated,1,1,1,0,0,1,0
4,39,5.0,16,terminated,1,0,0,0,0,0,0
4,40,-7.0,28,terminated,1,2,2,0,0,2,0
4,41,1.0,20,terminated,1,1,1,0,0,1,0
4,42,-50.0,50,truncated,0,1,0,0,0,0,1
4,43,8.0,13,terminated,1,0,0,0,0,0,0
4,44,6.0,15,terminated,1,0,0,0,0,0,0
4,45,0.0,21,terminated,1,1,1,0,0,1,0
4,46,-19.0,40,terminated,1,3,3,1,0,2,0
4,47,9.0,12,terminated,1,0,0,0,0,0,0
4,48,2.0,19,terminated,1,1,1,0,0,1,0
4,49,2.0,19,terminated,1,1,1,0,0,1,0
4,50,-7.0,28,terminated,1,2,2,1,0,1,0
4,51,-5.0,26,terminated,1,3,2,0,0,2,1
4,52,5.0,16,terminated,1,1,1,0,0,1,0
4,53,-9.0,30,terminated,1,2,2,1,0,1,0
4,54,10.0,11,terminated,1,0,0,0,0,0,0
4,55,3.0,18,terminated,1,1,0,0,0,0,1
4,56,3.0,18,terminated,1,0,0,0,0,0,0
4,57,-15.0,36,terminated,1,3,2,1,0,1,1
4,58,7.0,14,terminated,1,0,0,0,0,0,0
4,59,-5.0,26,terminated,1,0,0,0,0,0,0
4,60,-18.0,39,terminated,1,2,2,1,0,1,0
4,61,-13.0,34,terminated,1,3,3,1,0,2,0
4,62,-3.0,24,terminated,1,1,1,0,0,1,0
4,63,4.0,17,terminated,1,1,1,0,0,1,0
4,64,-17.0,38,terminated,1,2,2,1,0,1,0
4,65,-24.0,24,terminated,1,2,2,1,0,1,0
4,66,5.0,16,terminated,1,1,1,0,0,1,0
4,67,1.0,20,terminated,1,1,1,0,0,1,0
4,68,5.0,16,terminated,1,0,0,0,0,0,0
4,69,3.0,18,terminated,1,1,1,0,0,1,0
4,70,-8.0,29,terminated,1,2,2,0,0,2,0
4,71,-6.0,27,terminated,1,3,2,0,0,2,1
4,72,4.0,17,terminated,1,1,1,0,0,1,0
4,73,-5.0,26,terminated,1,1,1,0,0,1,0
4,74,8.0,13,terminated,1,0,0,0,0,0,0
4,75,-20.0,41,terminated,1,2,2,1,0,1,0
4,76,0.0,21,terminated,1,1,1,0,0,1,0
4,77,3.0,18,terminated,1,1,1,0,0,1,0
4,78,5.0,16,terminated,1,1,1,0,0,1,0
4,79,2.0,19,terminated,1,0,0,0,0,0,0
4,80,5.0,16,terminated,1,1,1,0,0,1,0
4,81,4.0,17,terminated,1,1,1,0,0,1,0
4,82,6.0,15,terminated,1,1,1,0,0,1,0
4,83,-9.0,30,terminated,1,2,2,0,0,2,0
4,84,0.0,21,terminated,1,1,1,1,0,0,0
4,85,-1.0,22,terminated,1,1,1,0,0,1,0
4,86,6.0,15,terminated,1,1,1,0,0,1,0
4,87,-18.0,18,terminated,1,1,1,0,0,1,0
4,88,-1.0,22,terminated,1,1,1,0,0,1,0
4,89,3.0,18,terminated,1,1,1,0,0,1,0
4,90,4.0,17,terminated,1,1,0,0,0,0,1
4,91,-7.0,28,terminated,1,2,2,0,0,2,0
4,92,6.0,15,terminated,1,1,1,0,0,1,0
4,93,-15.0,36,terminated,1,1,1,0,0,1,0
4,94,-4.0,25,terminated,1,1,1,0,0,1,0
4,95,0.0,21,terminated,1,1,1,0,0,1,0
4,96,-7.0,28,terminated,1,2,2,1,0,1,0
4,97,2.0,19,terminated,1,1,1,0,0,1,0
4,98,-9.0,30,terminated,1,2,2,1,0,1,0
4,99,-2.0,23,terminated,1,1,1,0,0,1,0
4,100,7.0,14,terminated,1,0,0,0,0,0,0
4,101,5.0,16,terminated,1,0,0,0,0,0,0
4,102,-10.0,31,terminated,1,2,1,1,0,0,1
4,103,5.0,16,terminated,1,1,1,0,0,1,0
4,104,-9.0,30,terminated,1,1,1,0,0,1,0
4,105,-6.0,27,terminated,1,2,2,1,0,1,0
4,106,-6.0,18,terminated,1,2,1,0,0,1,1
4,107,-2.0,23,terminated,1,1,1,0,0,1,0
4,108,-6.0,27,terminated,1,3,2,1,0,1,1
4,109,8.0,13,terminated,1,0,0,0,0,0,0
4,110,-9.0,30,terminated,1,2,1,0,0,1,1
4,111,-4.0,25,terminated,1,2,2,1,0,1,0
4,112,7.0,14,terminated,1,0,0,0,0,0,0
4,113,4.0,17,terminated,1,1,1,0,0,1,0
4,114,-9.0,30,terminated,1,2,2,0,0,2,0
4,115,-12.0,33,terminated,1,2,2,0,0,2,0
4,116,5.0,16,terminated,1,1,1,0,0,1,0
4,117,-15.0,15,terminated,1,0,0,0,0,0,0
4,118,6.0,15,terminated,1,0,0,0,0,0,0
4,119,-6.0,27,terminated,1,2,2,1,0,1,0
4,120,-4.0,25,terminated,1,2,2,0,0,2,0
4,121,-7.0,28,terminated,1,2,2,1,0,1,0
4,122,3.0,18,terminated,1,1,1,0,0,1,0
4,123,2.0,19,terminated,1,1,1,0,0,1,0
4,124,-1.0,22,terminated,1,1,1,0,0,1,0
4,125,-3.0,24,terminated,1,2,2,0,0,2,0
4,126,1.0,20,terminated,1,1,1,0,0,1,0
4,127,3.0,18,terminated,1,1,1,0,0,1,0
4,128,-4.0,25,terminated,1,1,1,0,0,1,0
4,129,7.0,14,terminated,1,1,1,0,0,1,0
4,130,-34.0,34,terminated,1,1,1,0,0,1,0
4,131,-9.0,30,terminated,1,2,2,0,0,2,0
4,132,9.0,12,terminated,1,0,0,0,0,0,0
4,133,6.0,15,terminated,1,1,1,0,0,1,0
4,134,-9.0,30,terminated,1,1,1,0,0,1,0
4,135,-14.0,35,terminated,1,1,1,0,0,1,0
4,136,-23.0,44,terminated,1,2,2,0,0,2,0
4,137,-6.0,27,terminated,1,1,1,0,0,1,0
4,138,2.0,19,terminated,1,1,1,0,0,1,0
4,139,-50.0,50,truncated,0,9,2,0,7,2,0
4,140,-4.0,25,terminated,1,0,0,0,0,0,0
4,141,7.0,14,terminated,1,1,1,0,0,1,0
4,142,-2.0,23,terminated,1,1,1,0,0,1,0
4,143,1.0,20,terminated,1,1,1,0,0,1,0
4,144,0.0,21,terminated,1,1,1,0,0,1,0
4,145,-10.0,31,terminated,1,2,2,0,0,2,0
4,146,4.0,17,terminated,1,1,1,0,0,1,0
4,147,-5.0,26,terminated,1,1,1,0,0,1,0
4,148,5.0,16,terminated,1,0,0,0,0,0,0
4,149,-1.0,22,terminated,1,1,1,0,0,1,0
4,150,-1.0,22,terminated,1,1,1,0,0,1,0
4,151,-11.0,32,terminated,1,3,2,0,0,2,1
4,152,1.0,20,terminated,1,1,1,0,0,1,0
4,153,-1.0,22,terminated,1,1,1,0,0,1,0
4,154,8.0,13,terminated,1,0,0,0,0,0,0
4,155,-3.0,24,terminated,1,2,2,1,0,1,0
4,156,0.0,21,terminated,1,1,1,0,0,1,0
4,157,7.0,14,terminated,1,0,0,0,0,0,0
4,158,3.0,18,terminated,1,1,1,0,0,1,0
4,159,2.0,19,terminated,1,1,1,0,0,1,0
4,160,5.0,16,terminated,1,1,1,0,0,1,0
4,161,2.0,19,terminated,1,1,1,0,0,1,0
4,162,-10.0,31,terminated,1,1,1,0,0,1,0
4,163,-9.0,30,terminated,1,1,1,0,0,1,0
4,164,9.0,12,terminated,1,0,0,0,0,0,0
4,165,3.0,18,terminated,1,1,1,0,0,1,0
4,166,5.0,16,terminated,1,1,1,0,0,1,0
4,167,-6.0,27,terminated,1,2,2,0,0,2,0
4,168,1.0,20,terminated,1,1,1,0,0,1,0
4,169,5.0,16,terminated,1,1,1,0,0,1,0
4,170,-7.0,28,terminated,1,2,2,0,0,2,0
4,171,-6.0,27,terminated,1,2,2,1,0,1,0
4,172,-7.0,28,terminated,1,2,2,0,0,2,0
4,173,-1.0,22,terminated,1,1,1,0,0,1,0
4,174,-6.0,27,terminated,1,2,2,0,0,2,0
4,175,1.0,20,terminated,1,1,1,0,0,1,0
4,176,3.0,18,terminated,1,1,1,0,0,1,0
4,177,6.0,15,terminated,1,1,1,0,0,1,0
4,178,-2.0,23,terminated,1,1,1,0,0,1,0
4,179,-1.0,22,terminated,1,1,1,0,0,1,0
4,180,-2.0,23,terminated,1,1,1,0,0,1,0
4,181,0.0,21,terminated,1,1,1,0,0,1,0
4,182,4.0,17,terminated,1,1,1,0,0,1,0
4,183,3.0,18,terminated,1,1,1,1,0,0,0
4,184,4.0,17,terminated,1,1,1,0,0,1,0
4,185,7.0,14,terminated,1,0,0,0,0,0,0
4,186,-9.0,30,terminated,1,2,2,1,0,1,0
4,187,1.0,20,terminated,1,1,1,0,0,1,0
4,188,1.0,20,terminated,1,1,1,0,0,1,0
4,189,-7.0,28,terminated,1,0,0,0,0,0,0
4,190,2.0,19,terminated,1,1,1,0,0,1,0
4,191,3.0,18,terminated,1,1,1,0,0,1,0
4,192,5.0,16,terminated,1,0,0,0,0,0,0
4,193,5.0,16,terminated,1,1,1,0,0,1,0
4,194,4.0,17,terminated,1,0,0,0,0,0,0
4,195,-2.0,23,terminated,1,1,1,0,0,1,0
4,196,-18.0,39,terminated,1,3,2,1,0,1,1
4,197,-26.0,47,terminated,1,3,2,0,0,2,1
4,198,-6.0,27,terminated,1,1,1,0,0,1,0
4,199,6.0,15,terminated,1,1,1,0,0,1,0
4,200,5.0,16,terminated,1,1,1,1,0,0,0
4,201,-18.0,18,terminated,1,0,0,0,0,0,0
4,202,-5.0,26,terminated,1,2,2,1,0,1,0
4,203,-9.0,30,terminated,1,3,2,1,0,1,1
4,204,6.0,15,terminated,1,1,1,0,0,1,0
4,205,-8.0,29,terminated,1,2,2,0,0,2,0
4,206,5.0,16,terminated,1,1,1,0,0,1,0
4,207,3.0,18,terminated,1,1,1,0,0,1,0
4,208,6.0,15,terminated,1,1,1,1,0,0,0
4,209,7.0,14,terminated,1,1,1,1,0,0,0
4,210,5.0,16,terminated,1,1,1,0,0,1,0
4,211,-11.0,32,terminated,1,3,2,0,0,2,1
4,212,-15.0,36,terminated,1,2,2,1,0,1,0
4,213,-7.0,28,terminated,1,0,0,0,0,0,0
4,214,-4.0,25,terminated,1,2,2,0,0,2,0
4,215,-9.0,30,terminated,1,2,2,1,0,1,0
4,216,-4.0,25,terminated,1,1,1,0,0,1,0
4,217,3.0,18,terminated,1,2,1,0,0,1,1
4,218,9.0,12,terminated,1,0,0,0,0,0,0
4,219,1.0,20,terminated,1,1,1,0,0,1,0
4,220,4.0,17,terminated,1,1,1,0,0,1,0
4,221,-3.0,24,terminated,1,1,1,0,0,1,0
4,222,1.0,20,terminated,1,1,1,0,0,1,0
4,223,8.0,13,terminated,1,0,0,0,0,0,0
4,224,1.0,20,terminated,1,1,1,0,0,1,0
4,225,6.0,15,terminated,1,0,0,0,0,0,0
4,226,4.0,17,terminated,1,0,0,0,0,0,0
4,227,-1.0,22,terminated,1,1,1,0,0,1,0
4,228,1.0,20,terminated,1,1,1,0,0,1,0
4,229,-18.0,39,terminated,1,1,1,0,0,1,0
4,230,0.0,21,terminated,1,1,1,0,0,1,0
4,231,-18.0,39,terminated,1,6,1,0,5,1,0
4,232,-7.0,28,terminated,1,1,1,0,0,1,0
4,233,3.0,18,terminated,1,1,1,0,0,1,0
4,234,3.0,18,terminated,1,1,1,0,0,1,0
4,235,-4.0,25,terminated,1,2,2,1,0,1,0
4,236,1.0,20,terminated,1,1,1,0,0,1,0
4,237,7.0,14,terminated,1,1,1,0,0,1,0
4,238,-5.0,26,terminated,1,2,2,0,0,2,0
4,239,-11.0,32,terminated,1,1,1,0,0,1,0
4,240,-14.0,35,terminated,1,3,3,1,0,2,0
4,241,4.0,17,terminated,1,1,1,0,0,1,0
4,242,6.0,15,terminated,1,0,0,0,0,0,0
4,243,-10.0,31,terminated,1,3,2,1,0,1,1
4,244,-8.0,29,terminated,1,2,1,1,0,0,1
4,245,9.0,12,terminated,1,0,0,0,0,0,0
4,246,0.0,21,terminated,1,1,1,0,0,1,0
4,247,4.0,17,terminated,1,1,1,0,0,1,0
4,248,0.0,21,terminated,1,1,1,0,0,1,0
4,249,6.0,15,terminated,1,1,1,0,0,1,0
4,250,-9.0,30,terminated,1,2,2,1,0,1,0
4,251,2.0,19,terminated,1,1,1,1,0,0,0
4,252,1.0,20,terminated,1,0,0,0,0,0,0
4,253,2.0,19,terminated,1,1,1,0,0,1,0
4,254,-5.0,26,terminated,1,2,2,0,0,2,0
4,255,-6.0,27,terminated,1,2,2,1,0,1,0
4,256,-4.0,25,terminated,1,2,2,0,0,2,0
4,257,-1.0,22,terminated,1,1,1,0,0,1,0
4,258,-7.0,28,terminated,1,3,2,1,0,1,1
4,259,-7.0,28,terminated,1,1,1,0,0,1,0
4,260,-11.0,32,terminated,1,2,1,0,0,1,1
4,261,11.0,10,terminated,1,0,0,0,0,0,0
4,262,0.0,21,terminated,1,1,1,0,0,1,0
4,263,-21.0,42,terminated,1,2,2,0,0,2,0
4,264,-6.0,27,terminated,1,3,2,0,0,2,1
4,265,6.0,15,terminated,1,1,1,0,0,1,0
4,266,7.0,14,terminated,1,0,0,0,0,0,0
4,267,2.0,19,terminated,1,1,1,0,0,1,0
4,268,0.0,21,terminated,1,1,1,0,0,1,0
4,269,-6.0,27,terminated,1,2,2,0,0,2,0
4,270,2.0,19,terminated,1,1,1,0,0,1,0
4,271,5.0,16,terminated,1,1,1,0,0,1,0
4,272,-5.0,26,terminated,1,1,1,0,0,1,0
4,273,3.0,18,terminated,1,1,1,0,0,1,0
4,274,-7.0,28,terminated,1,2,2,1,0,1,0
4,275,-1.0,22,terminated,1,1,1,0,0,1,0
4,276,-2.0,23,terminated,1,0,0,0,0,0,0
4,277,4.0,17,terminated,1,1,1,0,0,1,0
4,278,0.0,21,terminated,1,1,1,0,0,1,0
4,279,2.0,19,terminated,1,1,1,0,0,1,0
4,280,4.0,17,terminated,1,1,1,0,0,1,0
4,281,2.0,19,terminated,1,0,0,0,0,0,0
4,282,7.0,14,terminated,1,1,1,0,0,1,0
4,283,-21.0,21,terminated,1,1,1,0,0,1,0
4,284,6.0,15,terminated,1,1,1,0,0,1,0
4,285,-7.0,28,terminated,1,1,1,0,0,1,0
4,286,-50.0,50,truncated,0,0,0,0,0,0,0
4,287,-16.0,37,terminated,1,2,1,0,0,1,1
4,288,-21.0,42,terminated,1,1,1,0,0,1,0
4,289,-7.0,28,terminated,1,1,1,0,0,1,0
4,290,3.0,18,terminated,1,1,1,1,0,0,0
4,291,4.0,17,terminated,1,1,1,0,0,1,0
4,292,4.0,17,terminated,1,1,1,0,0,1,0
4,293,-9.0,30,terminated,1,1,1,0,0,1,0
4,294,4.0,17,terminated,1,1,1,0,0,1,0
4,295,2.0,19,terminated,1,1,1,0,0,1,0
4,296,4.0,17,terminated,1,1,1,0,0,1,0
4,297,-5.0,26,terminated,1,1,1,0,0,1,0
4,298,-4.0,25,terminated,1,2,2,0,0,2,0
4,299,-1.0,22,terminated,1,1,0,0,0,0,1
4,300,1.0,20,terminated,1,1,1,0,0,1,0
4,301,-1.0,22,terminated,1,1,1,0,0,1,0
4,302,-7.0,28,terminated,1,2,2,0,0,2,0
4,303,4.0,17,terminated,1,0,0,0,0,0,0
4,304,-2.0,23,terminated,1,1,1,0,0,1,0
4,305,0.0,21,terminated,1,1,1,0,0,1,0
4,306,-17.0,38,terminated,1,3,3,1,0,2,0
4,307,-19.0,40,terminated,1,3,2,1,0,1,1
4,308,14.0,7,terminated,1,0,0,0,0,0,0
4,309,-8.0,29,terminated,1,2,2,0,0,2,0
4,310,7.0,14,terminated,1,0,0,0,0,0,0
4,311,3.0,18,terminated,1,1,1,1,0,0,0
4,312,-23.0,35,terminated,1,6,2,0,3,2,1
4,313,-28.0,28,terminated,1,1,1,0,0,1,0
4,314,-1.0,22,terminated,1,0,0,0,0,0,0
4,315,-13.0,34,terminated,1,1,1,0,0,1,0
4,316,7.0,14,terminated,1,0,0,0,0,0,0
4,317,2.0,19,terminated,1,0,0,0,0,0,0
4,318,5.0,16,terminated,1,1,1,0,0,1,0
4,319,-7.0,28,terminated,1,2,1,0,0,1,1
4,320,6.0,15,terminated,1,1,1,0,0,1,0
4,321,6.0,15,terminated,1,1,1,0,0,1,0
4,322,3.0,18,terminated,1,1,1,0,0,1,0
4,323,-3.0,24,terminated,1,1,1,0,0,1,0
4,324,9.0,12,terminated,1,0,0,0,0,0,0
4,325,-8.0,29,terminated,1,3,2,0,0,2,1
4,326,1.0,20,terminated,1,1,1,0,0,1,0
4,327,1.0,20,terminated,1,1,1,0,0,1,0
4,328,-11.0,32,terminated,1,2,2,1,0,1,0
4,329,7.0,14,terminated,1,0,0,0,0,0,0
4,330,-6.0,27,terminated,1,2,2,1,0,1,0
4,331,-5.0,26,terminated,1,2,2,0,0,2,0
4,332,0.0,21,terminated,1,1,1,0,0,1,0
4,333,2.0,19,terminated,1,1,1,0,0,1,0
4,334,6.0,15,terminated,1,0,0,0,0,0,0
4,335,-4.0,25,terminated,1,1,1,0,0,1,0
4,336,0.0,21,terminated,1,1,1,0,0,1,0
4,337,-6.0,27,terminated,1,1,1,0,0,1,0
4,338,1.0,20,terminated,1,1,1,0,0,1,0
4,339,6.0,15,terminated,1,1,1,0,0,1,0
4,340,-2.0,23,terminated,1,1,1,0,0,1,0
4,341,7.0,14,terminated,1,0,0,0,0,0,0
4,342,0.0,21,terminated,1,1,1,0,0,1,0
4,343,-11.0,32,terminated,1,2,2,1,0,1,0
4,344,4.0,17,terminated,1,0,0,0,0,0,0
4,345,0.0,21,terminated,1,1,1,0,0,1,0
4,346,-1.0,22,terminated,1,1,1,0,0,1,0
4,347,2.0,19,terminated,1,1,1,0,0,1,0
4,348,3.0,18,terminated,1,1,1,0,0,1,0
4,349,3.0,18,terminated,1,1,1,0,0,1,0
4,350,-7.0,28,terminated,1,1,1,0,0,1,0
4,351,6.0,15,terminated,1,0,0,0,0,0,0
4,352,2.0,19,terminated,1,1,1,0,0,1,0
4,353,8.0,13,terminated,1,0,0,0,0,0,0
4,354,0.0,21,terminated,1,1,1,0,0,1,0
4,355,5.0,16,terminated,1,0,0,0,0,0,0
4,356,-17.0,38,terminated,1,4,3,1,0,2,1
4,357,-3.0,24,terminated,1,1,1,0,0,1,0
4,358,4.0,17,terminated,1,1,1,0,0,1,0
4,359,-6.0,27,terminated,1,2,2,1,0,1,0
4,360,-6.0,27,terminated,1,2,2,1,0,1,0
4,361,-10.0,31,terminated,1,2,2,0,0,2,0
4,362,4.0,17,terminated,1,1,1,0,0,1,0
4,363,3.0,18,terminated,1,1,1,0,0,1,0
4,364,-1.0,22,terminated,1,1,1,0,0,1,0
4,365,-10.0,31,terminated,1,1,1,0,0,1,0
4,366,3.0,18,terminated,1,1,1,0,0,1,0
4,367,-5.0,26,terminated,1,2,1,1,0,0,1
4,368,3.0,18,terminated,1,1,1,0,0,1,0
4,369,1.0,20,terminated,1,0,0,0,0,0,0
4,370,-10.0,31,terminated,1,2,2,1,0,1,0
4,371,-18.0,39,terminated,1,2,2,0,0,2,0
4,372,-1.0,22,terminated,1,1,1,0,0,1,0
4,373,-11.0,32,terminated,1,2,1,0,0,1,1
4,374,4.0,17,terminated,1,0,0,0,0,0,0
4,375,3.0,18,terminated,1,1,1,0,0,1,0
4,376,-16.0,16,terminated,1,1,1,0,0,1,0
4,377,8.0,13,terminated,1,1,1,0,0,1,0
4,378,4.0,17,terminated,1,1,1,0,0,1,0
4,379,2.0,19,terminated,1,1,1,0,0,1,0
4,380,-2.0,23,terminated,1,2,2,1,0,1,0
4,381,-5.0,26,terminated,1,2,2,1,0,1,0
4,382,-6.0,27,terminated,1,2,2,1,0,1,0
4,383,-5.0,26,terminated,1,2,2,1,0,1,0
4,384,2.0,19,terminated,1,1,1,0,0,1,0
4,385,-6.0,27,terminated,1,2,2,1,0,1,0
4,386,5.0,16,terminated,1,1,1,0,0,1,0
4,387,1.0,20,terminated,1,1,1,0,0,1,0
4,388,6.0,15,terminated,1,0,0,0,0,0,0
4,389,0.0,21,terminated,1,1,1,0,0,1,0
4,390,-15.0,36,terminated,1,2,2,1,0,1,0
4,391,-13.0,34,terminated,1,1,1,0,0,1,0
4,392,9.0,12,terminated,1,0,0,0,0,0,0
4,393,5.0,16,terminated,1,1,1,0,0,1,0
4,394,3.0,18,terminated,1,1,1,0,0,1,0
4,395,6.0,15,terminated,1,0,0,0,0,0,0
4,396,-5.0,26,terminated,1,2,2,0,0,2,0
4,397,-9.0,30,terminated,1,2,2,1,0,1,0
4,398,14.0,7,terminated,1,0,0,0,0,0,0
4,399,4.0,17,terminated,1,1,1,1,0,0,0
4,400,-1.0,22,terminated,1,1,1,0,0,1,0
4,401,-8.0,29,terminated,1,2,2,0,0,2,0
4,402,3.0,18,terminated,1,1,1,0,0,1,0
4,403,-4.0,25,terminated,1,2,2,1,0,1,0
4,404,-6.0,27,terminated,1,1,1,0,0,1,0
4,405,-1.0,22,terminated,1,1,0,0,1,0,0
4,406,6.0,15,terminated,1,1,1,0,0,1,0
4,407,2.0,19,terminated,1,1,1,0,0,1,0
4,408,2.0,19,terminated,1,1,1,0,0,1,0
4,409,3.0,18,terminated,1,1,1,0,0,1,0
4,410,-2.0,23,terminated,1,0,0,0,0,0,0
4,411,9.0,12,terminated,1,0,0,0,0,0,0
4,412,-2.0,23,terminated,1,2,1,1,0,0,1
4,413,-1.0,22,terminated,1,2,1,1,0,0,1
4,414,-2.0,23,terminated,1,2,1,0,0,1,1
4,415,3.0,18,terminated,1,1,1,0,0,1,0
4,416,5.0,16,terminated,1,1,1,0,0,1,0
4,417,2.0,19,terminated,1,1,1,0,0,1,0
4,418,5.0,16,terminated,1,1,1,0,0,1,0
4,419,10.0,11,terminated,1,0,0,0,0,0,0
4,420,7.0,14,terminated,1,1,1,0,0,1,0
4,421,-6.0,27,terminated,1,2,2,1,0,1,0
4,422,0.0,21,terminated,1,2,1,1,0,0,1
4,423,2.0,19,terminated,1,1,1,0,0,1,0
4,424,5.0,16,terminated,1,1,1,0,0,1,0
4,425,-4.0,25,terminated,1,2,2,0,0,2,0
4,426,-7.0,28,terminated,1,1,1,1,0,0,0
4,427,4.0,17,terminated,1,1,1,0,0,1,0
4,428,-7.0,28,terminated,1,1,1,0,0,1,0
4,429,-3.0,24,terminated,1,1,1,1,0,0,0
4,430,2.0,19,terminated,1,1,1,0,0,1,0
4,431,4.0,17,terminated,1,1,1,0,0,1,0
4,432,-1.0,22,terminated,1,2,1,1,0,0,1
4,433,4.0,17,terminated,1,1,1,0,0,1,0
4,434,5.0,16,terminated,1,2,1,0,0,1,1
4,435,5.0,16,terminated,1,0,0,0,0,0,0
4,436,-7.0,28,terminated,1,1,1,0,0,1,0
4,437,2.0,19,terminated,1,0,0,0,0,0,0
4,438,-13.0,34,terminated,1,3,2,0,0,2,1
4,439,5.0,16,terminated,1,1,1,0,0,1,0
4,440,0.0,21,terminated,1,1,1,0,0,1,0
4,441,-9.0,30,terminated,1,1,1,0,0,1,0
4,442,-18.0,39,terminated,1,4,3,1,0,2,1
4,443,4.0,17,terminated,1,1,1,0,0,1,0
4,444,1.0,20,terminated,1,0,0,0,0,0,0
4,445,0.0,21,terminated,1,0,0,0,0,0,0
4,446,-10.0,31,terminated,1,3,2,0,0,2,1
4,447,2.0,19,terminated,1,1,1,1,0,0,0
4,448,1.0,20,terminated,1,1,1,0,0,1,0
4,449,4.0,17,terminated,1,1,1,0,0,1,0
4,450,1.0,20,terminated,1,1,1,0,0,1,0
4,451,8.0,13,terminated,1,0,0,0,0,0,0
4,452,4.0,17,terminated,1,1,1,0,0,1,0
4,453,10.0,11,terminated,1,0,0,0,0,0,0
4,454,-23.0,23,terminated,1,1,1,0,0,1,0
4,455,0.0,21,terminated,1,1,1,0,0,1,0
4,456,-8.0,29,terminated,1,2,2,1,0,1,0
4,457,-4.0,25,terminated,1,3,2,1,0,1,1
4,458,-9.0,30,terminated,1,1,1,0,0,1,0
4,459,2.0,19,terminated,1,0,0,0,0,0,0
4,460,-7.0,28,terminated,1,2,2,1,0,1,0
4,461,6.0,15,terminated,1,0,0,0,0,0,0
4,462,2.0,19,terminated,1,1,1,1,0,0,0
4,463,7.0,14,terminated,1,0,0,0,0,0,0
4,464,4.0,17,terminated,1,0,0,0,0,0,0
4,465,-6.0,27,terminated,1,2,2,1,0,1,0
4,466,-18.0,39,terminated,1,2,2,0,0,2,0
4,467,6.0,15,terminated,1,1,1,0,0,1,0
4,468,-7.0,28,terminated,1,2,2,1,0,1,0
4,469,-4.0,25,terminated,1,1,1,0,0,1,0
4,470,0.0,21,terminated,1,1,1,0,0,1,0
4,471,2.0,19,terminated,1,2,1,0,0,1,1
4,472,-1.0,22,terminated,1,1,1,0,0,1,0
4,473,0.0,21,terminated,1,1,1,0,0,1,0
4,474,6.0,15,terminated,1,0,0,0,0,0,0
4,475,-10.0,31,terminated,1,1,1,1,0,0,0
4,476,8.0,13,terminated,1,0,0,0,0,0,0
4,477,4.0,17,terminated,1,0,0,0,0,0,0
4,478,5.0,16,terminated,1,0,0,0,0,0,0
4,479,2.0,19,terminated,1,1,1,0,0,1,0
4,480,-5.0,26,terminated,1,2,2,1,0,1,0
4,481,3.0,18,terminated,1,1,1,0,0,1,0
4,482,-1.0,22,terminated,1,1,1,0,0,1,0
4,483,2.0,19,terminated,1,1,1,0,0,1,0
4,484,7.0,14,terminated,1,1,1,1,0,0,0
4,485,-2.0,23,terminated,1,1,1,0,0,1,0
4,486,-9.0,30,terminated,1,1,1,0,0,1,0
4,487,-7.0,28,terminated,1,2,2,1,0,1,0
4,488,1.0,20,terminated,1,1,1,0,0,1,0
4,489,-3.0,24,terminated,1,1,1,0,0,1,0
4,490,0.0,21,terminated,1,1,1,0,0,1,0
4,491,8.0,13,terminated,1,1,1,1,0,0,0
4,492,8.0,13,terminated,1,0,0,0,0,0,0
4,493,4.0,17,terminated,1,1,1,0,0,1,0
4,494,-8.0,29,terminated,1,2,1,1,0,0,1
4,495,-7.0,28,terminated,1,2,2,0,0,2,0
4,496,-1.0,22,terminated,1,1,1,0,0,1,0
4,497,1.0,20,terminated,1,1,1,0,0,1,0
4,498,-17.0,38,terminated,1,2,2,0,0,2,0
4,499,3.0,18,terminated,1,1,1,0,0,1,0
4,500,10.0,11,terminated,1,0,0,0,0,0,0
4,501,-5.0,26,terminated,1,2,2,0,0,2,0
4,502,-13.0,34,terminated,1,2,1,0,0,1,1
4,503,-50.0,50,truncated,0,5,4,0,0,4,1
4,504,0.0,21,terminated,1,1,1,0,0,1,0
4,505,1.0,20,terminated,1,1,1,0,0,1,0
4,506,6.0,15,terminated,1,1,1,0,0,1,0
4,507,-6.0,27,terminated,1,1,1,0,0,1,0
4,508,3.0,18,terminated,1,0,0,0,0,0,0
4,509,2.0,19,terminated,1,0,0,0,0,0,0
4,510,-5.0,26,terminated,1,2,2,0,0,2,0
4,511,3.0,18,terminated,1,1,1,0,0,1,0
4,512,4.0,17,terminated,1,1,1,0,0,1,0
4,513,-8.0,29,terminated,1,2,2,0,0,2,0
4,514,-5.0,26,terminated,1,3,2,1,0,1,1
4,515,-3.0,24,terminated,1,1,1,0,0,1,0
4,516,-17.0,38,terminated,1,2,2,1,0,1,0
4,517,3.0,18,terminated,1,1,1,0,0,1,0
4,518,-9.0,30,terminated,1,3,2,1,0,1,1
4,519,1.0,20,terminated,1,1,1,0,0,1,0
4,520,3.0,18,terminated,1,1,1,0,0,1,0
4,521,5.0,16,terminated,1,0,0,0,0,0,0
4,522,1.0,20,terminated,1,0,0,0,0,0,0
4,523,5.0,16,terminated,1,1,1,0,0,1,0
4,524,12.0,9,terminated,1,0,0,0,0,0,0
4,525,8.0,13,terminated,1,0,0,0,0,0,0
4,526,-7.0,28,terminated,1,2,2,1,0,1,0
4,527,7.0,14,terminated,1,0,0,0,0,0,0
4,528,0.0,21,terminated,1,1,1,0,0,1,0
4,529,-17.0,38,terminated,1,1,1,0,0,1,0
4,530,-6.0,27,terminated,1,3,2,0,0,2,1
4,531,2.0,19,terminated,1,1,1,0,0,1,0
4,532,6.0,15,terminated,1,1,1,0,0,1,0
4,533,0.0,21,terminated,1,2,1,1,0,0,1
4,534,4.0,17,terminated,1,0,0,0,0,0,0
4,535,3.0,18,terminated,1,1,1,0,0,1,0
4,536,-6.0,27,terminated,1,1,1,0,0,1,0
4,537,-7.0,28,terminated,1,3,2,0,0,2,1
4,538,-8.0,29,terminated,1,1,1,1,0,0,0
4,539,-3.0,24,terminated,1,0,0,0,0,0,0
4,540,-4.0,25,terminated,1,2,2,1,0,1,0
4,541,-2.0,23,terminated,1,2,1,1,0,0,1
4,542,4.0,17,terminated,1,0,0,0,0,0,0
4,543,7.0,14,terminated,1,0,0,0,0,0,0
4,544,-4.0,25,terminated,1,1,1,0,0,1,0
4,545,-10.0,31,terminated,1,2,2,1,0,1,0
4,546,11.0,10,terminated,1,0,0,0,0,0,0
4,547,1.0,20,terminated,1,1,1,0,0,1,0
4,548,-2.0,23,terminated,1,1,1,0,0,1,0
4,549,-3.0,24,terminated,1,3,2,1,0,1,1
4,550,-13.0,34,terminated,1,2,1,0,0,1,1
4,551,-4.0,25,terminated,1,1,1,0,0,1,0
4,552,-2.0,23,terminated,1,1,1,0,0,1,0
4,553,-11.0,32,terminated,1,2,2,0,0,2,0
4,554,-1.0,22,terminated,1,1,1,0,0,1,0
4,555,-3.0,24,terminated,1,2,2,1,0,1,0
4,556,-2.0,23,terminated,1,1,1,0,0,1,0
4,557,-6.0,27,terminated,1,2,2,1,0,1,0
4,558,-10.0,31,terminated,1,3,2,0,0,2,1
4,559,5.0,16,terminated,1,1,1,0,0,1,0
4,560,-2.0,23,terminated,1,1,1,0,0,1,0
4,561,-4.0,25,terminated,1,2,2,1,0,1,0
4,562,4.0,17,terminated,1,1,1,0,0,1,0
4,563,-1.0,22,terminated,1,2,1,0,0,1,1
4,564,8.0,13,terminated,1,0,0,0,0,0,0
4,565,-3.0,24,terminated,1,1,1,0,0,1,0
4,566,5.0,16,terminated,1,1,1,0,0,1,0
4,567,-4.0,25,terminated,1,2,1,0,0,1,1
4,568,9.0,12,terminated,1,0,0,0,0,0,0
4,569,12.0,9,terminated,1,0,0,0,0,0,0
4,570,5.0,16,terminated,1,0,0,0,0,0,0
4,571,4.0,17,terminated,1,1,1,0,0,1,0
4,572,-17.0,38,terminated,1,2,2,0,0,2,0
4,573,6.0,15,terminated,1,0,0,0,0,0,0
4,574,-8.0,29,terminated,1,1,1,0,0,1,0
4,575,4.0,17,terminated,1,1,1,0,0,1,0
4,576,7.0,14,terminated,1,1,1,0,0,1,0
4,577,-20.0,20,terminated,1,1,1,1,0,0,0
4,578,0.0,21,terminated,1,1,1,0,0,1,0
4,579,-19.0,40,terminated,1,4,3,1,0,2,1
4,580,13.0,8,terminated,1,0,0,0,0,0,0
4,581,-5.0,26,terminated,1,3,2,0,0,2,1
4,582,-11.0,32,terminated,1,2,2,1,0,1,0
4,583,-6.0,27,terminated,1,2,2,0,0,2,0
4,584,-2.0,23,terminated,1,1,1,0,0,1,0
4,585,4.0,17,terminated,1,1,1,0,0,1,0
4,586,2.0,19,terminated,1,1,1,1,0,0,0
4,587,7.0,14,terminated,1,1,1,0,0,1,0
4,588,3.0,18,terminated,1,1,1,0,0,1,0
4,589,-7.0,28,terminated,1,1,1,0,0,1,0
4,590,-10.0,31,terminated,1,1,1,0,0,1,0
4,591,-3.0,24,terminated,1,2,2,1,0,1,0
4,592,1.0,20,terminated,1,1,1,0,0,1,0
4,593,6.0,15,terminated,1,0,0,0,0,0,0
4,594,-12.0,33,terminated,1,2,2,0,0,2,0
4,595,-7.0,28,terminated,1,2,2,1,0,1,0
4,596,-14.0,14,terminated,1,0,0,0,0,0,0
4,597,2.0,19,terminated,1,1,1,0,0,1,0
4,598,-4.0,25,terminated,1,1,1,0,0,1,0
4,599,7.0,14,terminated,1,0,0,0,0,0,0
4,600,0.0,21,terminated,1,2,1,1,0,0,1
4,601,1.0,20,terminated,1,0,0,0,0,0,0
4,602,-4.0,25,terminated,1,1,1,0,0,1,0
4,603,7.0,14,terminated,1,0,0,0,0,0,0
4,604,-50.0,50,truncated,0,3,2,0,0,2,1
4,605,4.0,17,terminated,1,1,1,0,0,1,0
4,606,-8.0,29,terminated,1,2,2,0,0,2,0
4,607,-7.0,28,terminated,1,1,1,0,0,1,0
4,608,2.0,19,terminated,1,1,1,0,0,1,0
4,609,-1.0,22,terminated,1,1,1,0,0,1,0
4,610,-3.0,24,terminated,1,2,2,1,0,1,0
4,611,-7.0,28,terminated,1,2,2,0,0,2,0
4,612,0.0,21,terminated,1,1,1,0,0,1,0
4,613,-8.0,29,terminated,1,1,1,0,0,1,0
4,614,-12.0,33,terminated,1,1,1,0,0,1,0
4,615,0.0,21,terminated,1,1,1,0,0,1,0
4,616,1.0,20,terminated,1,1,1,0,0,1,0
4,617,0.0,21,terminated,1,1,1,0,0,1,0
4,618,-4.0,25,terminated,1,1,1,1,0,0,0
4,619,-5.0,26,terminated,1,1,1,0,0,1,0
4,620,-6.0,27,terminated,1,2,1,0,0,1,1
4,621,-15.0,36,terminated,1,3,3,1,0,2,0
4,622,-1.0,22,terminated,1,1,1,0,0,1,0
4,623,1.0,20,terminated,1,1,1,0,0,1,0
4,624,-2.0,23,terminated,1,1,1,0,0,1,0
4,625,-1.0,22,terminated,1,1,1,0,0,1,0
4,626,1.0,20,terminated,1,1,1,0,0,1,0
4,627,-1.0,22,terminated,1,1,1,0,0,1,0
4,628,4.0,17,terminated,1,1,1,0,0,1,0
4,629,-3.0,24,terminated,1,1,1,1,0,0,0
4,630,-13.0,34,terminated,1,2,2,1,0,1,0
4,631,3.0,18,terminated,1,1,1,0,0,1,0
4,632,-28.0,49,terminated,1,4,3,0,0,3,1
4,633,2.0,19,terminated,1,1,1,0,0,1,0
4,634,-8.0,29,terminated,1,2,2,1,0,1,0
4,635,-2.0,23,terminated,1,1,1,0,0,1,0
4,636,-6.0,27,terminated,1,2,2,1,0,1,0
4,637,0.0,21,terminated,1,1,1,0,0,1,0
4,638,4.0,17,terminated,1,1,1,0,0,1,0
4,639,-13.0,34,terminated,1,2,2,1,0,1,0
4,640,2.0,19,terminated,1,1,1,0,0,1,0
4,641,-1.0,22,terminated,1,1,1,0,0,1,0
4,642,4.0,17,terminated,1,0,0,0,0,0,0
4,643,-18.0,39,terminated,1,1,1,0,0,1,0
4,644,-21.0,42,terminated,1,3,2,1,0,1,1
4,645,-4.0,25,terminated,1,2,2,1,0,1,0
4,646,3.0,18,terminated,1,1,1,0,0,1,0
4,647,10.0,11,terminated,1,0,0,0,0,0,0
4,648,10.0,11,terminated,1,0,0,0,0,0,0
4,649,3.0,18,terminated,1,1,1,0,0,1,0
4,650,4.0,17,terminated,1,1,1,0,0,1,0
4,651,3.0,18,terminated,1,1,1,0,0,1,0
4,652,-2.0,23,terminated,1,1,1,0,0,1,0
4,653,-2.0,23,terminated,1,2,2,1,0,1,0
4,654,1.0,20,terminated,1,1,1,1,0,0,0
4,655,5.0,16,terminated,1,1,1,0,0,1,0
4,656,-2.0,23,terminated,1,1,1,0,0,1,0
4,657,-8.0,29,terminated,1,1,1,0,0,1,0
4,658,-2.0,23,terminated,1,1,1,0,0,1,0
4,659,-2.0,23,terminated,1,0,0,0,0,0,0
4,660,6.0,15,terminated,1,1,1,0,0,1,0
4,661,8.0,13,terminated,1,0,0,0,0,0,0
4,662,-11.0,32,terminated,1,1,1,0,0,1,0
4,663,-7.0,28,terminated,1,1,1,0,0,1,0
4,664,-4.0,25,terminated,1,1,1,0,0,1,0
4,665,4.0,17,terminated,1,1,1,0,0,1,0
4,666,1.0,20,terminated,1,1,1,0,0,1,0
4,667,-14.0,35,terminated,1,3,3,1,0,2,0
4,668,1.0,20,terminated,1,1,1,0,0,1,0
4,669,-5.0,26,terminated,1,2,2,1,0,1,0
4,670,5.0,16,terminated,1,1,1,0,0,1,0
4,671,6.0,15,terminated,1,0,0,0,0,0,0
4,672,13.0,8,terminated,1,0,0,0,0,0,0
4,673,-3.0,24,terminated,1,2,2,1,0,1,0
4,674,-9.0,30,terminated,1,2,2,0,0,2,0
4,675,-6.0,27,terminated,1,2,2,0,0,2,0
4,676,-6.0,27,terminated,1,2,2,0,0,2,0
4,677,-3.0,24,terminated,1,0,0,0,0,0,0
4,678,-2.0,23,terminated,1,1,1,0,0,1,0
4,679,12.0,9,terminated,1,0,0,0,0,0,0
4,680,4.0,17,terminated,1,1,1,0,0,1,0
4,681,-23.0,44,terminated,1,3,3,1,0,2,0
4,682,-1.0,22,terminated,1,1,1,0,0,1,0
4,683,-9.0,30,terminated,1,1,1,0,0,1,0
4,684,-5.0,26,terminated,1,2,1,0,0,1,1
4,685,2.0,19,terminated,1,0,0,0,0,0,0
4,686,-15.0,36,terminated,1,3,2,1,0,1,1
4,687,4.0,17,terminated,1,1,1,0,0,1,0
4,688,2.0,19,terminated,1,1,1,0,0,1,0
4,689,-4.0,25,terminated,1,2,2,1,0,1,0
4,690,5.0,16,terminated,1,1,1,0,0,1,0
4,691,2.0,19,terminated,1,1,1,0,0,1,0
4,692,6.0,15,terminated,1,1,1,0,0,1,0
4,693,4.0,17,terminated,1,1,1,0,0,1,0
4,694,4.0,17,terminated,1,1,1,0,0,1,0
4,695,2.0,19,terminated,1,1,1,0,0,1,0
4,696,2.0,19,terminated,1,1,1,0,0,1,0
4,697,-15.0,36,terminated,1,1,1,0,0,1,0
4,698,-59.0,50,truncated,0,10,2,0,7,2,1
4,699,-8.0,29,terminated,1,1,1,0,0,1,0
4,700,-1.0,22,terminated,1,1,1,0,0,1,0
4,701,6.0,15,terminated,1,1,1,0,0,1,0
4,702,4.0,17,terminated,1,1,1,0,0,1,0
4,703,6.0,15,terminated,1,0,0,0,0,0,0
4,704,5.0,16,terminated,1,1,1,1,0,0,0
4,705,6.0,15,terminated,1,1,1,1,0,0,0
4,706,-1.0,22,terminated,1,1,1,0,0,1,0
4,707,-1.0,22,terminated,1,1,1,0,0,1,0
4,708,-2.0,23,terminated,1,1,1,0,0,1,0
4,709,-2.0,23,terminated,1,1,1,0,0,1,0
4,710,2.0,19,terminated,1,1,1,0,0,1,0
4,711,1.0,20,terminated,1,1,1,0,0,1,0
4,712,-2.0,23,terminated,1,2,1,1,0,0,1
4,713,0.0,21,terminated,1,1,1,0,0,1,0
4,714,7.0,14,terminated,1,1,1,1,0,0,0
4,715,-11.0,32,terminated,1,2,2,1,0,1,0
4,716,6.0,15,terminated,1,1,1,0,0,1,0
4,717,-6.0,27,terminated,1,2,2,0,0,2,0
4,718,-4.0,25,terminated,1,2,1,0,0,1,1
4,719,-4.0,25,terminated,1,1,1,0,0,1,0
4,720,8.0,13,terminated,1,0,0,0,0,0,0
4,721,-6.0,27,terminated,1,1,1,0,0,1,0
4,722,2.0,19,terminated,1,0,0,0,0,0,0
4,723,-19.0,40,terminated,1,2,2,1,0,1,0
4,724,-6.0,27,terminated,1,2,2,0,0,2,0
4,725,9.0,12,terminated,1,1,1,1,0,0,0
4,726,-18.0,39,terminated,1,1,1,0,0,1,0
4,727,-12.0,33,terminated,1,1,1,0,0,1,0
4,728,5.0,16,terminated,1,1,1,0,0,1,0
4,729,2.0,19,terminated,1,1,1,0,0,1,0
4,730,2.0,19,terminated,1,1,1,0,0,1,0
4,731,-10.0,31,terminated,1,1,0,0,0,0,1
4,732,-2.0,23,terminated,1,1,1,0,0,1,0
4,733,6.0,15,terminated,1,1,1,0,0,1,0
4,734,4.0,17,terminated,1,1,1,0,0,1,0
4,735,-4.0,25,terminated,1,3,2,1,0,1,1
4,736,-1.0,22,terminated,1,1,1,0,0,1,0
4,737,10.0,11,terminated,1,0,0,0,0,0,0
4,738,6.0,15,terminated,1,0,0,0,0,0,0
4,739,-4.0,25,terminated,1,1,1,0,0,1,0
4,740,1.0,20,terminated,1,1,1,0,0,1,0
4,741,3.0,18,terminated,1,1,1,0,0,1,0
4,742,-8.0,29,terminated,1,2,2,1,0,1,0
4,743,-5.0,26,terminated,1,2,2,1,0,1,0
4,744,-9.0,30,terminated,1,1,1,0,0,1,0
4,745,3.0,18,terminated,1,1,1,0,0,1,0
4,746,-23.0,23,terminated,1,1,1,1,0,0,0
4,747,2.0,19,terminated,1,1,1,0,0,1,0
4,748,-2.0,23,terminated,1,1,1,0,0,1,0
4,749,-2.0,23,terminated,1,2,1,0,0,1,1
4,750,2.0,19,terminated,1,1,1,0,0,1,0
4,751,2.0,19,terminated,1,1,1,0,0,1,0
4,752,-7.0,28,terminated,1,2,2,1,0,1,0
4,753,-13.0,34,terminated,1,3,2,1,0,1,1
4,754,7.0,14,terminated,1,1,1,0,0,1,0
4,755,0.0,21,terminated,1,1,1,0,0,1,0
4,756,-15.0,36,terminated,1,2,2,0,0,2,0
4,757,0.0,21,terminated,1,1,1,0,0,1,0
4,758,-7.0,28,terminated,1,2,2,0,0,2,0
4,759,-5.0,26,terminated,1,3,2,1,0,1,1
4,760,-9.0,30,terminated,1,2,2,1,0,1,0
4,761,-7.0,28,terminated,1,1,0,0,0,0,1
4,762,1.0,20,terminated,1,1,1,0,0,1,0
4,763,0.0,21,terminated,1,0,0,0,0,0,0
4,764,2.0,19,terminated,1,1,1,0,0,1,0
4,765,-4.0,25,terminated,1,1,1,0,0,1,0
4,766,-8.0,29,terminated,1,1,1,0,0,1,0
4,767,-8.0,29,terminated,1,1,1,0,0,1,0
4,768,5.0,16,terminated,1,1,1,0,0,1,0
4,769,8.0,13,terminated,1,0,0,0,0,0,0
4,770,-9.0,30,terminated,1,2,2,1,0,1,0
4,771,5.0,16,terminated,1,1,1,0,0,1,0
4,772,-7.0,28,terminated,1,2,2,0,0,2,0
4,773,-24.0,45,terminated,1,3,2,0,0,2,1
4,774,-50.0,50,truncated,0,3,2,0,0,2,1
4,775,7.0,14,terminated,1,0,0,0,0,0,0
4,776,2.0,19,terminated,1,1,1,0,0,1,0
4,777,8.0,13,terminated,1,0,0,0,0,0,0
4,778,-8.0,29,terminated,1,2,2,0,0,2,0
4,779,-6.0,27,terminated,1,0,0,0,0,0,0
4,780,-2.0,23,terminated,1,1,1,0,0,1,0
4,781,0.0,21,terminated,1,1,1,0,0,1,0
4,782,-1.0,22,terminated,1,1,1,0,0,1,0
4,783,-11.0,32,terminated,1,1,1,0,0,1,0
4,784,-8.0,29,terminated,1,2,2,0,0,2,0
4,785,7.0,14,terminated,1,0,0,0,0,0,0
4,786,-2.0,23,terminated,1,1,1,1,0,0,0
4,787,1.0,20,terminated,1,1,1,0,0,1,0
4,788,-9.0,30,terminated,1,2,2,1,0,1,0
4,789,7.0,14,terminated,1,1,1,0,0,1,0
4,790,-7.0,28,terminated,1,2,2,0,0,2,0
4,791,-2.0,23,terminated,1,1,1,0,0,1,0
4,792,7.0,14,terminated,1,1,1,1,0,0,0
4,793,3.0,18,terminated,1,1,1,1,0,0,0
4,794,-6.0,27,terminated,1,2,2,0,0,2,0
4,795,-6.0,27,terminated,1,2,2,0,0,2,0
4,796,-13.0,34,terminated,1,3,2,0,0,2,1
4,797,-4.0,25,terminated,1,1,1,0,0,1,0
4,798,-12.0,33,terminated,1,2,2,1,0,1,0
4,799,-4.0,25,terminated,1,1,1,0,0,1,0
4,800,2.0,19,terminated,1,1,1,0,0,1,0
4,801,7.0,14,terminated,1,0,0,0,0,0,0
4,802,5.0,16,terminated,1,1,1,0,0,1,0
4,803,-12.0,33,terminated,1,3,2,0,0,2,1
4,804,-7.0,28,terminated,1,2,2,1,0,1,0
4,805,-8.0,29,terminated,1,2,2,1,0,1,0
4,806,-12.0,33,terminated,1,1,1,0,0,1,0
4,807,-10.0,31,terminated,1,3,2,1,0,1,1
4,808,4.0,17,terminated,1,1,1,0,0,1,0
4,809,-1.0,22,terminated,1,1,1,0,0,1,0
4,810,3.0,18,terminated,1,1,1,0,0,1,0
4,811,3.0,18,terminated,1,0,0,0,0,0,0
4,812,-7.0,28,terminated,1,2,2,1,0,1,0
4,813,-6.0,27,terminated,1,1,1,0,0,1,0
4,814,3.0,18,terminated,1,1,1,0,0,1,0
4,815,-6.0,27,terminated,1,1,1,0,0,1,0
4,816,-18.0,39,terminated,1,2,2,1,0,1,0
4,817,-1.0,22,terminated,1,1,1,0,0,1,0
4,818,-7.0,28,terminated,1,1,1,0,0,1,0
4,819,2.0,19,terminated,1,1,1,0,0,1,0
4,820,7.0,14,terminated,1,0,0,0,0,0,0
4,821,0.0,21,terminated,1,1,1,1,0,0,0
4,822,9.0,12,terminated,1,0,0,0,0,0,0
4,823,-8.0,29,terminated,1,2,2,1,0,1,0
4,824,11.0,10,terminated,1,0,0,0,0,0,0
4,825,-9.0,30,terminated,1,2,2,0,0,2,0
4,826,-9.0,30,terminated,1,2,2,1,0,1,0
4,827,3.0,18,terminated,1,1,1,0,0,1,0
4,828,-1.0,22,terminated,1,1,1,0,0,1,0
4,829,3.0,18,terminated,1,1,1,0,0,1,0
4,830,-12.0,33,terminated,1,3,2,1,0,1,1
4,831,6.0,15,terminated,1,1,1,0,0,1,0
4,832,-5.0,26,terminated,1,1,1,0,0,1,0
4,833,2.0,19,terminated,1,1,1,1,0,0,0
4,834,-3.0,24,terminated,1,1,1,0,0,1,0
4,835,-20.0,20,terminated,1,1,1,0,0,1,0
4,836,-23.0,44,terminated,1,3,2,0,0,2,1
4,837,-3.0,24,terminated,1,1,1,0,0,1,0
4,838,-14.0,35,terminated,1,2,2,1,0,1,0
4,839,3.0,18,terminated,1,1,1,0,0,1,0
4,840,-5.0,26,terminated,1,1,1,0,0,1,0
4,841,5.0,16,terminated,1,1,1,0,0,1,0
4,842,-7.0,28,terminated,1,2,2,1,0,1,0
4,843,-9.0,30,terminated,1,3,2,0,0,2,1
4,844,-1.0,22,terminated,1,1,1,0,0,1,0
4,845,5.0,16,terminated,1,0,0,0,0,0,0
4,846,-16.0,16,terminated,1,0,0,0,0,0,0
4,847,1.0,20,terminated,1,1,1,0,0,1,0
4,848,-10.0,31,terminated,1,0,0,0,0,0,0
4,849,3.0,18,terminated,1,0,0,0,0,0,0
4,850,6.0,15,terminated,1,0,0,0,0,0,0
4,851,-1.0,22,terminated,1,1,1,0,0,1,0
4,852,3.0,18,terminated,1,1,1,0,0,1,0
4,853,-23.0,44,terminated,1,3,2,1,1,1,0
4,854,2.0,19,terminated,1,1,1,1,0,0,0
4,855,4.0,17,terminated,1,1,1,0,0,1,0
4,856,2.0,19,terminated,1,0,0,0,0,0,0
4,857,-1.0,22,terminated,1,1,1,0,0,1,0
4,858,-11.0,32,terminated,1,2,2,1,0,1,0
4,859,5.0,16,terminated,1,1,1,0,0,1,0
4,860,-7.0,28,terminated,1,1,1,0,0,1,0
4,861,0.0,21,terminated,1,1,1,0,0,1,0
4,862,7.0,14,terminated,1,0,0,0,0,0,0
4,863,-23.0,44,terminated,1,2,2,0,0,2,0
4,864,-22.0,43,terminated,1,4,3,1,0,2,1
4,865,5.0,16,terminated,1,1,1,1,0,0,0
4,866,-10.0,31,terminated,1,3,2,1,0,1,1
4,867,-3.0,24,terminated,1,2,2,0,0,2,0
4,868,1.0,20,terminated,1,1,1,0,0,1,0
4,869,-4.0,25,terminated,1,2,2,0,0,2,0
4,870,-10.0,31,terminated,1,2,2,1,0,1,0
4,871,-3.0,24,terminated,1,2,2,0,0,2,0
4,872,-4.0,25,terminated,1,1,1,0,0,1,0
4,873,8.0,13,terminated,1,0,0,0,0,0,0
4,874,0.0,21,terminated,1,1,1,0,0,1,0
4,875,-9.0,30,terminated,1,2,2,1,0,1,0
4,876,11.0,10,terminated,1,0,0,0,0,0,0
4,877,-5.0,26,terminated,1,1,1,0,0,1,0
4,878,4.0,17,terminated,1,1,1,0,0,1,0
4,879,2.0,19,terminated,1,1,1,0,0,1,0
4,880,-6.0,27,terminated,1,3,2,0,0,2,1
4,881,-9.0,30,terminated,1,2,2,1,0,1,0
4,882,-6.0,27,terminated,1,1,1,0,0,1,0
4,883,4.0,17,terminated,1,1,1,0,0,1,0
4,884,2.0,19,terminated,1,1,1,0,0,1,0
4,885,-10.0,31,terminated,1,1,1,0,0,1,0
4,886,-10.0,31,terminated,1,1,1,0,0,1,0
4,887,-2.0,23,terminated,1,1,1,0,0,1,0
4,888,-4.0,25,terminated,1,1,1,0,0,1,0
4,889,-8.0,29,terminated,1,2,2,1,0,1,0
4,890,0.0,21,terminated,1,1,1,0,0,1,0
4,891,11.0,10,terminated,1,0,0,0,0,0,0
4,892,3.0,18,terminated,1,1,1,0,0,1,0
4,893,-14.0,35,terminated,1,2,2,1,0,1,0
4,894,-17.0,38,terminated,1,4,3,0,0,3,1
4,895,-7.0,28,terminated,1,2,2,0,0,2,0
4,896,-6.0,27,terminated,1,2,2,1,0,1,0
4,897,-4.0,25,terminated,1,2,2,1,0,1,0
4,898,-5.0,26,terminated,1,1,1,0,0,1,0
4,899,-10.0,31,terminated,1,2,2,1,0,1,0
4,900,5.0,16,terminated,1,1,1,0,0,1,0
4,901,-1.0,22,terminated,1,1,1,0,0,1,0
4,902,-1.0,22,terminated,1,1,1,0,0,1,0
4,903,9.0,12,terminated,1,0,0,0,0,0,0
4,904,-6.0,27,terminated,1,0,0,0,0,0,0
4,905,1.0,20,terminated,1,1,1,0,0,1,0
4,906,-9.0,30,terminated,1,2,2,1,0,1,0
4,907,2.0,19,terminated,1,1,1,0,0,1,0
4,908,-2.0,23,terminated,1,1,1,0,0,1,0
4,909,6.0,15,terminated,1,1,1,0,0,1,0
4,910,-5.0,26,terminated,1,2,2,0,0,2,0
4,911,0.0,21,terminated,1,1,1,0,0,1,0
4,912,10.0,11,terminated,1,1,0,0,0,0,1
4,913,-3.0,24,terminated,1,1,1,0,0,1,0
4,914,0.0,21,terminated,1,1,1,0,0,1,0
4,915,-4.0,25,terminated,1,1,1,0,0,1,0
4,916,-7.0,28,terminated,1,1,1,0,0,1,0
4,917,2.0,19,terminated,1,2,1,0,0,1,1
4,918,-26.0,47,terminated,1,3,2,0,0,2,1
4,919,-13.0,34,terminated,1,2,2,0,0,2,0
4,920,-8.0,29,terminated,1,2,2,1,0,1,0
4,921,-1.0,22,terminated,1,1,1,0,0,1,0
4,922,-6.0,27,terminated,1,2,1,0,0,1,1
4,923,-1.0,22,terminated,1,1,1,0,0,1,0
4,924,4.0,17,terminated,1,1,1,0,0,1,0
4,925,11.0,10,terminated,1,0,0,0,0,0,0
4,926,-1.0,22,terminated,1,1,1,0,0,1,0
4,927,11.0,10,terminated,1,0,0,0,0,0,0
4,928,-5.0,26,terminated,1,1,1,0,0,1,0
4,929,-2.0,23,terminated,1,2,1,1,0,0,1
4,930,5.0,16,terminated,1,1,1,0,0,1,0
4,931,0.0,21,terminated,1,1,1,0,0,1,0
4,932,0.0,21,terminated,1,1,1,0,0,1,0
4,933,6.0,15,terminated,1,1,1,0,0,1,0
4,934,-10.0,31,terminated,1,1,1,0,0,1,0
4,935,-2.0,23,terminated,1,1,1,0,0,1,0
4,936,0.0,21,terminated,1,1,1,0,0,1,0
4,937,-11.0,32,terminated,1,3,2,0,0,2,1
4,938,8.0,13,terminated,1,0,0,0,0,0,0
4,939,4.0,17,terminated,1,1,1,0,0,1,0
4,940,-5.0,26,terminated,1,2,2,0,0,2,0
4,941,2.0,19,terminated,1,1,1,0,0,1,0
4,942,-2.0,23,terminated,1,1,1,1,0,0,0
4,943,8.0,13,terminated,1,0,0,0,0,0,0
4,944,2.0,19,terminated,1,1,1,0,0,1,0
4,945,2.0,19,terminated,1,1,1,0,0,1,0
4,946,4.0,17,terminated,1,1,1,0,0,1,0
4,947,2.0,19,terminated,1,1,1,0,0,1,0
4,948,5.0,16,terminated,1,0,0,0,0,0,0
4,949,3.0,18,terminated,1,1,1,1,0,0,0
4,950,-3.0,24,terminated,1,1,1,0,0,1,0
4,951,1.0,20,terminated,1,1,1,0,0,1,0
4,952,7.0,14,terminated,1,0,0,0,0,0,0
4,953,-5.0,26,terminated,1,2,2,0,0,2,0
4,954,-8.0,29,terminated,1,2,2,1,0,1,0
4,955,3.0,18,terminated,1,1,1,0,0,1,0
4,956,-4.0,25,terminated,1,2,2,1,0,1,0
4,957,0.0,21,terminated,1,1,1,0,0,1,0
4,958,-8.0,29,terminated,1,1,1,0,0,1,0
4,959,2.0,19,terminated,1,1,1,0,0,1,0
4,960,2.0,19,terminated,1,1,1,0,0,1,0
4,961,2.0,19,terminated,1,1,1,0,0,1,0
4,962,-4.0,25,terminated,1,1,1,0,0,1,0
4,963,-1.0,22,terminated,1,1,1,0,0,1,0
4,964,5.0,16,terminated,1,0,0,0,0,0,0
4,965,-5.0,26,terminated,1,0,0,0,0,0,0
4,966,8.0,13,terminated,1,0,0,0,0,0,0
4,967,-5.0,26,terminated,1,2,2,0,0,2,0
4,968,7.0,14,terminated,1,1,1,1,0,0,0
4,969,0.0,21,terminated,1,1,1,1,0,0,0
4,970,-35.0,35,terminated,1,3,2,0,0,2,1
4,971,-1.0,22,terminated,1,1,1,0,0,1,0
4,972,-11.0,32,terminated,1,2,2,1,0,1,0
4,973,1.0,20,terminated,1,2,1,0,0,1,1
4,974,-3.0,24,terminated,1,1,1,0,0,1,0
4,975,2.0,19,terminated,1,1,1,0,0,1,0
4,976,2.0,19,terminated,1,1,1,0,0,1,0
4,977,3.0,18,terminated,1,1,1,0,0,1,0
4,978,-2.0,23,terminated,1,2,1,0,0,1,1
4,979,8.0,13,terminated,1,0,0,0,0,0,0
4,980,1.0,20,terminated,1,1,1,0,0,1,0
4,981,-16.0,16,terminated,1,1,1,0,0,1,0
4,982,3.0,18,terminated,1,1,1,0,0,1,0
4,983,13.0,8,terminated,1,0,0,0,0,0,0
4,984,5.0,16,terminated,1,1,1,0,0,1,0
4,985,0.0,21,terminated,1,1,1,0,0,1,0
4,986,0.0,21,terminated,1,1,1,0,0,1,0
4,987,-2.0,23,terminated,1,1,1,0,0,1,0
4,988,1.0,20,terminated,1,1,1,0,0,1,0
4,989,4.0,17,terminated,1,1,1,0,0,1,0
4,990,-11.0,32,terminated,1,2,2,0,0,2,0
4,991,-4.0,25,terminated,1,1,1,0,0,1,0
4,992,2.0,19,terminated,1,1,1,0,0,1,0
4,993,3.0,18,terminated,1,1,1,0,0,1,0
4,994,1.0,20,terminated,1,1,1,0,0,1,0
4,995,-4.0,25,terminated,1,2,2,1,0,1,0
4,996,0.0,21,terminated,1,2,1,1,0,0,1
4,997,-9.0,30,terminated,1,1,1,0,0,1,0
4,998,11.0,10,terminated,1,0,0,0,0,0,0
4,999,-2.0,23,terminated,1,1,1,0,0,1,0
